binary,name,va,size,type,bind,shndx
SLUS_204.69,gcc2_compiled.,0xa00000,0,NOTYPE,LOCAL,1
SLUS_204.69,__gnu_compiled_c,0xa00000,0,NOTYPE,LOCAL,1
SLUS_204.69,device_check_sync,0xa00000,64,FUNC,LOCAL,1
SLUS_204.69,carddata.0,0xa0f680,16,OBJECT,LOCAL,1
SLUS_204.69,hdd_check,0xa00040,704,FUNC,LOCAL,1
SLUS_204.69,mc_check,0xa00300,872,FUNC,LOCAL,1
SLUS_204.69,TestEnv.1,0xa0f690,144,OBJECT,LOCAL,1
SLUS_204.69,ipuplay,0xa006c8,304,FUNC,LOCAL,1
SLUS_204.69,gcc2_compiled.,0xa00850,0,NOTYPE,LOCAL,1
SLUS_204.69,__gnu_compiled_c,0xa00850,0,NOTYPE,LOCAL,1
SLUS_204.69,gcc2_compiled.,0xa00858,0,NOTYPE,LOCAL,1
SLUS_204.69,__gnu_compiled_c,0xa00858,0,NOTYPE,LOCAL,1
SLUS_204.69,TitleMenuSelect,0xa0f720,1,OBJECT,LOCAL,1
SLUS_204.69,copyframe,0xa00858,296,FUNC,LOCAL,1
SLUS_204.69,build_mipmap,0xa00980,916,FUNC,LOCAL,1
SLUS_204.69,particle_reset,0xa00d18,256,FUNC,LOCAL,1
SLUS_204.69,TestEnv.0,0xa0f780,96,OBJECT,LOCAL,1
SLUS_204.69,TransEnv.1,0xa0f7e0,32,OBJECT,LOCAL,1
SLUS_204.69,FlushEnv.2,0xa0f800,48,OBJECT,LOCAL,1
SLUS_204.69,TestEnv.3,0xa0f830,176,OBJECT,LOCAL,1
SLUS_204.69,image.4,0xa0f8e0,288,OBJECT,LOCAL,1
SLUS_204.69,FlushEnv.5,0xa0fa00,48,OBJECT,LOCAL,1
SLUS_204.69,TestEnvOrg.6,0xa0fa30,112,OBJECT,LOCAL,1
SLUS_204.69,x.7,0xa0faa0,4,OBJECT,LOCAL,1
SLUS_204.69,y.8,0xa0faa4,4,OBJECT,LOCAL,1
SLUS_204.69,TestEnv.9,0xa0fab0,400,OBJECT,LOCAL,1
SLUS_204.69,TestEnv.10,0xa0fc40,96,OBJECT,LOCAL,1
SLUS_204.69,TestEnv.11,0xa0fca0,208,OBJECT,LOCAL,1
SLUS_204.69,TestEnv.12,0xa0fd70,160,OBJECT,LOCAL,1
SLUS_204.69,gcc2_compiled.,0xa017a0,0,NOTYPE,LOCAL,1
SLUS_204.69,__gnu_compiled_c,0xa017a0,0,NOTYPE,LOCAL,1
SLUS_204.69,gcc2_compiled.,0xa017f0,0,NOTYPE,LOCAL,1
SLUS_204.69,__gnu_compiled_c,0xa017f0,0,NOTYPE,LOCAL,1
SLUS_204.69,TestEnv.0,0xa0fe10,96,OBJECT,LOCAL,1
SLUS_204.69,TransEnv.1,0xa0fe70,32,OBJECT,LOCAL,1
SLUS_204.69,FlushEnv.2,0xa0fe90,48,OBJECT,LOCAL,1
SLUS_204.69,HddInstallSync,0xa017f0,312,FUNC,LOCAL,1
SLUS_204.69,HddInstallParam,0xa13658,0,NOTYPE,LOCAL,1
SLUS_204.69,count.3,0xa13654,0,NOTYPE,LOCAL,1
SLUS_204.69,anim.4,0xa0fec0,4,OBJECT,LOCAL,1
SLUS_204.69,sztmp.5,0xa0fec8,3,OBJECT,LOCAL,1
SLUS_204.69,sztmp.6,0xa0fed0,6,OBJECT,LOCAL,1
SLUS_204.69,HddInstallCB,0xa01928,1104,FUNC,LOCAL,1
SLUS_204.69,TitleHddInstallSubInstall,0xa01d78,520,FUNC,LOCAL,1
SLUS_204.69,TitleHddInstallSubUninstall,0xa01f80,456,FUNC,LOCAL,1
SLUS_204.69,mes.7,0xa0fed8,12,OBJECT,LOCAL,1
SLUS_204.69,gcc2_compiled.,0xa023a8,0,NOTYPE,LOCAL,1
SLUS_204.69,__gnu_compiled_c,0xa023a8,0,NOTYPE,LOCAL,1
SLUS_204.69,UmnFirstLoad,0xa02530,132,FUNC,LOCAL,1
SLUS_204.69,UmnInit,0xa025b8,444,FUNC,LOCAL,1
SLUS_204.69,gcc2_compiled.,0xa02d68,0,NOTYPE,LOCAL,1
SLUS_204.69,__gnu_compiled_c,0xa02d68,0,NOTYPE,LOCAL,1
SLUS_204.69,DrawUmnInterface2,0xa03148,540,FUNC,LOCAL,1
SLUS_204.69,gcc2_compiled.,0xa03450,0,NOTYPE,LOCAL,1
SLUS_204.69,__gnu_compiled_c,0xa03450,0,NOTYPE,LOCAL,1
SLUS_204.69,moji00.0,0xa104a8,16,OBJECT,LOCAL,1
SLUS_204.69,moji01.1,0xa104b8,16,OBJECT,LOCAL,1
SLUS_204.69,gcc2_compiled.,0xa04170,0,NOTYPE,LOCAL,1
SLUS_204.69,__gnu_compiled_c,0xa04170,0,NOTYPE,LOCAL,1
SLUS_204.69,LocalLightSet,0xa047c8,248,FUNC,LOCAL,1
SLUS_204.69,Rotation,0xa04de0,160,FUNC,LOCAL,1
SLUS_204.69,gcc2_compiled.,0xa05738,0,NOTYPE,LOCAL,1
SLUS_204.69,__gnu_compiled_c,0xa05738,0,NOTYPE,LOCAL,1
SLUS_204.69,msg00.0,0xa10618,20,OBJECT,LOCAL,1
SLUS_204.69,sikaku.1,0xa10630,16,OBJECT,LOCAL,1
SLUS_204.69,text.2,0xa10640,9,OBJECT,LOCAL,1
SLUS_204.69,text.3,0xa10650,8,OBJECT,LOCAL,1
SLUS_204.69,text2.4,0xa10658,16,OBJECT,LOCAL,1
SLUS_204.69,text.5,0xa10668,12,OBJECT,LOCAL,1
SLUS_204.69,SisoSiso.6,0xa08700,156,FUNC,LOCAL,1
SLUS_204.69,gcc2_compiled.,0xa097d8,0,NOTYPE,LOCAL,1
SLUS_204.69,__gnu_compiled_c,0xa097d8,0,NOTYPE,LOCAL,1
SLUS_204.69,msg00.0,0xa106f8,4,OBJECT,LOCAL,1
SLUS_204.69,msg00.1,0xa10700,12,OBJECT,LOCAL,1
SLUS_204.69,text2.2,0xa10710,12,OBJECT,LOCAL,1
SLUS_204.69,text.3,0xa10720,20,OBJECT,LOCAL,1
SLUS_204.69,msg00.4,0xa10738,16,OBJECT,LOCAL,1
SLUS_204.69,gcc2_compiled.,0xa0baf8,0,NOTYPE,LOCAL,1
SLUS_204.69,__gnu_compiled_c,0xa0baf8,0,NOTYPE,LOCAL,1
SLUS_204.69,ListText,0xa10848,28,OBJECT,LOCAL,1
SLUS_204.69,UmnSimulationScriptNoTbl,0xa10868,28,OBJECT,LOCAL,1
SLUS_204.69,msg00.0,0xa10888,4,OBJECT,LOCAL,1
SLUS_204.69,gcc2_compiled.,0xa0c488,0,NOTYPE,LOCAL,1
SLUS_204.69,__gnu_compiled_c,0xa0c488,0,NOTYPE,LOCAL,1
SLUS_204.69,mark,0xa0c488,60,FUNC,LOCAL,1
SLUS_204.69,tail,0xa0c4c8,36,FUNC,LOCAL,1
SLUS_204.69,name.0,0xa10890,18,OBJECT,LOCAL,1
SLUS_204.69,tyaUmlDispLoad,0xa0c4f0,1348,FUNC,LOCAL,1
SLUS_204.69,buffer,0xa13660,0,NOTYPE,LOCAL,1
SLUS_204.69,TestEnv.1,0xa108b0,96,OBJECT,LOCAL,1
SLUS_204.69,texture_trans,0xa0ca38,160,FUNC,LOCAL,1
SLUS_204.69,TestEnv.2,0xa10910,112,OBJECT,LOCAL,1
SLUS_204.69,InitEnv.3,0xa10980,32,OBJECT,LOCAL,1
SLUS_204.69,TestEnv.4,0xa109a0,96,OBJECT,LOCAL,1
SLUS_204.69,TestEnv.5,0xa10a00,64,OBJECT,LOCAL,1
SLUS_204.69,TestEnv.6,0xa10a40,112,OBJECT,LOCAL,1
SLUS_204.69,tyaUmlDispType3Sub0,0xa0cad8,1048,FUNC,LOCAL,1
SLUS_204.69,tyaUmlDispType3Sub1,0xa0cef0,108,FUNC,LOCAL,1
SLUS_204.69,tyaUmlDispType3,0xa0cf60,212,FUNC,LOCAL,1
SLUS_204.69,find_text,0xa0d0c8,92,FUNC,LOCAL,1
SLUS_204.69,get_fileno,0xa0d128,120,FUNC,LOCAL,1
SLUS_204.69,tbl,0xa138e8,0,NOTYPE,LOCAL,1
SLUS_204.69,get_indexno,0xa0d1a0,116,FUNC,LOCAL,1
SLUS_204.69,base_tbl,0xa13668,0,NOTYPE,LOCAL,1
SLUS_204.69,get_selectno,0xa0d218,116,FUNC,LOCAL,1
SLUS_204.69,dbfileno_load,0xa0d290,300,FUNC,LOCAL,1
SLUS_204.69,dbheader_load,0xa0d3c0,544,FUNC,LOCAL,1
SLUS_204.69,idx.7,0xa10ab0,4,OBJECT,LOCAL,1
SLUS_204.69,msg.8,0xa10ab8,5,OBJECT,LOCAL,1
SLUS_204.69,disp_index,0xa0d5e0,292,FUNC,LOCAL,1
SLUS_204.69,gcc2_compiled.,0xa0de20,0,NOTYPE,LOCAL,1
SLUS_204.69,__gnu_compiled_c,0xa0de20,0,NOTYPE,LOCAL,1
SLUS_204.69,msg00.0,0xa10c40,4,OBJECT,LOCAL,1
SLUS_204.69,msg00.1,0xa10c48,5,OBJECT,LOCAL,1
SLUS_204.69,gcc2_compiled.,0xa0e938,0,NOTYPE,LOCAL,1
SLUS_204.69,__gnu_compiled_c,0xa0e938,0,NOTYPE,LOCAL,1
SLUS_204.69,umn_attach_tbl,0xa10c60,69,OBJECT,LOCAL,1
SLUS_204.69,event_tbl,0xa10ca8,18,OBJECT,LOCAL,1
SLUS_204.69,event_end_mail,0xa10cc0,2,OBJECT,LOCAL,1
SLUS_204.69,kosmos_special_tbl,0xa10cc8,16,OBJECT,LOCAL,1
SLUS_204.69,f_name.0,0xa10cd8,26,OBJECT,LOCAL,1
SLUS_204.69,compulsion_down_load_tbl,0xa10cf8,13,OBJECT,LOCAL,1
SLUS_204.69,zerobss,0x200008,0,NOTYPE,LOCAL,2
SLUS_204.69,_args,0x4dc880,0,NOTYPE,LOCAL,14
SLUS_204.69,_root,0x2000c0,8,FUNC,LOCAL,2
SLUS_204.69,gcc2_compiled.,0x2009a0,0,NOTYPE,LOCAL,2
SLUS_204.69,__gnu_compiled_c,0x2009a0,0,NOTYPE,LOCAL,2
SLUS_204.69,ttyinit,0x4aab30,4,OBJECT,LOCAL,5
SLUS_204.69,heap_ptr.30,0x4aab34,4,OBJECT,LOCAL,5
SLUS_204.69,gcc2_compiled.,0x200d70,0,NOTYPE,LOCAL,2
SLUS_204.69,__gnu_compiled_c,0x200d70,0,NOTYPE,LOCAL,2
SLUS_204.69,gcc2_compiled.,0x200ff0,0,NOTYPE,LOCAL,2
SLUS_204.69,__gnu_compiled_c,0x200ff0,0,NOTYPE,LOCAL,2
SLUS_204.69,srcfile,0x4aab38,1856,OBJECT,LOCAL,5
SLUS_204.69,eenull,0x4ab278,40,OBJECT,LOCAL,5
SLUS_204.69,setup,0x201210,16,FUNC,LOCAL,2
SLUS_204.69,Copy,0x201220,16,FUNC,LOCAL,2
SLUS_204.69,kCopy,0x201230,56,FUNC,LOCAL,2
SLUS_204.69,SysEntry,0x4ab2a0,64,OBJECT,LOCAL,5
SLUS_204.69,GetEntryAddress,0x201268,16,FUNC,LOCAL,2
SLUS_204.69,gcc2_compiled.,0x201350,0,NOTYPE,LOCAL,2
SLUS_204.69,__gnu_compiled_c,0x201350,0,NOTYPE,LOCAL,2
SLUS_204.69,topId,0x4ab2e0,4,OBJECT,LOCAL,5
SLUS_204.69,topThread,0x201350,216,FUNC,LOCAL,2
SLUS_204.69,topSema,0x994ef0,0,NOTYPE,LOCAL,14
SLUS_204.69,stack.6,0x994af0,0,NOTYPE,LOCAL,14
SLUS_204.69,topArg,0x994ef8,0,NOTYPE,LOCAL,14
SLUS_204.69,gcc2_compiled.,0x2016b0,0,NOTYPE,LOCAL,2
SLUS_204.69,__gnu_compiled_c,0x2016b0,0,NOTYPE,LOCAL,2
SLUS_204.69,userarea,0x996970,0,NOTYPE,LOCAL,14
SLUS_204.69,gcc2_compiled.,0x201890,0,NOTYPE,LOCAL,2
SLUS_204.69,__gnu_compiled_c,0x201890,0,NOTYPE,LOCAL,2
SLUS_204.69,q.3,0x995300,0,NOTYPE,LOCAL,14
SLUS_204.69,QueueInit,0x201890,36,FUNC,LOCAL,2
SLUS_204.69,QueuePeekWriteDone,0x2018b8,60,FUNC,LOCAL,2
SLUS_204.69,QueuePeekReadDone,0x2018f8,60,FUNC,LOCAL,2
SLUS_204.69,sceTtyHandler,0x201938,404,FUNC,LOCAL,2
SLUS_204.69,tinfo,0x995410,0,NOTYPE,LOCAL,14
SLUS_204.69,wbuf,0x995440,0,NOTYPE,LOCAL,14
SLUS_204.69,rbuf,0x995580,0,NOTYPE,LOCAL,14
SLUS_204.69,gcc2_compiled.,0x201db0,0,NOTYPE,LOCAL,2
SLUS_204.69,__gnu_compiled_c,0x201db0,0,NOTYPE,LOCAL,2
SLUS_204.69,count,0x4ab2e4,4,OBJECT,LOCAL,5
SLUS_204.69,kputchar,0x201db0,56,FUNC,LOCAL,2
SLUS_204.69,deci2Putchar,0x201de8,176,FUNC,LOCAL,2
SLUS_204.69,linebuf,0x9956c0,0,NOTYPE,LOCAL,14
SLUS_204.69,serialPutchar,0x201e98,52,FUNC,LOCAL,2
SLUS_204.69,_putchar,0x4ab2e8,4,OBJECT,LOCAL,5
SLUS_204.69,ftoi,0x201ed0,144,FUNC,LOCAL,2
SLUS_204.69,printfloat,0x201f60,360,FUNC,LOCAL,2
SLUS_204.69,gcc2_compiled.,0x202728,0,NOTYPE,LOCAL,2
SLUS_204.69,__gnu_compiled_c,0x202728,0,NOTYPE,LOCAL,2
SLUS_204.69,_cmd_init_check,0x4aa2b0,4,OBJECT,LOCAL,5
SLUS_204.69,_set_sreg,0x202728,28,FUNC,LOCAL,2
SLUS_204.69,_change_addr,0x202748,12,FUNC,LOCAL,2
SLUS_204.69,soft_reg,0x991a00,0,NOTYPE,LOCAL,14
SLUS_204.69,_data_table,0x9918d8,0,NOTYPE,LOCAL,14
SLUS_204.69,_pckt_buffer,0x991800,0,NOTYPE,LOCAL,14
SLUS_204.69,_send_buffer,0x991880,0,NOTYPE,LOCAL,14
SLUS_204.69,_sys_buffer,0x991900,0,NOTYPE,LOCAL,14
SLUS_204.69,_csdata,0x9918c0,0,NOTYPE,LOCAL,14
SLUS_204.69,_sceSifCmdIntrHdlr,0x202c98,296,FUNC,LOCAL,2
SLUS_204.69,sif0_handleid,0x9918d4,0,NOTYPE,LOCAL,14
SLUS_204.69,_sceSifSendCmd,0x202ae0,308,FUNC,LOCAL,2
SLUS_204.69,last,0x202e64,0,NOTYPE,LOCAL,2
SLUS_204.69,eight,0x202e10,0,NOTYPE,LOCAL,2
SLUS_204.69,loop1,0x202df4,0,NOTYPE,LOCAL,2
SLUS_204.69,loop8,0x202e14,0,NOTYPE,LOCAL,2
SLUS_204.69,gcc2_compiled.,0x202e70,0,NOTYPE,LOCAL,2
SLUS_204.69,__gnu_compiled_c,0x202e70,0,NOTYPE,LOCAL,2
SLUS_204.69,_sceSifInitCheck,0x4aa2b4,4,OBJECT,LOCAL,5
SLUS_204.69,_packet_buffer,0x991a80,0,NOTYPE,LOCAL,14
SLUS_204.69,_data_table,0x993280,0,NOTYPE,LOCAL,14
SLUS_204.69,_free_buffer,0x992280,0,NOTYPE,LOCAL,14
SLUS_204.69,_free_buffer2,0x992a80,0,NOTYPE,LOCAL,14
SLUS_204.69,_request_end,0x203170,180,FUNC,LOCAL,2
SLUS_204.69,_request_bind,0x203430,176,FUNC,LOCAL,2
SLUS_204.69,_request_call,0x203620,140,FUNC,LOCAL,2
SLUS_204.69,_request_rdata,0x203228,96,FUNC,LOCAL,2
SLUS_204.69,_sceRpcGetPacket,0x203038,168,FUNC,LOCAL,2
SLUS_204.69,_sceRpcFreePacket,0x2030e0,28,FUNC,LOCAL,2
SLUS_204.69,_sceRpcGetFPacket,0x203100,48,FUNC,LOCAL,2
SLUS_204.69,_sceRpcGetFPacket2,0x203130,64,FUNC,LOCAL,2
SLUS_204.69,_search_svdata,0x2033e0,76,FUNC,LOCAL,2
SLUS_204.69,gcc2_compiled.,0x203dd0,0,NOTYPE,LOCAL,2
SLUS_204.69,__gnu_compiled_c,0x203dd0,0,NOTYPE,LOCAL,2
SLUS_204.69,_fs_init,0x4aa338,4,OBJECT,LOCAL,5
SLUS_204.69,_fs_semid,0x4aa33c,4,OBJECT,LOCAL,5
SLUS_204.69,_fs_iob_semid,0x4aa340,4,OBJECT,LOCAL,5
SLUS_204.69,_fs_fsq_semid,0x4aa344,4,OBJECT,LOCAL,5
SLUS_204.69,_sceFsIobSemaMK,0x203dd0,92,FUNC,LOCAL,2
SLUS_204.69,new_iob,0x203e30,136,FUNC,LOCAL,2
SLUS_204.69,_iob,0x9943c0,0,NOTYPE,LOCAL,14
SLUS_204.69,get_iob,0x203eb8,108,FUNC,LOCAL,2
SLUS_204.69,_sceFs_Rcv_Intr,0x203f28,960,FUNC,LOCAL,2
SLUS_204.69,_rcv_data_cmd,0x993f80,0,NOTYPE,LOCAL,14
SLUS_204.69,_sceFsSemInit,0x2042e8,76,FUNC,LOCAL,2
SLUS_204.69,_sceFsWaitS,0x204338,44,FUNC,LOCAL,2
SLUS_204.69,_sceFsSigSema,0x204368,12,FUNC,LOCAL,2
SLUS_204.69,_sif_FsPoff_Data,0x994640,0,NOTYPE,LOCAL,14
SLUS_204.69,_sceFs_Poff_Intr,0x204408,44,FUNC,LOCAL,2
SLUS_204.69,rcv_adr.30,0x9932c0,0,NOTYPE,LOCAL,14
SLUS_204.69,_sif_FsRcv_Data,0x994600,0,NOTYPE,LOCAL,14
SLUS_204.69,_cd,0x9945c0,0,NOTYPE,LOCAL,14
SLUS_204.69,_rcv_data_rpc,0x993f40,0,NOTYPE,LOCAL,14
SLUS_204.69,_fsversion,0x9945e8,0,NOTYPE,LOCAL,14
SLUS_204.69,_fswildcard,0x4aa348,4,OBJECT,LOCAL,5
SLUS_204.69,_fs_version,0x204600,140,FUNC,LOCAL,2
SLUS_204.69,_send_data,0x993300,0,NOTYPE,LOCAL,14
SLUS_204.69,ip0.55,0x9932c4,0,NOTYPE,LOCAL,14
SLUS_204.69,_sceCallCode,0x205768,420,FUNC,LOCAL,2
SLUS_204.69,gcc2_compiled.,0x207468,0,NOTYPE,LOCAL,2
SLUS_204.69,__gnu_compiled_c,0x207468,0,NOTYPE,LOCAL,2
SLUS_204.69,_bind,0x4aa34c,4,OBJECT,LOCAL,5
SLUS_204.69,cd,0x994680,0,NOTYPE,LOCAL,14
SLUS_204.69,sdata,0x994700,0,NOTYPE,LOCAL,14
SLUS_204.69,rdata,0x9946c0,0,NOTYPE,LOCAL,14
SLUS_204.69,_lih_data,0x994740,0,NOTYPE,LOCAL,14
SLUS_204.69,gcc2_compiled.,0x207768,0,NOTYPE,LOCAL,2
SLUS_204.69,__gnu_compiled_c,0x207768,0,NOTYPE,LOCAL,2
SLUS_204.69,_bind_check,0x4aa350,4,OBJECT,LOCAL,5
SLUS_204.69,_lf_bind,0x207768,256,FUNC,LOCAL,2
SLUS_204.69,cd,0x994a40,0,NOTYPE,LOCAL,14
SLUS_204.69,_senddata,0x994840,0,NOTYPE,LOCAL,14
SLUS_204.69,_lfversion,0x994a68,0,NOTYPE,LOCAL,14
SLUS_204.69,_lfwildcard,0x4aa354,4,OBJECT,LOCAL,5
SLUS_204.69,_lf_version,0x207868,140,FUNC,LOCAL,2
SLUS_204.69,_sceSifLoadModuleBuffer,0x207930,520,FUNC,LOCAL,2
SLUS_204.69,_sceSifLoadModule,0x207f40,548,FUNC,LOCAL,2
SLUS_204.69,_sceSifLoadElfPart,0x2081a8,260,FUNC,LOCAL,2
SLUS_204.69,gcc2_compiled.,0x2084c8,0,NOTYPE,LOCAL,2
SLUS_204.69,__gnu_compiled_c,0x2084c8,0,NOTYPE,LOCAL,2
SLUS_204.69,rdata,0x994a80,0,NOTYPE,LOCAL,14
SLUS_204.69,gcc2_compiled.,0x208778,0,NOTYPE,LOCAL,2
SLUS_204.69,__gnu_compiled_c,0x208778,0,NOTYPE,LOCAL,2
SLUS_204.69,tlbsrc,0x4ab2f0,808,OBJECT,LOCAL,5
SLUS_204.69,Copy,0x208860,16,FUNC,LOCAL,2
SLUS_204.69,kCopy,0x208870,56,FUNC,LOCAL,2
SLUS_204.69,SysEntry,0x4ab660,64,OBJECT,LOCAL,5
SLUS_204.69,GetEntryAddress,0x2088a8,16,FUNC,LOCAL,2
SLUS_204.69,setup,0x2088b8,16,FUNC,LOCAL,2
SLUS_204.69,_SetTLBEntry,0x2089a0,16,FUNC,LOCAL,2
SLUS_204.69,kernelTLB,0x4ab6a0,208,OBJECT,LOCAL,5
SLUS_204.69,defaultTLB,0x4ab770,288,OBJECT,LOCAL,5
SLUS_204.69,extendTLB,0x4ab890,128,OBJECT,LOCAL,5
SLUS_204.69,InitTLB32MB,0x208a80,500,FUNC,LOCAL,2
SLUS_204.69,EEREG,0x996740,0,NOTYPE,LOCAL,14
SLUS_204.69,EERH0,0x996940,0,NOTYPE,LOCAL,14
SLUS_204.69,EERH1,0x996948,0,NOTYPE,LOCAL,14
SLUS_204.69,EERL0,0x996950,0,NOTYPE,LOCAL,14
SLUS_204.69,EERL1,0x996958,0,NOTYPE,LOCAL,14
SLUS_204.69,EERSA,0x996960,0,NOTYPE,LOCAL,14
SLUS_204.69,EEEPC,0x996968,0,NOTYPE,LOCAL,14
SLUS_204.69,hstack,0x996740,0,NOTYPE,LOCAL,14
SLUS_204.69,EER00,0x996740,0,NOTYPE,LOCAL,14
SLUS_204.69,EERAT,0x996750,0,NOTYPE,LOCAL,14
SLUS_204.69,EERV0,0x996760,0,NOTYPE,LOCAL,14
SLUS_204.69,EERV1,0x996770,0,NOTYPE,LOCAL,14
SLUS_204.69,EER04,0x996780,0,NOTYPE,LOCAL,14
SLUS_204.69,EER05,0x996790,0,NOTYPE,LOCAL,14
SLUS_204.69,EER06,0x9967a0,0,NOTYPE,LOCAL,14
SLUS_204.69,EER07,0x9967b0,0,NOTYPE,LOCAL,14
SLUS_204.69,EER08,0x9967c0,0,NOTYPE,LOCAL,14
SLUS_204.69,EER09,0x9967d0,0,NOTYPE,LOCAL,14
SLUS_204.69,EER10,0x9967e0,0,NOTYPE,LOCAL,14
SLUS_204.69,EER11,0x9967f0,0,NOTYPE,LOCAL,14
SLUS_204.69,EER12,0x996800,0,NOTYPE,LOCAL,14
SLUS_204.69,EER13,0x996810,0,NOTYPE,LOCAL,14
SLUS_204.69,EER14,0x996820,0,NOTYPE,LOCAL,14
SLUS_204.69,EER15,0x996830,0,NOTYPE,LOCAL,14
SLUS_204.69,EER16,0x996840,0,NOTYPE,LOCAL,14
SLUS_204.69,EER17,0x996850,0,NOTYPE,LOCAL,14
SLUS_204.69,EER18,0x996860,0,NOTYPE,LOCAL,14
SLUS_204.69,EER19,0x996870,0,NOTYPE,LOCAL,14
SLUS_204.69,EER20,0x996880,0,NOTYPE,LOCAL,14
SLUS_204.69,EER21,0x996890,0,NOTYPE,LOCAL,14
SLUS_204.69,EER22,0x9968a0,0,NOTYPE,LOCAL,14
SLUS_204.69,EER23,0x9968b0,0,NOTYPE,LOCAL,14
SLUS_204.69,EER24,0x9968c0,0,NOTYPE,LOCAL,14
SLUS_204.69,EER25,0x9968d0,0,NOTYPE,LOCAL,14
SLUS_204.69,EER26,0x9968e0,0,NOTYPE,LOCAL,14
SLUS_204.69,EER27,0x9968f0,0,NOTYPE,LOCAL,14
SLUS_204.69,EERGP,0x996900,0,NOTYPE,LOCAL,14
SLUS_204.69,EERSP,0x996910,0,NOTYPE,LOCAL,14
SLUS_204.69,EERFP,0x996920,0,NOTYPE,LOCAL,14
SLUS_204.69,EERRA,0x996930,0,NOTYPE,LOCAL,14
SLUS_204.69,gcc2_compiled.,0x208fe0,0,NOTYPE,LOCAL,2
SLUS_204.69,__gnu_compiled_c,0x208fe0,0,NOTYPE,LOCAL,2
SLUS_204.69,gcc2_compiled.,0x209040,0,NOTYPE,LOCAL,2
SLUS_204.69,__gnu_compiled_c,0x209040,0,NOTYPE,LOCAL,2
SLUS_204.69,supplement_crt0,0x209040,72,FUNC,LOCAL,2
SLUS_204.69,kFindAddress,0x209088,52,FUNC,LOCAL,2
SLUS_204.69,SysEntry,0x4aa358,12,OBJECT,LOCAL,5
SLUS_204.69,FindAddress,0x2090c0,16,FUNC,LOCAL,2
SLUS_204.69,GetSystemCallTableEntry,0x2090d0,60,FUNC,LOCAL,2
SLUS_204.69,setup,0x209110,16,FUNC,LOCAL,2
SLUS_204.69,gcc2_compiled.,0x209180,0,NOTYPE,LOCAL,2
SLUS_204.69,__gnu_compiled_c,0x209180,0,NOTYPE,LOCAL,2
SLUS_204.69,osdsrc,0x4aa370,1960,OBJECT,LOCAL,5
SLUS_204.69,setup,0x209180,16,FUNC,LOCAL,2
SLUS_204.69,Copy,0x209190,16,FUNC,LOCAL,2
SLUS_204.69,kCopy,0x2091a0,56,FUNC,LOCAL,2
SLUS_204.69,GetEntryAddress,0x2091d8,16,FUNC,LOCAL,2
SLUS_204.69,PatchIsNeeded,0x2091e8,104,FUNC,LOCAL,2
SLUS_204.69,gcc2_compiled.,0x209300,0,NOTYPE,LOCAL,2
SLUS_204.69,__gnu_compiled_c,0x209300,0,NOTYPE,LOCAL,2
SLUS_204.69,TerminateLibrary,0x209300,8,FUNC,LOCAL,2
SLUS_204.69,gcc2_compiled.,0x209410,0,NOTYPE,LOCAL,2
SLUS_204.69,__gnu_compiled_c,0x209410,0,NOTYPE,LOCAL,2
SLUS_204.69,__ps2_libinfo__,0x4ab930,16,OBJECT,LOCAL,5
SLUS_204.69,gp.6,0x4ab940,16,OBJECT,LOCAL,5
SLUS_204.69,gcc2_compiled.,0x2095b0,0,NOTYPE,LOCAL,2
SLUS_204.69,__gnu_compiled_c,0x2095b0,0,NOTYPE,LOCAL,2
SLUS_204.69,init_vif_regs.3,0x4ab950,32,OBJECT,LOCAL,5
SLUS_204.69,gcc2_compiled.,0x209618,0,NOTYPE,LOCAL,2
SLUS_204.69,__gnu_compiled_c,0x209618,0,NOTYPE,LOCAL,2
SLUS_204.69,gcc2_compiled.,0x209888,0,NOTYPE,LOCAL,2
SLUS_204.69,__gnu_compiled_c,0x209888,0,NOTYPE,LOCAL,2
SLUS_204.69,gcc2_compiled.,0x209948,0,NOTYPE,LOCAL,2
SLUS_204.69,__gnu_compiled_c,0x209948,0,NOTYPE,LOCAL,2
SLUS_204.69,gcc2_compiled.,0x209a10,0,NOTYPE,LOCAL,2
SLUS_204.69,__gnu_compiled_c,0x209a10,0,NOTYPE,LOCAL,2
SLUS_204.69,gcc2_compiled.,0x209bf8,0,NOTYPE,LOCAL,2
SLUS_204.69,__gnu_compiled_c,0x209bf8,0,NOTYPE,LOCAL,2
SLUS_204.69,gcc2_compiled.,0x209ce0,0,NOTYPE,LOCAL,2
SLUS_204.69,__gnu_compiled_c,0x209ce0,0,NOTYPE,LOCAL,2
SLUS_204.69,gcc2_compiled.,0x209d78,0,NOTYPE,LOCAL,2
SLUS_204.69,__gnu_compiled_c,0x209d78,0,NOTYPE,LOCAL,2
SLUS_204.69,gcc2_compiled.,0x20a090,0,NOTYPE,LOCAL,2
SLUS_204.69,__gnu_compiled_c,0x20a090,0,NOTYPE,LOCAL,2
SLUS_204.69,gcc2_compiled.,0x20a278,0,NOTYPE,LOCAL,2
SLUS_204.69,__gnu_compiled_c,0x20a278,0,NOTYPE,LOCAL,2
SLUS_204.69,gcc2_compiled.,0x20a3b8,0,NOTYPE,LOCAL,2
SLUS_204.69,__gnu_compiled_c,0x20a3b8,0,NOTYPE,LOCAL,2
SLUS_204.69,gcc2_compiled.,0x20a538,0,NOTYPE,LOCAL,2
SLUS_204.69,__gnu_compiled_c,0x20a538,0,NOTYPE,LOCAL,2
SLUS_204.69,init_mp3.3,0x4ab970,16,OBJECT,LOCAL,5
SLUS_204.69,gcc2_compiled.,0x20abc8,0,NOTYPE,LOCAL,2
SLUS_204.69,__gnu_compiled_c,0x20abc8,0,NOTYPE,LOCAL,2
SLUS_204.69,gcc2_compiled.,0x20ac68,0,NOTYPE,LOCAL,2
SLUS_204.69,__gnu_compiled_c,0x20ac68,0,NOTYPE,LOCAL,2
SLUS_204.69,__ps2_libinfo__,0x4ab980,16,OBJECT,LOCAL,5
SLUS_204.69,gcc2_compiled.,0x20ac78,0,NOTYPE,LOCAL,2
SLUS_204.69,__gnu_compiled_c,0x20ac78,0,NOTYPE,LOCAL,2
SLUS_204.69,gcc2_compiled.,0x20ac88,0,NOTYPE,LOCAL,2
SLUS_204.69,__gnu_compiled_c,0x20ac88,0,NOTYPE,LOCAL,2
SLUS_204.69,gcc2_compiled.,0x20ace0,0,NOTYPE,LOCAL,2
SLUS_204.69,__gnu_compiled_c,0x20ace0,0,NOTYPE,LOCAL,2
SLUS_204.69,gcc2_compiled.,0x20acf8,0,NOTYPE,LOCAL,2
SLUS_204.69,__gnu_compiled_c,0x20acf8,0,NOTYPE,LOCAL,2
SLUS_204.69,gcc2_compiled.,0x20ad50,0,NOTYPE,LOCAL,2
SLUS_204.69,__gnu_compiled_c,0x20ad50,0,NOTYPE,LOCAL,2
SLUS_204.69,gcc2_compiled.,0x20ade8,0,NOTYPE,LOCAL,2
SLUS_204.69,__gnu_compiled_c,0x20ade8,0,NOTYPE,LOCAL,2
SLUS_204.69,gcc2_compiled.,0x20ae40,0,NOTYPE,LOCAL,2
SLUS_204.69,__gnu_compiled_c,0x20ae40,0,NOTYPE,LOCAL,2
SLUS_204.69,gcc2_compiled.,0x20aed0,0,NOTYPE,LOCAL,2
SLUS_204.69,__gnu_compiled_c,0x20aed0,0,NOTYPE,LOCAL,2
SLUS_204.69,gcc2_compiled.,0x20af28,0,NOTYPE,LOCAL,2
SLUS_204.69,__gnu_compiled_c,0x20af28,0,NOTYPE,LOCAL,2
SLUS_204.69,gcc2_compiled.,0x20af80,0,NOTYPE,LOCAL,2
SLUS_204.69,__gnu_compiled_c,0x20af80,0,NOTYPE,LOCAL,2
SLUS_204.69,gcc2_compiled.,0x20afb0,0,NOTYPE,LOCAL,2
SLUS_204.69,__gnu_compiled_c,0x20afb0,0,NOTYPE,LOCAL,2
SLUS_204.69,gcc2_compiled.,0x20afc8,0,NOTYPE,LOCAL,2
SLUS_204.69,__gnu_compiled_c,0x20afc8,0,NOTYPE,LOCAL,2
SLUS_204.69,gcc2_compiled.,0x20b070,0,NOTYPE,LOCAL,2
SLUS_204.69,__gnu_compiled_c,0x20b070,0,NOTYPE,LOCAL,2
SLUS_204.69,gcc2_compiled.,0x20b088,0,NOTYPE,LOCAL,2
SLUS_204.69,__gnu_compiled_c,0x20b088,0,NOTYPE,LOCAL,2
SLUS_204.69,gcc2_compiled.,0x20b108,0,NOTYPE,LOCAL,2
SLUS_204.69,__gnu_compiled_c,0x20b108,0,NOTYPE,LOCAL,2
SLUS_204.69,gcc2_compiled.,0x20b120,0,NOTYPE,LOCAL,2
SLUS_204.69,__gnu_compiled_c,0x20b120,0,NOTYPE,LOCAL,2
SLUS_204.69,gcc2_compiled.,0x20b160,0,NOTYPE,LOCAL,2
SLUS_204.69,__gnu_compiled_c,0x20b160,0,NOTYPE,LOCAL,2
SLUS_204.69,gcc2_compiled.,0x20b1b0,0,NOTYPE,LOCAL,2
SLUS_204.69,__gnu_compiled_c,0x20b1b0,0,NOTYPE,LOCAL,2
SLUS_204.69,gcc2_compiled.,0x20b1d8,0,NOTYPE,LOCAL,2
SLUS_204.69,__gnu_compiled_c,0x20b1d8,0,NOTYPE,LOCAL,2
SLUS_204.69,gcc2_compiled.,0x20b208,0,NOTYPE,LOCAL,2
SLUS_204.69,__gnu_compiled_c,0x20b208,0,NOTYPE,LOCAL,2
SLUS_204.69,gcc2_compiled.,0x20b3f0,0,NOTYPE,LOCAL,2
SLUS_204.69,__gnu_compiled_c,0x20b3f0,0,NOTYPE,LOCAL,2
SLUS_204.69,gcc2_compiled.,0x20b448,0,NOTYPE,LOCAL,2
SLUS_204.69,__gnu_compiled_c,0x20b448,0,NOTYPE,LOCAL,2
SLUS_204.69,gcc2_compiled.,0x20b478,0,NOTYPE,LOCAL,2
SLUS_204.69,__gnu_compiled_c,0x20b478,0,NOTYPE,LOCAL,2
SLUS_204.69,gcc2_compiled.,0x20b4f0,0,NOTYPE,LOCAL,2
SLUS_204.69,__gnu_compiled_c,0x20b4f0,0,NOTYPE,LOCAL,2
SLUS_204.69,gcc2_compiled.,0x20b568,0,NOTYPE,LOCAL,2
SLUS_204.69,__gnu_compiled_c,0x20b568,0,NOTYPE,LOCAL,2
SLUS_204.69,gcc2_compiled.,0x20b580,0,NOTYPE,LOCAL,2
SLUS_204.69,__gnu_compiled_c,0x20b580,0,NOTYPE,LOCAL,2
SLUS_204.69,__ps2_libinfo__,0x4ab990,16,OBJECT,LOCAL,5
SLUS_204.69,isInit,0x4ab9a0,4,OBJECT,LOCAL,5
SLUS_204.69,isWarning,0x4ab9a4,4,OBJECT,LOCAL,5
SLUS_204.69,_send_to_iop,0x20b580,276,FUNC,LOCAL,2
SLUS_204.69,PadInfo,0x996a10,0,NOTYPE,LOCAL,14
SLUS_204.69,padsif,0x9969c0,0,NOTYPE,LOCAL,14
SLUS_204.69,scePadGetModVersion,0x20c848,100,FUNC,LOCAL,2
SLUS_204.69,scePadInit2,0x20b7d8,156,FUNC,LOCAL,2
SLUS_204.69,buffer,0x996c00,0,NOTYPE,LOCAL,14
SLUS_204.69,dma_iop_data,0x996b00,0,NOTYPE,LOCAL,14
SLUS_204.69,scePadGetDmaStr,0x20bb98,96,FUNC,LOCAL,2
SLUS_204.69,PadStateStr,0x4ab9a8,32,OBJECT,LOCAL,5
SLUS_204.69,scePadSetReqState,0x20bd78,100,FUNC,LOCAL,2
SLUS_204.69,ReqStateStr,0x4ab9c8,12,OBJECT,LOCAL,5
SLUS_204.69,scePadGetButtonMask,0x20c430,180,FUNC,LOCAL,2
SLUS_204.69,scePadSetButtonInfo,0x20c4e8,176,FUNC,LOCAL,2
SLUS_204.69,scePadSetVrefParam,0x20c6a8,204,FUNC,LOCAL,2
SLUS_204.69,scePadGetPortMax,0x20c778,100,FUNC,LOCAL,2
SLUS_204.69,gcc2_compiled.,0x20c918,0,NOTYPE,LOCAL,2
SLUS_204.69,__gnu_compiled_c,0x20c918,0,NOTYPE,LOCAL,2
SLUS_204.69,__ps2_libinfo__,0x4aba00,16,OBJECT,LOCAL,5
SLUS_204.69,cb_thid,0x4aba14,4,OBJECT,LOCAL,5
SLUS_204.69,scmd_sema_keep_cmd,0x4aba18,4,OBJECT,LOCAL,5
SLUS_204.69,ncmd_sema_keep_cmd,0x4aba1c,4,OBJECT,LOCAL,5
SLUS_204.69,cb_semid,0x4aba20,4,OBJECT,LOCAL,5
SLUS_204.69,Init_seq,0x4aba24,4,OBJECT,LOCAL,5
SLUS_204.69,CB_DelayTh,0x20c918,36,FUNC,LOCAL,2
SLUS_204.69,_ncmd_bind,0x4aba38,4,OBJECT,LOCAL,5
SLUS_204.69,sceCdCbfunc,0x996c80,0,NOTYPE,LOCAL,14
SLUS_204.69,sceCdPoffCbfunc_num,0x996c8c,0,NOTYPE,LOCAL,14
SLUS_204.69,my_thid,0x996c90,0,NOTYPE,LOCAL,14
SLUS_204.69,my_th_info,0x996c98,0,NOTYPE,LOCAL,14
SLUS_204.69,cb_tp,0x996cc8,0,NOTYPE,LOCAL,14
SLUS_204.69,cmd_sem_init,0x20ccd8,148,FUNC,LOCAL,2
SLUS_204.69,cdvd_exit,0x20cd70,128,FUNC,LOCAL,2
SLUS_204.69,_icmd_bind,0x4aba3c,4,OBJECT,LOCAL,5
SLUS_204.69,PowerOffCB,0x20cea0,100,FUNC,LOCAL,2
SLUS_204.69,sceCdPoffCbfunc,0x996c84,0,NOTYPE,LOCAL,14
SLUS_204.69,sceCdPoffCbdata,0x996c88,0,NOTYPE,LOCAL,14
SLUS_204.69,_sceCd_Poff_Intr,0x20ce60,60,FUNC,LOCAL,2
SLUS_204.69,_sf_bind,0x4aba40,4,OBJECT,LOCAL,5
SLUS_204.69,cdrdsf,0x996e80,0,NOTYPE,LOCAL,14
SLUS_204.69,_sf_data,0x996d00,0,NOTYPE,LOCAL,14
SLUS_204.69,sfrdata,0x996e40,0,NOTYPE,LOCAL,14
SLUS_204.69,_scmd_dr_bind,0x4aba44,4,OBJECT,LOCAL,5
SLUS_204.69,_scmd_bind,0x4aba48,4,OBJECT,LOCAL,5
SLUS_204.69,_it_bind,0x4aba4c,4,OBJECT,LOCAL,5
SLUS_204.69,c_cnt.60,0x4aba50,4,OBJECT,LOCAL,5
SLUS_204.69,_i_mode,0x996f00,0,NOTYPE,LOCAL,14
SLUS_204.69,cdit,0x996ea8,0,NOTYPE,LOCAL,14
SLUS_204.69,cddr,0x996ed0,0,NOTYPE,LOCAL,14
SLUS_204.69,_dr_mode,0x996f10,0,NOTYPE,LOCAL,14
SLUS_204.69,gcc2_compiled.,0x20dc68,0,NOTYPE,LOCAL,2
SLUS_204.69,__gnu_compiled_c,0x20dc68,0,NOTYPE,LOCAL,2
SLUS_204.69,gcc2_compiled.,0x20dc98,0,NOTYPE,LOCAL,2
SLUS_204.69,__gnu_compiled_c,0x20dc98,0,NOTYPE,LOCAL,2
SLUS_204.69,gcc2_compiled.,0x20de78,0,NOTYPE,LOCAL,2
SLUS_204.69,__gnu_compiled_c,0x20de78,0,NOTYPE,LOCAL,2
SLUS_204.69,gcc2_compiled.,0x20df28,0,NOTYPE,LOCAL,2
SLUS_204.69,__gnu_compiled_c,0x20df28,0,NOTYPE,LOCAL,2
SLUS_204.69,gcc2_compiled.,0x20dfc0,0,NOTYPE,LOCAL,2
SLUS_204.69,__gnu_compiled_c,0x20dfc0,0,NOTYPE,LOCAL,2
SLUS_204.69,gcc2_compiled.,0x20e058,0,NOTYPE,LOCAL,2
SLUS_204.69,__gnu_compiled_c,0x20e058,0,NOTYPE,LOCAL,2
SLUS_204.69,gcc2_compiled.,0x20e110,0,NOTYPE,LOCAL,2
SLUS_204.69,__gnu_compiled_c,0x20e110,0,NOTYPE,LOCAL,2
SLUS_204.69,gcc2_compiled.,0x20e1c8,0,NOTYPE,LOCAL,2
SLUS_204.69,__gnu_compiled_c,0x20e1c8,0,NOTYPE,LOCAL,2
SLUS_204.69,gcc2_compiled.,0x20e358,0,NOTYPE,LOCAL,2
SLUS_204.69,__gnu_compiled_c,0x20e358,0,NOTYPE,LOCAL,2
SLUS_204.69,gcc2_compiled.,0x20e410,0,NOTYPE,LOCAL,2
SLUS_204.69,__gnu_compiled_c,0x20e410,0,NOTYPE,LOCAL,2
SLUS_204.69,gcc2_compiled.,0x20e508,0,NOTYPE,LOCAL,2
SLUS_204.69,__gnu_compiled_c,0x20e508,0,NOTYPE,LOCAL,2
SLUS_204.69,stm_status,0x4ad470,4,OBJECT,LOCAL,5
SLUS_204.69,dum_mode,0x996f18,0,NOTYPE,LOCAL,14
SLUS_204.69,gcc2_compiled.,0x20e9e8,0,NOTYPE,LOCAL,2
SLUS_204.69,__gnu_compiled_c,0x20e9e8,0,NOTYPE,LOCAL,2
SLUS_204.69,__ps2_libinfo__,0x4ad478,16,OBJECT,LOCAL,5
SLUS_204.69,mcRunCmdNo,0x4ad488,4,OBJECT,LOCAL,5
SLUS_204.69,semaidRegFunc,0x4ad48c,4,OBJECT,LOCAL,5
SLUS_204.69,mcClientID,0x996f40,0,NOTYPE,LOCAL,14
SLUS_204.69,sifParamOrd,0x996fc0,0,NOTYPE,LOCAL,14
SLUS_204.69,retval,0x998500,0,NOTYPE,LOCAL,14
SLUS_204.69,sifParamFname,0x996ff0,0,NOTYPE,LOCAL,14
SLUS_204.69,mceIntrReadFixAlign,0x20f048,144,FUNC,LOCAL,2
SLUS_204.69,sifParamNext,0x997440,0,NOTYPE,LOCAL,14
SLUS_204.69,mcHearAlarm,0x20f378,36,FUNC,LOCAL,2
SLUS_204.69,mcDelayThread,0x20f3a0,68,FUNC,LOCAL,2
SLUS_204.69,mceGetInfoApdx,0x20f4c8,84,FUNC,LOCAL,2
SLUS_204.69,typeAddr,0x996f68,0,NOTYPE,LOCAL,14
SLUS_204.69,freeAddr,0x996f6c,0,NOTYPE,LOCAL,14
SLUS_204.69,formAddr,0x996f70,0,NOTYPE,LOCAL,14
SLUS_204.69,mceStorePwd,0x20f800,132,FUNC,LOCAL,2
SLUS_204.69,currentDir,0x997500,0,NOTYPE,LOCAL,14
SLUS_204.69,buffFileInfo,0x996f80,0,NOTYPE,LOCAL,14
SLUS_204.69,gcc2_compiled.,0x2101a0,0,NOTYPE,LOCAL,2
SLUS_204.69,__gnu_compiled_c,0x2101a0,0,NOTYPE,LOCAL,2
SLUS_204.69,setD3_CHCR,0x2101a0,100,FUNC,LOCAL,2
SLUS_204.69,setD4_CHCR,0x210208,100,FUNC,LOCAL,2
SLUS_204.69,gcc2_compiled.,0x210510,0,NOTYPE,LOCAL,2
SLUS_204.69,__gnu_compiled_c,0x210510,0,NOTYPE,LOCAL,2
SLUS_204.69,__ps2_libinfo__,0x4ad490,16,OBJECT,LOCAL,5
SLUS_204.69,iqval,0x4ad4a0,80,OBJECT,LOCAL,5
SLUS_204.69,vqval,0x4ad4f0,32,OBJECT,LOCAL,5
SLUS_204.69,setD4_CHCR,0x210510,100,FUNC,LOCAL,2
SLUS_204.69,gcc2_compiled.,0x2107b0,0,NOTYPE,LOCAL,2
SLUS_204.69,__gnu_compiled_c,0x2107b0,0,NOTYPE,LOCAL,2
SLUS_204.69,_sprtagdata.24,0x998540,512,OBJECT,LOCAL,14
SLUS_204.69,_motionComp0,0x2107b0,592,FUNC,LOCAL,2
SLUS_204.69,dmaRefImage,0x215248,340,FUNC,LOCAL,2
SLUS_204.69,_rix,0x4ad640,32,OBJECT,LOCAL,5
SLUS_204.69,_ri0,0x4ad660,32,OBJECT,LOCAL,5
SLUS_204.69,_doMC,0x211528,540,FUNC,LOCAL,2
SLUS_204.69,o_c,0x0,0,NOTYPE,LOCAL,65521
SLUS_204.69,o_fx_int,0x4,0,NOTYPE,LOCAL,65521
SLUS_204.69,o_cu,0x8,0,NOTYPE,LOCAL,65521
SLUS_204.69,o_cd,0xc,0,NOTYPE,LOCAL,65521
SLUS_204.69,o_sadd,0x10,0,NOTYPE,LOCAL,65521
SLUS_204.69,o_left,0x14,0,NOTYPE,LOCAL,65521
SLUS_204.69,o_right,0x18,0,NOTYPE,LOCAL,65521
SLUS_204.69,_maxval,0x2124e0,0,NOTYPE,LOCAL,2
SLUS_204.69,_slice0,0x212c00,496,FUNC,LOCAL,2
SLUS_204.69,_sliceA0,0x212ad0,300,FUNC,LOCAL,2
SLUS_204.69,_decMB0,0x212eb0,1192,FUNC,LOCAL,2
SLUS_204.69,_skipMB0,0x212df0,188,FUNC,LOCAL,2
SLUS_204.69,receiveDataFromIPU,0x2153a0,112,FUNC,LOCAL,2
SLUS_204.69,_decode_motion_vector,0x213358,136,FUNC,LOCAL,2
SLUS_204.69,_updateTempTackData,0x214338,116,FUNC,LOCAL,2
SLUS_204.69,_isOutSizeOK,0x214ab8,160,FUNC,LOCAL,2
SLUS_204.69,_markOutput,0x214dc8,40,FUNC,LOCAL,2
SLUS_204.69,_getPtsDtsFlags,0x214df0,396,FUNC,LOCAL,2
SLUS_204.69,gcc2_compiled.,0x215410,0,NOTYPE,LOCAL,2
SLUS_204.69,__gnu_compiled_c,0x215410,0,NOTYPE,LOCAL,2
SLUS_204.69,_doCSC,0x215410,280,FUNC,LOCAL,2
SLUS_204.69,_ch3dmaCSC,0x215528,372,FUNC,LOCAL,2
SLUS_204.69,_doCSC2,0x2156a0,432,FUNC,LOCAL,2
SLUS_204.69,_ch4dma,0x215850,260,FUNC,LOCAL,2
SLUS_204.69,gcc2_compiled.,0x215bd0,0,NOTYPE,LOCAL,2
SLUS_204.69,__gnu_compiled_c,0x215bd0,0,NOTYPE,LOCAL,2
SLUS_204.69,_sysbitFlush,0x215c28,152,FUNC,LOCAL,2
SLUS_204.69,gcc2_compiled.,0x215de0,0,NOTYPE,LOCAL,2
SLUS_204.69,__gnu_compiled_c,0x215de0,0,NOTYPE,LOCAL,2
SLUS_204.69,gcc2_compiled.,0x216be8,0,NOTYPE,LOCAL,2
SLUS_204.69,__gnu_compiled_c,0x216be8,0,NOTYPE,LOCAL,2
SLUS_204.69,__ps2_libinfo__,0x4ad5b0,16,OBJECT,LOCAL,5
SLUS_204.69,_getpic,0x2172a0,368,FUNC,LOCAL,2
SLUS_204.69,_decodeOrSkip,0x217528,68,FUNC,LOCAL,2
SLUS_204.69,_decodeOrSkipFrame,0x217410,276,FUNC,LOCAL,2
SLUS_204.69,_decodeOrSkipField,0x217570,348,FUNC,LOCAL,2
SLUS_204.69,gcc2_compiled.,0x217738,0,NOTYPE,LOCAL,2
SLUS_204.69,__gnu_compiled_c,0x217738,0,NOTYPE,LOCAL,2
SLUS_204.69,_RefImageInit,0x217a78,32,FUNC,LOCAL,2
SLUS_204.69,_setDefaultQM,0x217f48,212,FUNC,LOCAL,2
SLUS_204.69,_initRefImages,0x217e68,224,FUNC,LOCAL,2
SLUS_204.69,gcc2_compiled.,0x218220,0,NOTYPE,LOCAL,2
SLUS_204.69,__gnu_compiled_c,0x218220,0,NOTYPE,LOCAL,2
SLUS_204.69,gcc2_compiled.,0x21823c,0,NOTYPE,LOCAL,2
SLUS_204.69,__gnu_compiled_c,0x21823c,0,NOTYPE,LOCAL,2
SLUS_204.69,gcc2_compiled.,0x218240,0,NOTYPE,LOCAL,2
SLUS_204.69,__gnu_compiled_c,0x218240,0,NOTYPE,LOCAL,2
SLUS_204.69,InitializeSystem,0x2182f8,356,FUNC,LOCAL,2
SLUS_204.69,gcc2_compiled.,0x2184b8,0,NOTYPE,LOCAL,2
SLUS_204.69,__gnu_compiled_c,0x2184b8,0,NOTYPE,LOCAL,2
SLUS_204.69,getbit1,0x2184e8,68,FUNC,LOCAL,2
SLUS_204.69,getbits,0x218530,116,FUNC,LOCAL,2
SLUS_204.69,gcc2_compiled.,0x2188a0,0,NOTYPE,LOCAL,2
SLUS_204.69,__gnu_compiled_c,0x2188a0,0,NOTYPE,LOCAL,2
SLUS_204.69,asSystemThreadList,0x490690,80,OBJECT,LOCAL,5
SLUS_204.69,sSemaParam.0,0x880fa0,0,NOTYPE,LOCAL,14
SLUS_204.69,xglCreateSignal,0x2188a0,44,FUNC,LOCAL,2
SLUS_204.69,asActiveThreadList,0x880fe8,0,NOTYPE,LOCAL,14
SLUS_204.69,iRotateSignal,0x4dc6bc,0,NOTYPE,LOCAL,13
SLUS_204.69,iCurrentThread,0x4dc6b8,0,NOTYPE,LOCAL,13
SLUS_204.69,sThreadParam.1,0x880fb8,0,NOTYPE,LOCAL,14
SLUS_204.69,gcc2_compiled.,0x218a68,0,NOTYPE,LOCAL,2
SLUS_204.69,__gnu_compiled_c,0x218a68,0,NOTYPE,LOCAL,2
SLUS_204.69,ModeEnv,0x4906e0,256,OBJECT,LOCAL,5
SLUS_204.69,FS,0x881180,0,NOTYPE,LOCAL,14
SLUS_204.69,KanjiClutEnv,0x4907e0,240,OBJECT,LOCAL,5
SLUS_204.69,ascii2euc,0x4908d0,192,OBJECT,LOCAL,5
SLUS_204.69,set_ot,0x218b60,92,FUNC,LOCAL,2
SLUS_204.69,set_xyz,0x218bc0,256,FUNC,LOCAL,2
SLUS_204.69,spcode.0,0x490990,32,OBJECT,LOCAL,5
SLUS_204.69,xglFontPrintSub,0x218d70,652,FUNC,LOCAL,2
SLUS_204.69,xglFontPrintDirectCore,0x219000,232,FUNC,LOCAL,2
SLUS_204.69,buffer_reset,0x219430,68,FUNC,LOCAL,2
SLUS_204.69,tbl.1,0x4dc2a8,8,OBJECT,LOCAL,12
SLUS_204.69,xglFontFlushSub,0x219478,1800,FUNC,LOCAL,2
SLUS_204.69,xglFontFlushSubHex,0x219b80,36,FUNC,LOCAL,2
SLUS_204.69,xglFontFlushSubCRLF,0x219ba8,64,FUNC,LOCAL,2
SLUS_204.69,normal.2,0x4909b0,64,OBJECT,LOCAL,5
SLUS_204.69,back0.3,0x4909f0,32,OBJECT,LOCAL,5
SLUS_204.69,back1.4,0x490a10,32,OBJECT,LOCAL,5
SLUS_204.69,nearest.5,0x490a30,32,OBJECT,LOCAL,5
SLUS_204.69,biliner.6,0x490a50,32,OBJECT,LOCAL,5
SLUS_204.69,xglFontFlushCore,0x219be8,3980,FUNC,LOCAL,2
SLUS_204.69,tbl.7,0x490a70,3,OBJECT,LOCAL,5
SLUS_204.69,hex2val,0x21ad08,88,FUNC,LOCAL,2
SLUS_204.69,KanjiTex0Env.8,0x490a80,112,OBJECT,LOCAL,5
SLUS_204.69,KanjiTex1Env.9,0x490af0,112,OBJECT,LOCAL,5
SLUS_204.69,WinTexEnv.10,0x490b60,96,OBJECT,LOCAL,5
SLUS_204.69,TestEnv.11,0x490bc0,96,OBJECT,LOCAL,5
SLUS_204.69,TestEnv.12,0x490c20,96,OBJECT,LOCAL,5
SLUS_204.69,TestEnv.13,0x490c80,96,OBJECT,LOCAL,5
SLUS_204.69,zbuf.14,0x490ce0,96,OBJECT,LOCAL,5
SLUS_204.69,test.15,0x490d40,32,OBJECT,LOCAL,5
SLUS_204.69,FontImage,0x883a00,0,NOTYPE,LOCAL,14
SLUS_204.69,WindowImage,0x8fc200,0,NOTYPE,LOCAL,14
SLUS_204.69,gcc2_compiled.,0x21b6b0,0,NOTYPE,LOCAL,2
SLUS_204.69,__gnu_compiled_c,0x21b6b0,0,NOTYPE,LOCAL,2
SLUS_204.69,tbl,0x490d60,40,OBJECT,LOCAL,5
SLUS_204.69,mfifo_drain,0x4dc6c0,0,NOTYPE,LOCAL,13
SLUS_204.69,gcc2_compiled.,0x21ba68,0,NOTYPE,LOCAL,2
SLUS_204.69,__gnu_compiled_c,0x21ba68,0,NOTYPE,LOCAL,2
SLUS_204.69,PadDmaBuffer,0x93ca00,0,NOTYPE,LOCAL,14
SLUS_204.69,act_align.0,0x4dc2b0,6,OBJECT,LOCAL,12
SLUS_204.69,gcc2_compiled.,0x21c528,0,NOTYPE,LOCAL,2
SLUS_204.69,__gnu_compiled_c,0x21c528,0,NOTYPE,LOCAL,2
SLUS_204.69,gcc2_compiled.,0x21c788,0,NOTYPE,LOCAL,2
SLUS_204.69,__gnu_compiled_c,0x21c788,0,NOTYPE,LOCAL,2
SLUS_204.69,xglMenuDrawType0,0x21c960,8,FUNC,LOCAL,2
SLUS_204.69,xglMenuDrawType1Sub,0x21c968,376,FUNC,LOCAL,2
SLUS_204.69,xglMenuDrawType1,0x21cae0,804,FUNC,LOCAL,2
SLUS_204.69,gcc2_compiled.,0x21ced0,0,NOTYPE,LOCAL,2
SLUS_204.69,__gnu_compiled_c,0x21ced0,0,NOTYPE,LOCAL,2
SLUS_204.69,hdd_error,0x21ced0,52,FUNC,LOCAL,2
SLUS_204.69,LW,0x93cc00,0,NOTYPE,LOCAL,14
SLUS_204.69,extract,0x21cf18,128,FUNC,LOCAL,2
SLUS_204.69,queue_next,0x21cf98,148,FUNC,LOCAL,2
SLUS_204.69,ReadClockInterval,0x4dc6cc,0,NOTYPE,LOCAL,13
SLUS_204.69,StrList,0x4dc6d8,0,NOTYPE,LOCAL,13
SLUS_204.69,BCD2INT,0x21d2c8,32,FUNC,LOCAL,2
SLUS_204.69,PresentTime,0x4dc6d0,0,NOTYPE,LOCAL,13
SLUS_204.69,monthday,0x491660,48,OBJECT,LOCAL,5
SLUS_204.69,xglCdDefaultCallback,0x21d690,8,FUNC,LOCAL,2
SLUS_204.69,xglCdDummyCallback,0x21d698,8,FUNC,LOCAL,2
SLUS_204.69,callback,0x4dc6c8,0,NOTYPE,LOCAL,13
SLUS_204.69,root.0,0x4dc2e8,6,OBJECT,LOCAL,12
SLUS_204.69,xglCdGetFilePosSub,0x21d738,504,FUNC,LOCAL,2
SLUS_204.69,arcname.1,0x491690,12,OBJECT,LOCAL,5
SLUS_204.69,arcname.2,0x4916a0,12,OBJECT,LOCAL,5
SLUS_204.69,arcname.3,0x4916b0,12,OBJECT,LOCAL,5
SLUS_204.69,arcname.4,0x4916c0,12,OBJECT,LOCAL,5
SLUS_204.69,vcd_head.5,0x4916d0,24,OBJECT,LOCAL,5
SLUS_204.69,hdd_head.6,0x4dc2f0,7,OBJECT,LOCAL,12
SLUS_204.69,xglCdGetFilePos,0x21d930,1260,FUNC,LOCAL,2
SLUS_204.69,ArcHeader,0x93dc40,0,NOTYPE,LOCAL,14
SLUS_204.69,StreamReadRingCoreSub,0x21e610,112,FUNC,LOCAL,2
SLUS_204.69,StreamReadRingCoreNormal,0x21e680,484,FUNC,LOCAL,2
SLUS_204.69,StreamReadRingCoreXss,0x21e868,460,FUNC,LOCAL,2
SLUS_204.69,listname.7,0x4916e8,10,OBJECT,LOCAL,5
SLUS_204.69,FileSelectListReload,0x21ec50,288,FUNC,LOCAL,2
SLUS_204.69,FileSelectSub,0x21ed70,644,FUNC,LOCAL,2
SLUS_204.69,head.8,0x4916f8,13,OBJECT,LOCAL,5
SLUS_204.69,tail.9,0x4dc318,7,OBJECT,LOCAL,12
SLUS_204.69,head.10,0x491708,9,OBJECT,LOCAL,5
SLUS_204.69,tail.11,0x4dc320,7,OBJECT,LOCAL,12
SLUS_204.69,loaded_overlay,0x4dc6dc,0,NOTYPE,LOCAL,13
SLUS_204.69,xglCdArcInitSub0,0x21f698,148,FUNC,LOCAL,2
SLUS_204.69,xglCdArcInitSub1,0x21f730,132,FUNC,LOCAL,2
SLUS_204.69,xglCdArcInitSub2,0x21f7b8,92,FUNC,LOCAL,2
SLUS_204.69,xglCdArcInit,0x21f818,532,FUNC,LOCAL,2
SLUS_204.69,gcc2_compiled.,0x21fb58,0,NOTYPE,LOCAL,2
SLUS_204.69,__gnu_compiled_c,0x21fb58,0,NOTYPE,LOCAL,2
SLUS_204.69,queue_end,0x4dc6de,0,NOTYPE,LOCAL,13
SLUS_204.69,queue,0x93dca0,0,NOTYPE,LOCAL,14
SLUS_204.69,mw,0x93e0a0,0,NOTYPE,LOCAL,14
SLUS_204.69,queue_top,0x4dc6dd,0,NOTYPE,LOCAL,13
SLUS_204.69,xglMcEUC2SJIS,0x21fc78,152,FUNC,LOCAL,2
SLUS_204.69,base.0,0x491770,18,OBJECT,LOCAL,5
SLUS_204.69,n.1,0x491788,10,OBJECT,LOCAL,5
SLUS_204.69,n.2,0x491798,14,OBJECT,LOCAL,5
SLUS_204.69,execute,0x2200a0,616,FUNC,LOCAL,2
SLUS_204.69,create_sub2,0x220308,544,FUNC,LOCAL,2
SLUS_204.69,gcc2_compiled.,0x220c58,0,NOTYPE,LOCAL,2
SLUS_204.69,__gnu_compiled_c,0x220c58,0,NOTYPE,LOCAL,2
SLUS_204.69,myDmaDirectFromIPU,0x220c58,160,FUNC,LOCAL,2
SLUS_204.69,setD4_CHCR,0x220cf8,92,FUNC,LOCAL,2
SLUS_204.69,make_gstrans,0x220d58,384,FUNC,LOCAL,2
SLUS_204.69,checkdma,0x220ed8,532,FUNC,LOCAL,2
SLUS_204.69,fileRead,0x221b48,308,FUNC,LOCAL,2
SLUS_204.69,fillBuff,0x221c80,176,FUNC,LOCAL,2
SLUS_204.69,videoCallback,0x221d30,284,FUNC,LOCAL,2
SLUS_204.69,audioCallback,0x221e50,304,FUNC,LOCAL,2
SLUS_204.69,nodataCallback,0x221f80,468,FUNC,LOCAL,2
SLUS_204.69,errorCallback,0x222158,68,FUNC,LOCAL,2
SLUS_204.69,setLoadImageTags,0x2222f0,308,FUNC,LOCAL,2
SLUS_204.69,TestEnv.0,0x4a7b60,192,OBJECT,LOCAL,5
SLUS_204.69,gcc2_compiled.,0x222878,0,NOTYPE,LOCAL,2
SLUS_204.69,__gnu_compiled_c,0x222878,0,NOTYPE,LOCAL,2
SLUS_204.69,gcc2_compiled.,0x222bd0,0,NOTYPE,LOCAL,2
SLUS_204.69,__gnu_compiled_c,0x222bd0,0,NOTYPE,LOCAL,2
SLUS_204.69,gcc2_compiled.,0x2232a8,0,NOTYPE,LOCAL,2
SLUS_204.69,__gnu_compiled_c,0x2232a8,0,NOTYPE,LOCAL,2
SLUS_204.69,sw,0x4dc32c,4,OBJECT,LOCAL,12
SLUS_204.69,ZigZag,0x4a7c20,64,OBJECT,LOCAL,5
SLUS_204.69,ConvertYUV2MCU,0x2232a8,544,FUNC,LOCAL,2
SLUS_204.69,ffdct.0,0x4a7c60,256,OBJECT,LOCAL,5
SLUS_204.69,FFDCT,0x2234c8,1076,FUNC,LOCAL,2
SLUS_204.69,Quantize,0x223900,164,FUNC,LOCAL,2
SLUS_204.69,LQTableOrg.1,0x4a7d60,64,OBJECT,LOCAL,5
SLUS_204.69,CQTableOrg.2,0x4a7da0,64,OBJECT,LOCAL,5
SLUS_204.69,RebuildQuantizeTable,0x2239a8,416,FUNC,LOCAL,2
SLUS_204.69,PutBits,0x223b48,268,FUNC,LOCAL,2
SLUS_204.69,EncodeDc,0x223c58,192,FUNC,LOCAL,2
SLUS_204.69,EncodeAc,0x223d18,208,FUNC,LOCAL,2
SLUS_204.69,HuffmanEncode,0x223de8,292,FUNC,LOCAL,2
SLUS_204.69,headerALL,0x4a7de0,623,OBJECT,LOCAL,5
SLUS_204.69,ExtractHuffmanTableSub,0x223f10,172,FUNC,LOCAL,2
SLUS_204.69,DefineRestartInterval,0x224898,40,FUNC,LOCAL,2
SLUS_204.69,DefineQuantizeTable,0x2248c0,152,FUNC,LOCAL,2
SLUS_204.69,StartOfFrame,0x224958,144,FUNC,LOCAL,2
SLUS_204.69,DefineHuffmanTable,0x2249e8,244,FUNC,LOCAL,2
SLUS_204.69,GetBit,0x224ae0,104,FUNC,LOCAL,2
SLUS_204.69,decode_sub,0x224b48,132,FUNC,LOCAL,2
SLUS_204.69,HuffmanDecode,0x224bd0,576,FUNC,LOCAL,2
SLUS_204.69,FFIDCT,0x224e10,712,FUNC,LOCAL,2
SLUS_204.69,ConvertMCU2YUV,0x2250d8,416,FUNC,LOCAL,2
SLUS_204.69,ConvertYUV2RGB,0x225278,152,FUNC,LOCAL,2
SLUS_204.69,imm0.3,0x4a8050,128,OBJECT,LOCAL,5
SLUS_204.69,imm1.4,0x4a80d0,96,OBJECT,LOCAL,5
SLUS_204.69,StartOfScan,0x225310,1324,FUNC,LOCAL,2
SLUS_204.69,gcc2_compiled.,0x225a58,0,NOTYPE,LOCAL,2
SLUS_204.69,__gnu_compiled_c,0x225a58,0,NOTYPE,LOCAL,2
SLUS_204.69,SoundDataPath,0x4a8130,12,OBJECT,LOCAL,5
SLUS_204.69,SoundEffectPath,0x4dc330,5,OBJECT,LOCAL,12
SLUS_204.69,SoundSequencePath,0x4dc338,5,OBJECT,LOCAL,12
SLUS_204.69,ext.0,0x4dc340,5,OBJECT,LOCAL,12
SLUS_204.69,ext.1,0x4dc348,5,OBJECT,LOCAL,12
SLUS_204.69,ext.2,0x4dc350,5,OBJECT,LOCAL,12
SLUS_204.69,stream_check,0x226ca8,180,FUNC,LOCAL,2
SLUS_204.69,count.3,0x4dc6df,0,NOTYPE,LOCAL,13
SLUS_204.69,anim.4,0x4dc358,4,OBJECT,LOCAL,12
SLUS_204.69,StreamBuffer,0x93e200,0,NOTYPE,LOCAL,14
SLUS_204.69,gcc2_compiled.,0x2271a0,0,NOTYPE,LOCAL,2
SLUS_204.69,__gnu_compiled_c,0x2271a0,0,NOTYPE,LOCAL,2
SLUS_204.69,partitionname,0x4a89f0,51,OBJECT,LOCAL,5
SLUS_204.69,hddname,0x4a8a28,18,OBJECT,LOCAL,5
SLUS_204.69,hddcheck,0x4a8a40,19,OBJECT,LOCAL,5
SLUS_204.69,commonname,0x4a8a58,14,OBJECT,LOCAL,5
SLUS_204.69,yoursaves,0x4a8a68,17,OBJECT,LOCAL,5
SLUS_204.69,xglHddDummyCB,0x2271a0,8,FUNC,LOCAL,2
SLUS_204.69,xglHddCheckCore,0x2271a8,216,FUNC,LOCAL,2
SLUS_204.69,HddActive,0x4dc6e0,0,NOTYPE,LOCAL,13
SLUS_204.69,TestEnv.0,0x4a8a80,96,OBJECT,LOCAL,5
SLUS_204.69,make_fullpath,0x227478,136,FUNC,LOCAL,2
SLUS_204.69,Judge_MakeNewFolder,0x227840,300,FUNC,LOCAL,2
SLUS_204.69,xglHddMcCheckYourSaves,0x227b30,112,FUNC,LOCAL,2
SLUS_204.69,xglHddMcCheckCore,0x227ba0,308,FUNC,LOCAL,2
SLUS_204.69,create_file,0x227e68,188,FUNC,LOCAL,2
SLUS_204.69,tbl.1,0x4a8ae0,4,OBJECT,LOCAL,5
SLUS_204.69,xglHddInstallReadCB,0x2282e8,144,FUNC,LOCAL,2
SLUS_204.69,dvdname.2,0x4a8ae8,12,OBJECT,LOCAL,5
SLUS_204.69,decrypt,0x2289f0,88,FUNC,LOCAL,2
SLUS_204.69,gcc2_compiled.,0x228c58,0,NOTYPE,LOCAL,2
SLUS_204.69,__gnu_compiled_c,0x228c58,0,NOTYPE,LOCAL,2
SLUS_204.69,_$mc64_loop,0x228e08,0,NOTYPE,LOCAL,2
SLUS_204.69,_$mc64b_loop,0x228e48,0,NOTYPE,LOCAL,2
SLUS_204.69,_$mc16_loop,0x228e88,0,NOTYPE,LOCAL,2
SLUS_204.69,_$mc16b_loop,0x228eb0,0,NOTYPE,LOCAL,2
SLUS_204.69,_$mc8_loop,0x228ed8,0,NOTYPE,LOCAL,2
SLUS_204.69,_$mc8b_loop,0x228f00,0,NOTYPE,LOCAL,2
SLUS_204.69,_$mc4_loop,0x228f28,0,NOTYPE,LOCAL,2
SLUS_204.69,_$mc4b_loop,0x228f50,0,NOTYPE,LOCAL,2
SLUS_204.69,_$mc2_loop,0x228f78,0,NOTYPE,LOCAL,2
SLUS_204.69,_$mc2b_loop,0x228fa0,0,NOTYPE,LOCAL,2
SLUS_204.69,unit.0,0x4a8b00,64,OBJECT,LOCAL,5
SLUS_204.69,unit.1,0x4a8b40,64,OBJECT,LOCAL,5
SLUS_204.69,_$qil_norm,0x22aa34,0,NOTYPE,LOCAL,2
SLUS_204.69,iRandSeed,0x4dc6e8,0,NOTYPE,LOCAL,13
SLUS_204.69,gcc2_compiled.,0x22ac30,0,NOTYPE,LOCAL,2
SLUS_204.69,__gnu_compiled_c,0x22ac30,0,NOTYPE,LOCAL,2
SLUS_204.69,asIntensity.0,0x4a8b80,64,OBJECT,LOCAL,5
SLUS_204.69,asDirection.1,0x4a8bc0,64,OBJECT,LOCAL,5
SLUS_204.69,sIntensity0.2,0x4a8c00,16,OBJECT,LOCAL,5
SLUS_204.69,sIntensity1.3,0x4a8c10,16,OBJECT,LOCAL,5
SLUS_204.69,gcc2_compiled.,0x22aec0,0,NOTYPE,LOCAL,2
SLUS_204.69,__gnu_compiled_c,0x22aec0,0,NOTYPE,LOCAL,2
SLUS_204.69,xglCameraControlInit,0x22aec0,12,FUNC,LOCAL,2
SLUS_204.69,sClipRange.0,0x4a8c20,16,OBJECT,LOCAL,5
SLUS_204.69,sPortEffect.1,0x4a8c30,16,OBJECT,LOCAL,5
SLUS_204.69,xglCameraScreenInit,0x22aed0,200,FUNC,LOCAL,2
SLUS_204.69,sShootAngleR.2,0x4a8c40,16,OBJECT,LOCAL,5
SLUS_204.69,sShootAngleV.3,0x4a8c50,16,OBJECT,LOCAL,5
SLUS_204.69,sShootAngleA.4,0x4a8c60,16,OBJECT,LOCAL,5
SLUS_204.69,sShootPlaceR.5,0x4a8c70,16,OBJECT,LOCAL,5
SLUS_204.69,sShootPlaceV.6,0x4a8c80,16,OBJECT,LOCAL,5
SLUS_204.69,sShootPlaceA.7,0x4a8c90,16,OBJECT,LOCAL,5
SLUS_204.69,sChaseRefPos.8,0x4a8ca0,16,OBJECT,LOCAL,5
SLUS_204.69,sChaseIntPos.9,0x4a8cb0,16,OBJECT,LOCAL,5
SLUS_204.69,xglCameraTravelInit,0x22af98,216,FUNC,LOCAL,2
SLUS_204.69,sShootAngleA.10,0x4a8cc0,16,OBJECT,LOCAL,5
SLUS_204.69,sShootPlaceA.11,0x4a8cd0,16,OBJECT,LOCAL,5
SLUS_204.69,xglCameraTravelReset,0x22b070,52,FUNC,LOCAL,2
SLUS_204.69,xglCameraTravelFocus,0x22b0a8,196,FUNC,LOCAL,2
SLUS_204.69,xglCameraTravelScale,0x22b170,240,FUNC,LOCAL,2
SLUS_204.69,xglCameraTravelManual,0x22b260,788,FUNC,LOCAL,2
SLUS_204.69,xglCameraTravelChase,0x22b578,920,FUNC,LOCAL,2
SLUS_204.69,aaiVertexIndex,0x4a8ce0,18,OBJECT,LOCAL,5
SLUS_204.69,xglCameraViewScreen,0x22b9b8,716,FUNC,LOCAL,2
SLUS_204.69,xglCameraViewTravel,0x22bc88,384,FUNC,LOCAL,2
SLUS_204.69,xglCameraViewVolume,0x22be08,656,FUNC,LOCAL,2
SLUS_204.69,gcc2_compiled.,0x22c268,0,NOTYPE,LOCAL,2
SLUS_204.69,__gnu_compiled_c,0x22c268,0,NOTYPE,LOCAL,2
SLUS_204.69,pCurrentPacket,0x4dc6f0,0,NOTYPE,LOCAL,13
SLUS_204.69,TestPrim.0,0x4a8d00,192,OBJECT,LOCAL,5
SLUS_204.69,asPacketSource,0x942200,0,NOTYPE,LOCAL,14
SLUS_204.69,pSendPacket,0x4dc6f4,0,NOTYPE,LOCAL,13
SLUS_204.69,gcc2_compiled.,0x22c558,0,NOTYPE,LOCAL,2
SLUS_204.69,__gnu_compiled_c,0x22c558,0,NOTYPE,LOCAL,2
SLUS_204.69,asStudioSource,0x942250,0,NOTYPE,LOCAL,14
SLUS_204.69,pCurrentStudio,0x4dc6f8,0,NOTYPE,LOCAL,13
SLUS_204.69,gcc2_compiled.,0x22c8b8,0,NOTYPE,LOCAL,2
SLUS_204.69,__gnu_compiled_c,0x22c8b8,0,NOTYPE,LOCAL,2
SLUS_204.69,s_nGblFadeInit,0x4dc3c0,4,OBJECT,LOCAL,12
SLUS_204.69,s_nGblFade,0x4dc3c4,4,OBJECT,LOCAL,12
SLUS_204.69,s_nClearFrame,0x4dc3c8,4,OBJECT,LOCAL,12
SLUS_204.69,xglRenderSyncInit,0x22cbe0,36,FUNC,LOCAL,2
SLUS_204.69,xglRenderSyncMove,0x22cc08,132,FUNC,LOCAL,2
SLUS_204.69,xglRenderDrawEnvInit,0x22cc90,1552,FUNC,LOCAL,2
SLUS_204.69,xglRenderDispEnvInit,0x22d338,124,FUNC,LOCAL,2
SLUS_204.69,xglRenderClearEnvInit,0x22d590,196,FUNC,LOCAL,2
SLUS_204.69,asDispReso,0x4a8dc0,48,OBJECT,LOCAL,5
SLUS_204.69,asVramBase,0x4a8df0,144,OBJECT,LOCAL,5
SLUS_204.69,xglRenderFinalPacket,0x22d8c8,116,FUNC,LOCAL,2
SLUS_204.69,xglRenderGlobalFade,0x22da60,404,FUNC,LOCAL,2
SLUS_204.69,TestEnv.0,0x4a8e80,96,OBJECT,LOCAL,5
SLUS_204.69,xglRenderClear,0x22dc10,104,FUNC,LOCAL,2
SLUS_204.69,xglRenderMove,0x22dc78,368,FUNC,LOCAL,2
SLUS_204.69,gcc2_compiled.,0x22de28,0,NOTYPE,LOCAL,2
SLUS_204.69,__gnu_compiled_c,0x22de28,0,NOTYPE,LOCAL,2
SLUS_204.69,_VectorLengthSQ,0x22de28,44,FUNC,LOCAL,2
SLUS_204.69,_CurSetMatrix,0x22de58,24,FUNC,LOCAL,2
SLUS_204.69,_CurSetViewScaleTrans,0x22de70,16,FUNC,LOCAL,2
SLUS_204.69,_CurRotTransPersClip,0x22de80,100,FUNC,LOCAL,2
SLUS_204.69,_CurRotTransPersFog,0x22dee8,64,FUNC,LOCAL,2
SLUS_204.69,_CurApplyMatrix,0x22df28,32,FUNC,LOCAL,2
SLUS_204.69,_WeightToGlobalVec,0x22df48,184,FUNC,LOCAL,2
SLUS_204.69,_MinMaxSort,0x22e000,32,FUNC,LOCAL,2
SLUS_204.69,s_aShapeMathPara,0x4a9140,40,OBJECT,LOCAL,5
SLUS_204.69,s_pMapLast,0x4dc3e0,4,OBJECT,LOCAL,12
SLUS_204.69,CLEAR_LAYOUT_MODEL,0x22e020,476,FUNC,LOCAL,2
SLUS_204.69,s_inGblPlace,0x9558c0,0,NOTYPE,LOCAL,14
SLUS_204.69,s_inGblPos,0x9558b0,0,NOTYPE,LOCAL,14
SLUS_204.69,s_inScale,0x954ae0,0,NOTYPE,LOCAL,14
SLUS_204.69,s_nCircleShadow,0x4dc3e4,4,OBJECT,LOCAL,12
SLUS_204.69,CONSTRUCT_CIRCLR_SHADOW,0x22e200,552,FUNC,LOCAL,2
SLUS_204.69,s_aCircleShadow,0x955900,0,NOTYPE,LOCAL,14
SLUS_204.69,s_aCircleShadowClut,0x956920,0,NOTYPE,LOCAL,14
SLUS_204.69,set_circle_shadow_ratio,0x230fa0,132,FUNC,LOCAL,2
SLUS_204.69,CONSTRUCT_ALPHA_GROUP,0x22e428,12,FUNC,LOCAL,2
SLUS_204.69,s_nAlphaGroup,0x4dc708,0,NOTYPE,LOCAL,13
SLUS_204.69,s_nNonAlphaGroup,0x4dc70c,0,NOTYPE,LOCAL,13
SLUS_204.69,INIT_ALPHA_GROUP,0x22e438,20,FUNC,LOCAL,2
SLUS_204.69,FLUSH_ALPHA_GROUP,0x22e450,12,FUNC,LOCAL,2
SLUS_204.69,CLEAR_PROREAL,0x22e460,8,FUNC,LOCAL,2
SLUS_204.69,CONSTRUCT_BACK_BUFFER,0x22e468,56,FUNC,LOCAL,2
SLUS_204.69,s_inBackBuffer,0x95bb20,0,NOTYPE,LOCAL,14
SLUS_204.69,INIT_BACK_BUFFER,0x22e4a0,52,FUNC,LOCAL,2
SLUS_204.69,FLUSH_BACK_BUFFER,0x22e4d8,12,FUNC,LOCAL,2
SLUS_204.69,s_nParentBuf,0x4dc3e8,4,OBJECT,LOCAL,12
SLUS_204.69,CONSTRUCT_PARENT_BUF,0x22e4e8,8,FUNC,LOCAL,2
SLUS_204.69,INIT_PARENT_BUF,0x22e4f0,20,FUNC,LOCAL,2
SLUS_204.69,FLUSH_PARENT_BUF,0x22e508,8,FUNC,LOCAL,2
SLUS_204.69,CONSTRUCT_MAP_HANDLE,0x22e510,12,FUNC,LOCAL,2
SLUS_204.69,INIT_MAP_HANDLE,0x22e520,20,FUNC,LOCAL,2
SLUS_204.69,CLEAR_MAP_HANDLE,0x22e538,8,FUNC,LOCAL,2
SLUS_204.69,FLUSH_MAP_HANDLE,0x22e540,8,FUNC,LOCAL,2
SLUS_204.69,CONSTRUCT_FADE_CONTROL,0x22e548,40,FUNC,LOCAL,2
SLUS_204.69,INIT_FADE_CONTROL,0x22e570,20,FUNC,LOCAL,2
SLUS_204.69,s_nToumeiNum,0x4dc3ec,4,OBJECT,LOCAL,12
SLUS_204.69,s_nShadowVec,0x4dc3f0,4,OBJECT,LOCAL,12
SLUS_204.69,s_nMapShadowParts,0x4dc3f4,4,OBJECT,LOCAL,12
SLUS_204.69,s_fSortOffsetEntry,0x4dc3f8,4,OBJECT,LOCAL,12
SLUS_204.69,s_fSortOffset,0x4dc3fc,4,OBJECT,LOCAL,12
SLUS_204.69,s_nParent,0x4dc400,4,OBJECT,LOCAL,12
SLUS_204.69,s_nClip,0x4dc404,4,OBJECT,LOCAL,12
SLUS_204.69,s_nShapeNum,0x4dc408,4,OBJECT,LOCAL,12
SLUS_204.69,s_nDispVisible,0x4dc40c,4,OBJECT,LOCAL,12
SLUS_204.69,s_nMapClip,0x4dc410,4,OBJECT,LOCAL,12
SLUS_204.69,CLEAR_MODEL_ENTRY,0x22e588,60,FUNC,LOCAL,2
SLUS_204.69,s_aTexName,0x968840,0,NOTYPE,LOCAL,14
SLUS_204.69,s_aMatName,0x968860,0,NOTYPE,LOCAL,14
SLUS_204.69,s_nStencilVal,0x4dc414,4,OBJECT,LOCAL,12
SLUS_204.69,s_nCount,0x4dc418,4,OBJECT,LOCAL,12
SLUS_204.69,s_nPacketSignal,0x4dc41c,4,OBJECT,LOCAL,12
SLUS_204.69,s_nModel,0x4dc420,4,OBJECT,LOCAL,12
SLUS_204.69,s_nBlocks,0x4dc424,4,OBJECT,LOCAL,12
SLUS_204.69,s_nDirect,0x4dc428,4,OBJECT,LOCAL,12
SLUS_204.69,s_nBlocksAlpha,0x4dc42c,4,OBJECT,LOCAL,12
SLUS_204.69,s_nBlocksAlphaLast,0x4dc430,4,OBJECT,LOCAL,12
SLUS_204.69,s_nAnotherStudio,0x4dc434,4,OBJECT,LOCAL,12
SLUS_204.69,s_nUseStealth,0x4dc438,4,OBJECT,LOCAL,12
SLUS_204.69,s_nUseGnosys,0x4dc43c,4,OBJECT,LOCAL,12
SLUS_204.69,s_nUseZwrite,0x4dc440,4,OBJECT,LOCAL,12
SLUS_204.69,s_nUseBackBuffer,0x4dc444,4,OBJECT,LOCAL,12
SLUS_204.69,s_nMapAlphaEntry,0x4dc448,4,OBJECT,LOCAL,12
SLUS_204.69,s_nEffectWrite,0x4dc44c,4,OBJECT,LOCAL,12
SLUS_204.69,s_nMapLast,0x4dc450,4,OBJECT,LOCAL,12
SLUS_204.69,s_nFadeDoit,0x4dc454,4,OBJECT,LOCAL,12
SLUS_204.69,s_nPause,0x4dc458,4,OBJECT,LOCAL,12
SLUS_204.69,s_nMenu,0x4dc45c,4,OBJECT,LOCAL,12
SLUS_204.69,s_nFrameLockOff,0x4dc460,4,OBJECT,LOCAL,12
SLUS_204.69,s_nMainCameraWarp,0x4dc464,4,OBJECT,LOCAL,12
SLUS_204.69,s_nRenderCancel,0x4dc468,4,OBJECT,LOCAL,12
SLUS_204.69,s_nRenderCancelOld,0x4dc46c,4,OBJECT,LOCAL,12
SLUS_204.69,CONSTRUCT_MODELSYSTEM,0x22e5c8,160,FUNC,LOCAL,2
SLUS_204.69,s_inGblPointC,0x9688c0,0,NOTYPE,LOCAL,14
SLUS_204.69,s_inGblFogCol,0x968900,0,NOTYPE,LOCAL,14
SLUS_204.69,s_inGblFogPara,0x968910,0,NOTYPE,LOCAL,14
SLUS_204.69,INIT_MODELSYSTEM,0x22e668,20,FUNC,LOCAL,2
SLUS_204.69,FLUSH_MODELSYSTEM,0x22e680,144,FUNC,LOCAL,2
SLUS_204.69,s_inMainCameraPos,0x968920,0,NOTYPE,LOCAL,14
SLUS_204.69,s_inMainCameraAng,0x968930,0,NOTYPE,LOCAL,14
SLUS_204.69,s_inFadeIn,0x95dba0,0,NOTYPE,LOCAL,14
SLUS_204.69,s_inFadeOut,0x95db60,0,NOTYPE,LOCAL,14
SLUS_204.69,s_inActiveFadeIn,0x95dc20,0,NOTYPE,LOCAL,14
SLUS_204.69,s_inActiveFadeOut,0x95dbe0,0,NOTYPE,LOCAL,14
SLUS_204.69,fade_render,0x22e988,704,FUNC,LOCAL,2
SLUS_204.69,fade_set,0x22eca8,120,FUNC,LOCAL,2
SLUS_204.69,s_inGblPointP,0x968880,0,NOTYPE,LOCAL,14
SLUS_204.69,s_inShadowVec,0x9550a0,0,NOTYPE,LOCAL,14
SLUS_204.69,s_inProReal,0x95b940,0,NOTYPE,LOCAL,14
SLUS_204.69,s_aShapeId,0x954f70,0,NOTYPE,LOCAL,14
SLUS_204.69,s_aShapeWeight,0x954ff0,0,NOTYPE,LOCAL,14
SLUS_204.69,s_aToumeiId,0x954ef0,0,NOTYPE,LOCAL,14
SLUS_204.69,s_aToumei,0x954f30,0,NOTYPE,LOCAL,14
SLUS_204.69,s_aTexOffset,0x4dc700,0,NOTYPE,LOCAL,13
SLUS_204.69,s_inMulColor,0x954ad0,0,NOTYPE,LOCAL,14
SLUS_204.69,nmlModelFogPara,0x230040,200,FUNC,LOCAL,2
SLUS_204.69,s_inMapHandle,0x95db50,0,NOTYPE,LOCAL,14
SLUS_204.69,s_aMapLast,0x955070,0,NOTYPE,LOCAL,14
SLUS_204.69,s_aDispVisible,0x954af0,0,NOTYPE,LOCAL,14
SLUS_204.69,s_aDirect,0x95dc60,0,NOTYPE,LOCAL,14
SLUS_204.69,TestEnv.0,0x4a9170,96,OBJECT,LOCAL,5
SLUS_204.69,nmlModelDirectXtxSub,0x2308a8,240,FUNC,LOCAL,2
SLUS_204.69,set_group_status,0x230a28,368,FUNC,LOCAL,2
SLUS_204.69,AlphaGroupSortEntry,0x230b98,104,FUNC,LOCAL,2
SLUS_204.69,s_aAlphaGroup,0x957940,0,NOTYPE,LOCAL,14
SLUS_204.69,AlphaGroupLastEntry,0x230c00,356,FUNC,LOCAL,2
SLUS_204.69,s_apBlockLast,0x954a10,0,NOTYPE,LOCAL,14
SLUS_204.69,s_aBlockLayoutLast,0x954a90,0,NOTYPE,LOCAL,14
SLUS_204.69,s_apModelLayout,0x9550b0,0,NOTYPE,LOCAL,14
SLUS_204.69,s_apBlock,0x94e410,0,NOTYPE,LOCAL,14
SLUS_204.69,s_aBlockLayout,0x952410,0,NOTYPE,LOCAL,14
SLUS_204.69,AlphaGroupSort,0x230d68,112,FUNC,LOCAL,2
SLUS_204.69,_$ags_start,0x230d7c,0,NOTYPE,LOCAL,2
SLUS_204.69,_$ags_loop,0x230d8c,0,NOTYPE,LOCAL,2
SLUS_204.69,_$ags_next,0x230db8,0,NOTYPE,LOCAL,2
SLUS_204.69,is_shadow_map_parts,0x230dd8,80,FUNC,LOCAL,2
SLUS_204.69,is_parts_transparency,0x230e28,88,FUNC,LOCAL,2
SLUS_204.69,is_block_last_entry,0x230e80,88,FUNC,LOCAL,2
SLUS_204.69,s_aParentBuf,0x95bb50,0,NOTYPE,LOCAL,14
SLUS_204.69,parent_buf_search,0x230f28,116,FUNC,LOCAL,2
SLUS_204.69,nmlModelLexBlockDoit,0x231108,888,FUNC,LOCAL,2
SLUS_204.69,nmlModelStealthEntry,0x231480,372,FUNC,LOCAL,2
SLUS_204.69,nmlModelCalcSample,0x2315f8,584,FUNC,LOCAL,2
SLUS_204.69,nmlModelCalcEntryClip,0x231840,340,FUNC,LOCAL,2
SLUS_204.69,deapth_for_studio,0x231998,160,FUNC,LOCAL,2
SLUS_204.69,nmlModelCalcSpecularClip,0x231a38,788,FUNC,LOCAL,2
SLUS_204.69,nmlModelCalcDropShadow,0x231d50,284,FUNC,LOCAL,2
SLUS_204.69,nmlModelCalcEntryProjectCircle,0x231e70,1108,FUNC,LOCAL,2
SLUS_204.69,nmlModelCalcEntryProjectMap,0x2322c8,1556,FUNC,LOCAL,2
SLUS_204.69,nmlModelCalcEntryPartsClip,0x2328e0,544,FUNC,LOCAL,2
SLUS_204.69,s_aNonAlphaGroup,0x959940,0,NOTYPE,LOCAL,14
SLUS_204.69,s_aBLsave,0x954810,0,NOTYPE,LOCAL,14
SLUS_204.69,s_aBPsave,0x954410,0,NOTYPE,LOCAL,14
SLUS_204.69,nmlModelRenderProreal,0x234238,1428,FUNC,LOCAL,2
SLUS_204.69,nmlModelRenderTexture,0x2347d0,660,FUNC,LOCAL,2
SLUS_204.69,nmlModelRenderCircle,0x234a68,264,FUNC,LOCAL,2
SLUS_204.69,nmlModelRenderDropCircle,0x234b70,208,FUNC,LOCAL,2
SLUS_204.69,nmlModelRenderDrop,0x234c40,484,FUNC,LOCAL,2
SLUS_204.69,nmlModelFlushSubNonAlpha,0x234e28,964,FUNC,LOCAL,2
SLUS_204.69,nmlModelFlushSubAlpha,0x2351f0,2072,FUNC,LOCAL,2
SLUS_204.69,nmlModelFlushSub,0x235a08,1232,FUNC,LOCAL,2
SLUS_204.69,gcc2_compiled.,0x236448,0,NOTYPE,LOCAL,2
SLUS_204.69,__gnu_compiled_c,0x236448,0,NOTYPE,LOCAL,2
SLUS_204.69,s_aNormalTbl,0x4d2910,1824,OBJECT,LOCAL,10
SLUS_204.69,s_aUcodeDropNull,0x4a9500,20,OBJECT,LOCAL,5
SLUS_204.69,s_aUcodeDrop,0x4a9518,20,OBJECT,LOCAL,5
SLUS_204.69,s_aUcodeTexEnvNull,0x4a9530,20,OBJECT,LOCAL,5
SLUS_204.69,s_aUcodeTexEnv,0x4a9548,20,OBJECT,LOCAL,5
SLUS_204.69,s_aUcodeAddAdr,0x4a9560,20,OBJECT,LOCAL,5
SLUS_204.69,s_aUcodeAddAdrZbuf,0x4a9578,20,OBJECT,LOCAL,5
SLUS_204.69,s_aUcodeAddFaceAdr,0x4a9590,20,OBJECT,LOCAL,5
SLUS_204.69,s_aUcodeAddBackAdr,0x4a95a8,20,OBJECT,LOCAL,5
SLUS_204.69,s_aUcodeAddEnvAdr,0x4a95c0,48,OBJECT,LOCAL,5
SLUS_204.69,s_aUcodeAddEnvAdrZbuf,0x4a95f0,48,OBJECT,LOCAL,5
SLUS_204.69,s_aUcodeAddEnvNullAdr,0x4a9620,48,OBJECT,LOCAL,5
SLUS_204.69,s_aUcodeAddEnvFaceAdr,0x4a9650,48,OBJECT,LOCAL,5
SLUS_204.69,s_aUcodeAddEnvBackAdr,0x4a9680,48,OBJECT,LOCAL,5
SLUS_204.69,s_aUcodeProAdr,0x4a96b0,24,OBJECT,LOCAL,5
SLUS_204.69,s_aUcodeProSkipAdr,0x4a96c8,28,OBJECT,LOCAL,5
SLUS_204.69,s_aUcodeProFaceAdr,0x4a96e8,24,OBJECT,LOCAL,5
SLUS_204.69,s_aUcodeProBackAdr,0x4a9700,24,OBJECT,LOCAL,5
SLUS_204.69,s_aUcodeEnvAdr,0x4a9718,48,OBJECT,LOCAL,5
SLUS_204.69,s_aUcodeEnvAdrZbuf,0x4a9748,48,OBJECT,LOCAL,5
SLUS_204.69,s_aUcodeEnvFaceAdr,0x4a9778,48,OBJECT,LOCAL,5
SLUS_204.69,s_aUcodeEnvBackAdr,0x4a97a8,48,OBJECT,LOCAL,5
SLUS_204.69,s_aUcodeEnvNullAdr,0x4a97d8,48,OBJECT,LOCAL,5
SLUS_204.69,s_aUcodeAdr,0x4a9808,24,OBJECT,LOCAL,5
SLUS_204.69,s_aUcodeAdrZbuf,0x4a9820,24,OBJECT,LOCAL,5
SLUS_204.69,s_aUcodeFaceAdr,0x4a9838,24,OBJECT,LOCAL,5
SLUS_204.69,s_aUcodeBackAdr,0x4a9850,24,OBJECT,LOCAL,5
SLUS_204.69,s_aUcodeTbl,0x4a9868,168,OBJECT,LOCAL,5
SLUS_204.69,_CurMatrixSet,0x236448,24,FUNC,LOCAL,2
SLUS_204.69,_CurMatrixGet,0x236460,24,FUNC,LOCAL,2
SLUS_204.69,_CurMatrixMul,0x236478,100,FUNC,LOCAL,2
SLUS_204.69,_CurApplyMatrix,0x2364e0,32,FUNC,LOCAL,2
SLUS_204.69,_CurMatrixMul33norm,0x236500,192,FUNC,LOCAL,2
SLUS_204.69,_CurSetViewScaleTrans,0x2365c0,16,FUNC,LOCAL,2
SLUS_204.69,_CurRotTransPersClip,0x2365d0,112,FUNC,LOCAL,2
SLUS_204.69,_CurSetMatrix,0x236640,24,FUNC,LOCAL,2
SLUS_204.69,s_pPacket,0x4dc488,4,OBJECT,LOCAL,12
SLUS_204.69,s_pCacheTexture,0x4dc48c,4,OBJECT,LOCAL,12
SLUS_204.69,s_pMatrixCache,0x4dc490,4,OBJECT,LOCAL,12
SLUS_204.69,s_pModelCache,0x4dc494,4,OBJECT,LOCAL,12
SLUS_204.69,s_pModelLayout,0x4dc498,4,OBJECT,LOCAL,12
SLUS_204.69,s_nModelParts,0x4dc49c,4,OBJECT,LOCAL,12
SLUS_204.69,s_pLightLayout,0x4dc4a0,4,OBJECT,LOCAL,12
SLUS_204.69,s_nLightPara,0x4dc4a4,4,OBJECT,LOCAL,12
SLUS_204.69,s_nProgType,0x4dc4a8,4,OBJECT,LOCAL,12
SLUS_204.69,s_nPixelTestType,0x4dc4ac,4,OBJECT,LOCAL,12
SLUS_204.69,s_nReflRotType,0x4dc4b0,4,OBJECT,LOCAL,12
SLUS_204.69,s_inReflRotX,0x4dc4b4,4,OBJECT,LOCAL,12
SLUS_204.69,s_inReflRotY,0x4dc4b8,4,OBJECT,LOCAL,12
SLUS_204.69,s_inLc0,0x968940,0,NOTYPE,LOCAL,14
SLUS_204.69,nmlPacketTextureTrans,0x237c38,328,FUNC,LOCAL,2
SLUS_204.69,add_exec_prog,0x2386c8,1248,FUNC,LOCAL,2
SLUS_204.69,_$psa_loop,0x238f00,0,NOTYPE,LOCAL,2
SLUS_204.69,_$psa16_loop,0x238f88,0,NOTYPE,LOCAL,2
SLUS_204.69,gcc2_compiled.,0x23a290,0,NOTYPE,LOCAL,2
SLUS_204.69,__gnu_compiled_c,0x23a290,0,NOTYPE,LOCAL,2
SLUS_204.69,_CurSetMatrix,0x23a290,24,FUNC,LOCAL,2
SLUS_204.69,_CurSetViewScaleTrans,0x23a2a8,16,FUNC,LOCAL,2
SLUS_204.69,_CurRotTransPersClip,0x23a2b8,100,FUNC,LOCAL,2
SLUS_204.69,nmlModelSetFilterGunosys,0x23a320,1284,FUNC,LOCAL,2
SLUS_204.69,nmlModelSetFilterStealth,0x23a828,2368,FUNC,LOCAL,2
SLUS_204.69,_WeightToGlobalPlaceInit,0x23b168,24,FUNC,LOCAL,2
SLUS_204.69,_WeightToGlobalPlaceVec,0x23b180,152,FUNC,LOCAL,2
SLUS_204.69,_VectorLengthSQ,0x23b218,44,FUNC,LOCAL,2
SLUS_204.69,gcc2_compiled.,0x23e0e0,0,NOTYPE,LOCAL,2
SLUS_204.69,__gnu_compiled_c,0x23e0e0,0,NOTYPE,LOCAL,2
SLUS_204.69,s_aMapCullingPro02,0x4d3140,72,OBJECT,LOCAL,10
SLUS_204.69,s_aMapCullingVok03,0x4d3188,72,OBJECT,LOCAL,10
SLUS_204.69,s_aMapCullingVok04,0x4d31d0,108,OBJECT,LOCAL,10
SLUS_204.69,s_aMapCullingVok14,0x4d3240,108,OBJECT,LOCAL,10
SLUS_204.69,s_aMapCullingVok07,0x4d32b0,108,OBJECT,LOCAL,10
SLUS_204.69,s_aMapCullingVok10,0x4d3320,108,OBJECT,LOCAL,10
SLUS_204.69,s_aMapCullingVok11,0x4d3390,108,OBJECT,LOCAL,10
SLUS_204.69,s_aMapCullingVok12,0x4d3400,144,OBJECT,LOCAL,10
SLUS_204.69,s_aMapCullingKou01,0x4d3490,72,OBJECT,LOCAL,10
SLUS_204.69,s_aMapLastVok13,0x4d34d8,48,OBJECT,LOCAL,10
SLUS_204.69,s_aMapLastVok13b,0x4d3508,48,OBJECT,LOCAL,10
SLUS_204.69,s_aMapLastKou01,0x4d3538,48,OBJECT,LOCAL,10
SLUS_204.69,s_aMapLastKou04,0x4d3568,48,OBJECT,LOCAL,10
SLUS_204.69,s_aMapLastKou05,0x4d3598,48,OBJECT,LOCAL,10
SLUS_204.69,s_aMapLastGnu01,0x4d35c8,48,OBJECT,LOCAL,10
SLUS_204.69,s_aMapLastGnu02,0x4d35f8,48,OBJECT,LOCAL,10
SLUS_204.69,s_aMapLastGnu03,0x4d3628,48,OBJECT,LOCAL,10
SLUS_204.69,s_aMapLastGnu04,0x4d3658,48,OBJECT,LOCAL,10
SLUS_204.69,s_aMapLastGnu05,0x4d3688,48,OBJECT,LOCAL,10
SLUS_204.69,s_aMapLastGnu06,0x4d36b8,48,OBJECT,LOCAL,10
SLUS_204.69,s_aMapLastKuk16,0x4d36e8,48,OBJECT,LOCAL,10
SLUS_204.69,s_aMapLastKuk12,0x4d3718,48,OBJECT,LOCAL,10
SLUS_204.69,s_aMapLastKuk11,0x4d3748,48,OBJECT,LOCAL,10
SLUS_204.69,s_aMapLastKuk02,0x4d3778,48,OBJECT,LOCAL,10
SLUS_204.69,s_aMapLastDyu04,0x4d37a8,48,OBJECT,LOCAL,10
SLUS_204.69,s_aMapLastDyu07,0x4d37d8,48,OBJECT,LOCAL,10
SLUS_204.69,s_aMapLastDyu10,0x4d3808,48,OBJECT,LOCAL,10
SLUS_204.69,s_aMapLastDyu12,0x4d3838,48,OBJECT,LOCAL,10
SLUS_204.69,s_aMapLastDyu13,0x4d3868,48,OBJECT,LOCAL,10
SLUS_204.69,s_aMapLastDyu16,0x4d3898,48,OBJECT,LOCAL,10
SLUS_204.69,s_aMapLastDyu15,0x4d38c8,48,OBJECT,LOCAL,10
SLUS_204.69,s_aMapLastVok24,0x4d38f8,48,OBJECT,LOCAL,10
SLUS_204.69,s_aMapLastVok10,0x4d3928,48,OBJECT,LOCAL,10
SLUS_204.69,s_aMapLastVok12,0x4d3958,48,OBJECT,LOCAL,10
SLUS_204.69,s_aMapLastVok12b,0x4d3988,48,OBJECT,LOCAL,10
SLUS_204.69,s_aMapLastVok03,0x4d39b8,48,OBJECT,LOCAL,10
SLUS_204.69,s_aMapLastVok04,0x4d39e8,48,OBJECT,LOCAL,10
SLUS_204.69,s_aMapLastVok07,0x4d3a18,48,OBJECT,LOCAL,10
SLUS_204.69,s_aMapLastEls03,0x4d3a48,48,OBJECT,LOCAL,10
SLUS_204.69,s_aMapLastEls02,0x4d3a78,48,OBJECT,LOCAL,10
SLUS_204.69,s_aMapLastEls02b,0x4d3aa8,48,OBJECT,LOCAL,10
SLUS_204.69,s_aMapLastEls09,0x4d3ad8,48,OBJECT,LOCAL,10
SLUS_204.69,s_aMapLastEls10,0x4d3b08,48,OBJECT,LOCAL,10
SLUS_204.69,s_aMapLastEls04,0x4d3b38,48,OBJECT,LOCAL,10
SLUS_204.69,s_aMapLastEls04b,0x4d3b68,48,OBJECT,LOCAL,10
SLUS_204.69,s_aMapLastEls01,0x4d3b98,48,OBJECT,LOCAL,10
SLUS_204.69,s_aMapLastGnk02,0x4d3bc8,48,OBJECT,LOCAL,10
SLUS_204.69,s_aMapLastGnk21,0x4d3bf8,48,OBJECT,LOCAL,10
SLUS_204.69,s_aMapLastGnk20,0x4d3c28,48,OBJECT,LOCAL,10
SLUS_204.69,s_aMapLastGnk18,0x4d3c58,48,OBJECT,LOCAL,10
SLUS_204.69,s_aMapLastGnk15,0x4d3c88,48,OBJECT,LOCAL,10
SLUS_204.69,s_aMapLastGnk14,0x4d3cb8,48,OBJECT,LOCAL,10
SLUS_204.69,s_aMapLastGnk13,0x4d3ce8,48,OBJECT,LOCAL,10
SLUS_204.69,s_aMapLastGnk12,0x4d3d18,48,OBJECT,LOCAL,10
SLUS_204.69,s_aMapLastGnk11,0x4d3d48,48,OBJECT,LOCAL,10
SLUS_204.69,s_aMapLastGnk10,0x4d3d78,48,OBJECT,LOCAL,10
SLUS_204.69,s_aMapLastGnk09,0x4d3da8,48,OBJECT,LOCAL,10
SLUS_204.69,s_aMapLastGnk04,0x4d3dd8,48,OBJECT,LOCAL,10
SLUS_204.69,s_aMapLastUta17,0x4d3e08,48,OBJECT,LOCAL,10
SLUS_204.69,s_aMapLastUta13,0x4d3e38,48,OBJECT,LOCAL,10
SLUS_204.69,s_aMapLastUta08,0x4d3e68,48,OBJECT,LOCAL,10
SLUS_204.69,s_aMapLastUta07,0x4d3e98,48,OBJECT,LOCAL,10
SLUS_204.69,s_aMapLastUta06,0x4d3ec8,48,OBJECT,LOCAL,10
SLUS_204.69,s_aMapLastUta05,0x4d3ef8,48,OBJECT,LOCAL,10
SLUS_204.69,s_aMapLastUta04,0x4d3f28,48,OBJECT,LOCAL,10
SLUS_204.69,s_aMapLastUta03,0x4d3f58,48,OBJECT,LOCAL,10
SLUS_204.69,s_aMapLastKas20,0x4d3f88,48,OBJECT,LOCAL,10
SLUS_204.69,s_aMapLastKas19,0x4d3fb8,48,OBJECT,LOCAL,10
SLUS_204.69,s_aMapLastKas18,0x4d3fe8,48,OBJECT,LOCAL,10
SLUS_204.69,s_aMapLastKas13,0x4d4018,48,OBJECT,LOCAL,10
SLUS_204.69,s_aMapLastKas12,0x4d4048,48,OBJECT,LOCAL,10
SLUS_204.69,s_aMapLastKas04,0x4d4078,48,OBJECT,LOCAL,10
SLUS_204.69,s_aMapLastKas31,0x4d40a8,48,OBJECT,LOCAL,10
SLUS_204.69,s_aMapLastUtk05,0x4d40d8,48,OBJECT,LOCAL,10
SLUS_204.69,s_aMapLastUtk04,0x4d4108,48,OBJECT,LOCAL,10
SLUS_204.69,s_aCullingMap,0x4d4138,1120,OBJECT,LOCAL,10
SLUS_204.69,s_aCullingBase,0x4d49e8,36,OBJECT,LOCAL,10
SLUS_204.69,s_nIgnoreCulling,0x4dc4d4,4,OBJECT,LOCAL,12
SLUS_204.69,culling_matrix,0x23e0e0,472,FUNC,LOCAL,2
SLUS_204.69,culling_cell_disp,0x23e2b8,8,FUNC,LOCAL,2
SLUS_204.69,plane_from_points,0x23e480,240,FUNC,LOCAL,2
SLUS_204.69,s_inCulling,0x968980,0,NOTYPE,LOCAL,14
SLUS_204.69,_ModelCalcClipInit,0x23ef50,40,FUNC,LOCAL,2
SLUS_204.69,_ModelCalcClipMat2,0x23ef78,412,FUNC,LOCAL,2
SLUS_204.69,_$mcc2_set_end,0x23f100,0,NOTYPE,LOCAL,2
SLUS_204.69,_$mcc2_clr_end,0x23f0f4,0,NOTYPE,LOCAL,2
SLUS_204.69,_$mcc2_exit,0x23f108,0,NOTYPE,LOCAL,2
SLUS_204.69,_ModelCalcClipMat1,0x23f118,308,FUNC,LOCAL,2
SLUS_204.69,_$mcc1_set_end,0x23f238,0,NOTYPE,LOCAL,2
SLUS_204.69,_$mcc1_clr_end,0x23f22c,0,NOTYPE,LOCAL,2
SLUS_204.69,_$mcc1_exit,0x23f240,0,NOTYPE,LOCAL,2
SLUS_204.69,_ModelCalcClip,0x23f250,264,FUNC,LOCAL,2
SLUS_204.69,_$mcc_reg_start,0x23f254,0,NOTYPE,LOCAL,2
SLUS_204.69,_$mcc_set_end,0x23f344,0,NOTYPE,LOCAL,2
SLUS_204.69,_$mcc_clr_end,0x23f338,0,NOTYPE,LOCAL,2
SLUS_204.69,_$mcc_exit,0x23f34c,0,NOTYPE,LOCAL,2
SLUS_204.69,gcc2_compiled.,0x23f960,0,NOTYPE,LOCAL,2
SLUS_204.69,__gnu_compiled_c,0x23f960,0,NOTYPE,LOCAL,2
SLUS_204.69,MYclientPtr,0x969780,0,NOTYPE,LOCAL,14
SLUS_204.69,MYserverPtr,0x9797c0,0,NOTYPE,LOCAL,14
SLUS_204.69,MYthreadStack,0x9897e0,0,NOTYPE,LOCAL,14
SLUS_204.69,MYwaveTransThStack,0x98d7e0,0,NOTYPE,LOCAL,14
SLUS_204.69,gcc2_compiled.,0x240478,0,NOTYPE,LOCAL,2
SLUS_204.69,__gnu_compiled_c,0x240478,0,NOTYPE,LOCAL,2
SLUS_204.69,gcc2_compiled.,0x2405e8,0,NOTYPE,LOCAL,2
SLUS_204.69,__gnu_compiled_c,0x2405e8,0,NOTYPE,LOCAL,2
SLUS_204.69,gcc2_compiled.,0x2412d0,0,NOTYPE,LOCAL,2
SLUS_204.69,__gnu_compiled_c,0x2412d0,0,NOTYPE,LOCAL,2
SLUS_204.69,gcc2_compiled.,0x2419c0,0,NOTYPE,LOCAL,2
SLUS_204.69,__gnu_compiled_c,0x2419c0,0,NOTYPE,LOCAL,2
SLUS_204.69,gcc2_compiled.,0x2420a8,0,NOTYPE,LOCAL,2
SLUS_204.69,__gnu_compiled_c,0x2420a8,0,NOTYPE,LOCAL,2
SLUS_204.69,gcc2_compiled.,0x242668,0,NOTYPE,LOCAL,2
SLUS_204.69,__gnu_compiled_c,0x242668,0,NOTYPE,LOCAL,2
SLUS_204.69,saveEffe,0x4d8a50,4,OBJECT,LOCAL,12
SLUS_204.69,shopEffe,0x4d8a54,4,OBJECT,LOCAL,12
SLUS_204.69,evsEffe,0x4d8a58,4,OBJECT,LOCAL,12
SLUS_204.69,retEffe,0x4d8a5c,4,OBJECT,LOCAL,12
SLUS_204.69,GameCFSoundPurgeSub,0x242668,100,FUNC,LOCAL,2
SLUS_204.69,GameCFSoundPurge,0x2426d0,132,FUNC,LOCAL,2
SLUS_204.69,GameCFSoundReload,0x242758,152,FUNC,LOCAL,2
SLUS_204.69,GameCFSoundMenuPurgeFlag,0x4dc508,0,NOTYPE,LOCAL,13
SLUS_204.69,checkAttr,0x243be0,48,FUNC,LOCAL,2
SLUS_204.69,attrPrev,0x4dc510,0,NOTYPE,LOCAL,13
SLUS_204.69,checkTalk,0x243c18,504,FUNC,LOCAL,2
SLUS_204.69,checkTouch,0x243e10,396,FUNC,LOCAL,2
SLUS_204.69,checkItemBox,0x244088,436,FUNC,LOCAL,2
SLUS_204.69,shopNo,0x4dc504,0,NOTYPE,LOCAL,13
SLUS_204.69,str.0,0x338600,12,OBJECT,LOCAL,5
SLUS_204.69,str.1,0x338610,12,OBJECT,LOCAL,5
SLUS_204.69,GameDispTag,0x2446b8,984,FUNC,LOCAL,2
SLUS_204.69,TestEnv.2,0x338620,96,OBJECT,LOCAL,5
SLUS_204.69,GameModeEvtTools,0x244d20,264,FUNC,LOCAL,2
SLUS_204.69,GameModePause,0x244e28,312,FUNC,LOCAL,2
SLUS_204.69,GameModeEvtDebug,0x244f60,256,FUNC,LOCAL,2
SLUS_204.69,prevTouch,0x4dc518,0,NOTYPE,LOCAL,13
SLUS_204.69,GameModeCfEvent,0x245af8,176,FUNC,LOCAL,2
SLUS_204.69,pause_check,0x4dc500,0,NOTYPE,LOCAL,13
SLUS_204.69,gcc2_compiled.,0x246098,0,NOTYPE,LOCAL,2
SLUS_204.69,__gnu_compiled_c,0x246098,0,NOTYPE,LOCAL,2
SLUS_204.69,ShadowEnv,0x3626b0,112,OBJECT,LOCAL,5
SLUS_204.69,DrawShadow,0x246098,36,FUNC,LOCAL,2
SLUS_204.69,DrawCredit,0x2460c0,264,FUNC,LOCAL,2
SLUS_204.69,pause.0,0x362720,13,OBJECT,LOCAL,5
SLUS_204.69,msg1.1,0x362730,44,OBJECT,LOCAL,5
SLUS_204.69,msg2.2,0x362760,35,OBJECT,LOCAL,5
SLUS_204.69,gcc2_compiled.,0x246428,0,NOTYPE,LOCAL,2
SLUS_204.69,__gnu_compiled_c,0x246428,0,NOTYPE,LOCAL,2
SLUS_204.69,TestPrim.0,0x362790,176,OBJECT,LOCAL,5
SLUS_204.69,taskMapChange,0x246470,188,FUNC,LOCAL,2
SLUS_204.69,gcc2_compiled.,0x246918,0,NOTYPE,LOCAL,2
SLUS_204.69,__gnu_compiled_c,0x246918,0,NOTYPE,LOCAL,2
SLUS_204.69,maptbl0000,0x362858,232,OBJECT,LOCAL,5
SLUS_204.69,maptbl0100,0x362940,128,OBJECT,LOCAL,5
SLUS_204.69,maptbl0200,0x3629c0,0,OBJECT,LOCAL,5
SLUS_204.69,maptbl0300,0x3629c0,4,OBJECT,LOCAL,5
SLUS_204.69,maptbl0400,0x3629c8,8,OBJECT,LOCAL,5
SLUS_204.69,maptbl0500,0x3629d0,32,OBJECT,LOCAL,5
SLUS_204.69,maptbl0600,0x3629f0,8,OBJECT,LOCAL,5
SLUS_204.69,maptbl0700,0x3629f8,192,OBJECT,LOCAL,5
SLUS_204.69,maptbl0800,0x362ab8,76,OBJECT,LOCAL,5
SLUS_204.69,maptbl0900,0x362b08,76,OBJECT,LOCAL,5
SLUS_204.69,maptbl1000,0x362b58,4,OBJECT,LOCAL,5
SLUS_204.69,maptbl1100,0x362b60,36,OBJECT,LOCAL,5
SLUS_204.69,maptbl1200,0x362b88,164,OBJECT,LOCAL,5
SLUS_204.69,maptbl1300,0x362c30,96,OBJECT,LOCAL,5
SLUS_204.69,maptbl1400,0x362c90,100,OBJECT,LOCAL,5
SLUS_204.69,maptbl1500,0x362cf8,48,OBJECT,LOCAL,5
SLUS_204.69,maptbl1600,0x362d28,28,OBJECT,LOCAL,5
SLUS_204.69,maptbl1700,0x362d48,56,OBJECT,LOCAL,5
SLUS_204.69,maptbl1800,0x362d80,88,OBJECT,LOCAL,5
SLUS_204.69,gcc2_compiled.,0x246918,0,NOTYPE,LOCAL,2
SLUS_204.69,__gnu_compiled_c,0x246918,0,NOTYPE,LOCAL,2
SLUS_204.69,HokanNow,0x4dcad0,0,NOTYPE,LOCAL,14
SLUS_204.69,CfCameraOfsNow,0x4dc9d0,0,NOTYPE,LOCAL,14
SLUS_204.69,CamLookAt,0x4dca30,0,NOTYPE,LOCAL,14
SLUS_204.69,CamPos,0x4dca80,0,NOTYPE,LOCAL,14
SLUS_204.69,MoveHokan,0x246c60,348,FUNC,LOCAL,2
SLUS_204.69,GetCenter,0x246dc0,100,FUNC,LOCAL,2
SLUS_204.69,GetCameraPos,0x246e28,172,FUNC,LOCAL,2
SLUS_204.69,GetNearestCenter,0x246ed8,288,FUNC,LOCAL,2
SLUS_204.69,CalcLookAt,0x246ff8,644,FUNC,LOCAL,2
SLUS_204.69,CamLookAtPos,0x4dca70,0,NOTYPE,LOCAL,14
SLUS_204.69,CalcCameraPos,0x247280,508,FUNC,LOCAL,2
SLUS_204.69,CamPosPos,0x4dcac0,0,NOTYPE,LOCAL,14
SLUS_204.69,CameraType0,0x247480,2488,FUNC,LOCAL,2
SLUS_204.69,CameraType1Core,0x247e38,416,FUNC,LOCAL,2
SLUS_204.69,CameraType1,0x247fd8,596,FUNC,LOCAL,2
SLUS_204.69,CameraType4,0x248230,560,FUNC,LOCAL,2
SLUS_204.69,GameCameraDefocus,0x248460,516,FUNC,LOCAL,2
SLUS_204.69,pa.0,0x4dc51c,0,NOTYPE,LOCAL,13
SLUS_204.69,t.1,0x4dc520,0,NOTYPE,LOCAL,13
SLUS_204.69,CamPlayer,0x4dc9e0,0,NOTYPE,LOCAL,14
SLUS_204.69,CamPlyPosOld,0x4dca20,0,NOTYPE,LOCAL,14
SLUS_204.69,pre_mode,0x4dc524,0,NOTYPE,LOCAL,13
SLUS_204.69,gcc2_compiled.,0x248ff8,0,NOTYPE,LOCAL,2
SLUS_204.69,__gnu_compiled_c,0x248ff8,0,NOTYPE,LOCAL,2
SLUS_204.69,WALK_THRESHOLD_F,0x4dc52c,0,NOTYPE,LOCAL,13
SLUS_204.69,WALK_THRESHOLD_I,0x4dc528,0,NOTYPE,LOCAL,13
SLUS_204.69,RUN_THRESHOLD_F,0x4dc534,0,NOTYPE,LOCAL,13
SLUS_204.69,VECTOR_RATE,0x4dc538,0,NOTYPE,LOCAL,13
SLUS_204.69,RUN_THRESHOLD_I,0x4dc530,0,NOTYPE,LOCAL,13
SLUS_204.69,rate.0,0x364910,16,OBJECT,LOCAL,5
SLUS_204.69,rate.1,0x364920,16,OBJECT,LOCAL,5
SLUS_204.69,idx.2,0x364930,16,OBJECT,LOCAL,5
SLUS_204.69,vec.3,0x364940,72,OBJECT,LOCAL,5
SLUS_204.69,HitCheckActor,0x249c28,328,FUNC,LOCAL,2
SLUS_204.69,NyuruActor,0x249d70,384,FUNC,LOCAL,2
SLUS_204.69,GameCfPlayerLoadResource_preCID,0x4dc53c,0,NOTYPE,LOCAL,13
SLUS_204.69,GameCfPlayerLoadResource_preCurry,0x4dc53e,0,NOTYPE,LOCAL,13
SLUS_204.69,gcc2_compiled.,0x24a378,0,NOTYPE,LOCAL,2
SLUS_204.69,__gnu_compiled_c,0x24a378,0,NOTYPE,LOCAL,2
SLUS_204.69,CID0,0x364988,216,OBJECT,LOCAL,5
SLUS_204.69,CID1,0x364a60,356,OBJECT,LOCAL,5
SLUS_204.69,CID2,0x364bc8,128,OBJECT,LOCAL,5
SLUS_204.69,CID3,0x364c48,116,OBJECT,LOCAL,5
SLUS_204.69,CID4,0x364cc0,68,OBJECT,LOCAL,5
SLUS_204.69,CID5,0x364d08,40,OBJECT,LOCAL,5
SLUS_204.69,CID6,0x364d30,324,OBJECT,LOCAL,5
SLUS_204.69,RID0,0x364e78,28,OBJECT,LOCAL,5
SLUS_204.69,RID1,0x364e98,56,OBJECT,LOCAL,5
SLUS_204.69,RID2,0x364ed0,44,OBJECT,LOCAL,5
SLUS_204.69,WID0,0x364f00,44,OBJECT,LOCAL,5
SLUS_204.69,WID1,0x364f30,72,OBJECT,LOCAL,5
SLUS_204.69,WID2,0x364f78,24,OBJECT,LOCAL,5
SLUS_204.69,WID3,0x364f90,36,OBJECT,LOCAL,5
SLUS_204.69,WID4,0x364fb8,24,OBJECT,LOCAL,5
SLUS_204.69,WID5,0x364fd0,8,OBJECT,LOCAL,5
SLUS_204.69,WID6,0x364fd8,200,OBJECT,LOCAL,5
SLUS_204.69,WID7,0x3650a0,48,OBJECT,LOCAL,5
SLUS_204.69,WID8,0x3650d0,8,OBJECT,LOCAL,5
SLUS_204.69,EID0,0x3650d8,224,OBJECT,LOCAL,5
SLUS_204.69,EID1,0x3651b8,60,OBJECT,LOCAL,5
SLUS_204.69,EID2,0x3651f8,28,OBJECT,LOCAL,5
SLUS_204.69,EID3,0x365218,32,OBJECT,LOCAL,5
SLUS_204.69,EID4,0x365238,32,OBJECT,LOCAL,5
SLUS_204.69,EID5,0x365258,28,OBJECT,LOCAL,5
SLUS_204.69,EID6,0x365278,8,OBJECT,LOCAL,5
SLUS_204.69,EID7,0x365280,20,OBJECT,LOCAL,5
SLUS_204.69,EID8,0x365298,16,OBJECT,LOCAL,5
SLUS_204.69,EIDf,0x3652a8,136,OBJECT,LOCAL,5
SLUS_204.69,MID0,0x365330,728,OBJECT,LOCAL,5
SLUS_204.69,AID0,0x365608,512,OBJECT,LOCAL,5
SLUS_204.69,MU,0x365808,524,OBJECT,LOCAL,5
SLUS_204.69,MUW,0x365a18,84,OBJECT,LOCAL,5
SLUS_204.69,TRE,0x365a70,44,OBJECT,LOCAL,5
SLUS_204.69,MUX,0x365aa0,44,OBJECT,LOCAL,5
SLUS_204.69,MUF,0x365ad0,44,OBJECT,LOCAL,5
SLUS_204.69,MUS,0x365b00,44,OBJECT,LOCAL,5
SLUS_204.69,CID,0x365b30,96,OBJECT,LOCAL,5
SLUS_204.69,RID,0x365b90,48,OBJECT,LOCAL,5
SLUS_204.69,WID,0x365bc0,120,OBJECT,LOCAL,5
SLUS_204.69,EID,0x365c38,204,OBJECT,LOCAL,5
SLUS_204.69,MID,0x365d08,24,OBJECT,LOCAL,5
SLUS_204.69,AID,0x365d20,24,OBJECT,LOCAL,5
SLUS_204.69,MOBJ,0x365d38,120,OBJECT,LOCAL,5
SLUS_204.69,model,0x365db0,108,OBJECT,LOCAL,5
SLUS_204.69,facePC,0x366200,108,OBJECT,LOCAL,5
SLUS_204.69,faceNPC,0x366270,178,OBJECT,LOCAL,5
SLUS_204.69,facePPL1,0x366328,64,OBJECT,LOCAL,5
SLUS_204.69,facePPL2,0x366368,58,OBJECT,LOCAL,5
SLUS_204.69,facePPL3,0x3663a8,34,OBJECT,LOCAL,5
SLUS_204.69,facePPL4,0x3663d0,20,OBJECT,LOCAL,5
SLUS_204.69,default_callback,0x24a378,20,FUNC,LOCAL,2
SLUS_204.69,tbl.0,0x366420,80,OBJECT,LOCAL,5
SLUS_204.69,RES_getScenePath,0x24a3c0,296,FUNC,LOCAL,2
SLUS_204.69,EnemySeBank,0x4dcb00,0,NOTYPE,LOCAL,14
SLUS_204.69,RES_GetMotBaseID,0x24a5e0,108,FUNC,LOCAL,2
SLUS_204.69,convert_face,0x24a650,152,FUNC,LOCAL,2
SLUS_204.69,resource_typeid_translate,0x24a6e8,232,FUNC,LOCAL,2
SLUS_204.69,resource_get_free,0x24a898,72,FUNC,LOCAL,2
SLUS_204.69,GameResourceWorkReloadTable,0x4dd4c0,0,NOTYPE,LOCAL,14
SLUS_204.69,GameResourceWorkReloadLeader,0x4dc54c,0,NOTYPE,LOCAL,13
SLUS_204.69,next_arc_size,0x24ab38,320,FUNC,LOCAL,2
SLUS_204.69,arcno,0x4dc544,0,NOTYPE,LOCAL,13
SLUS_204.69,arcfileaddr,0x4dc540,0,NOTYPE,LOCAL,13
SLUS_204.69,archeader,0x4dd3c0,0,NOTYPE,LOCAL,14
SLUS_204.69,next_line,0x24ac78,192,FUNC,LOCAL,2
SLUS_204.69,skip_space,0x24ad38,68,FUNC,LOCAL,2
SLUS_204.69,search_key,0x24ad80,512,FUNC,LOCAL,2
SLUS_204.69,command_reset,0x24af80,116,FUNC,LOCAL,2
SLUS_204.69,command_loadmap,0x24aff8,320,FUNC,LOCAL,2
SLUS_204.69,command_loadact,0x24b138,92,FUNC,LOCAL,2
SLUS_204.69,command_loadface,0x24b198,100,FUNC,LOCAL,2
SLUS_204.69,command_loadmot,0x24b200,332,FUNC,LOCAL,2
SLUS_204.69,command_loadtex,0x24b368,132,FUNC,LOCAL,2
SLUS_204.69,command_loadmovie,0x24b3f0,132,FUNC,LOCAL,2
SLUS_204.69,command_loadeffect_sub,0x24b478,100,FUNC,LOCAL,2
SLUS_204.69,command_loadeffect,0x24b4e0,176,FUNC,LOCAL,2
SLUS_204.69,command_loadene_sub,0x24b590,56,FUNC,LOCAL,2
SLUS_204.69,command_loadene,0x24b5c8,176,FUNC,LOCAL,2
SLUS_204.69,command_script,0x24b678,280,FUNC,LOCAL,2
SLUS_204.69,command_player,0x24b790,44,FUNC,LOCAL,2
SLUS_204.69,command_dummy,0x24b7c0,100,FUNC,LOCAL,2
SLUS_204.69,tbl.1,0x366470,28,OBJECT,LOCAL,5
SLUS_204.69,foot_name,0x4dcba0,0,NOTYPE,LOCAL,14
SLUS_204.69,env_name,0x4dcbb0,0,NOTYPE,LOCAL,14
SLUS_204.69,command_loadse,0x24b8d8,1172,FUNC,LOCAL,2
SLUS_204.69,command_loadsmd,0x24bd70,644,FUNC,LOCAL,2
SLUS_204.69,base.2,0x366490,18,OBJECT,LOCAL,5
SLUS_204.69,command_mpeg2_core,0x24bff8,248,FUNC,LOCAL,2
SLUS_204.69,command_mpeg2,0x24c0f0,24,FUNC,LOCAL,2
SLUS_204.69,command_mpeg2battle,0x24c108,64,FUNC,LOCAL,2
SLUS_204.69,command_mpeg2nofade,0x24c148,24,FUNC,LOCAL,2
SLUS_204.69,command_event2battle,0x24c160,40,FUNC,LOCAL,2
SLUS_204.69,command_player_lock,0x24c188,28,FUNC,LOCAL,2
SLUS_204.69,command_enenpcse,0x24c1a8,632,FUNC,LOCAL,2
SLUS_204.69,command_enese,0x24c420,24,FUNC,LOCAL,2
SLUS_204.69,command_npcse,0x24c438,24,FUNC,LOCAL,2
SLUS_204.69,command_disk,0x24c450,48,FUNC,LOCAL,2
SLUS_204.69,command_save,0x24c480,116,FUNC,LOCAL,2
SLUS_204.69,command,0x3664a8,288,OBJECT,LOCAL,5
SLUS_204.69,arcfilepreload,0x4dc548,0,NOTYPE,LOCAL,13
SLUS_204.69,scene_txt_buffer,0x4dcbc0,0,NOTYPE,LOCAL,14
SLUS_204.69,readreq,0x24c598,28,FUNC,LOCAL,2
SLUS_204.69,dummy.3,0x3665c8,15,OBJECT,LOCAL,5
SLUS_204.69,RES_loadFileSubMapSub,0x24c850,352,FUNC,LOCAL,2
SLUS_204.69,RES_loadFileSubMap,0x24c9b0,436,FUNC,LOCAL,2
SLUS_204.69,root.4,0x4d9ec0,6,OBJECT,LOCAL,12
SLUS_204.69,dummy.5,0x4d9ec8,6,OBJECT,LOCAL,12
SLUS_204.69,RES_GetMdlFileNameSub,0x24cbd8,764,FUNC,LOCAL,2
SLUS_204.69,base.6,0x3665d8,13,OBJECT,LOCAL,5
SLUS_204.69,base.7,0x3665e8,29,OBJECT,LOCAL,5
SLUS_204.69,base.8,0x366608,24,OBJECT,LOCAL,5
SLUS_204.69,base.9,0x4d9ee0,6,OBJECT,LOCAL,12
SLUS_204.69,RES_loadFileSub,0x24cf90,1548,FUNC,LOCAL,2
SLUS_204.69,gcc2_compiled.,0x24daa0,0,NOTYPE,LOCAL,2
SLUS_204.69,__gnu_compiled_c,0x24daa0,0,NOTYPE,LOCAL,2
SLUS_204.69,snapname,0x366e20,40,OBJECT,LOCAL,5
SLUS_204.69,snapnameno,0x4d9eec,4,OBJECT,LOCAL,12
SLUS_204.69,snapnamext,0x4d9ef0,4,OBJECT,LOCAL,12
SLUS_204.69,quality_table,0x366e48,80,OBJECT,LOCAL,5
SLUS_204.69,TestPrim.0,0x366ea0,192,OBJECT,LOCAL,5
SLUS_204.69,gcc2_compiled.,0x24e240,0,NOTYPE,LOCAL,2
SLUS_204.69,__gnu_compiled_c,0x24e240,0,NOTYPE,LOCAL,2
SLUS_204.69,GetTex0,0x24e240,128,FUNC,LOCAL,2
SLUS_204.69,Head.0,0x366f60,96,OBJECT,LOCAL,5
SLUS_204.69,DefocusMainType01,0x24e2c0,408,FUNC,LOCAL,2
SLUS_204.69,TestPrim.1,0x366fc0,240,OBJECT,LOCAL,5
SLUS_204.69,TestPrim.2,0x3670b0,144,OBJECT,LOCAL,5
SLUS_204.69,TestPrim.3,0x367140,48,OBJECT,LOCAL,5
SLUS_204.69,DefocusMainType02,0x24e458,324,FUNC,LOCAL,2
SLUS_204.69,Head.4,0x367170,96,OBJECT,LOCAL,5
SLUS_204.69,DefocusMainType03,0x24e5a0,396,FUNC,LOCAL,2
SLUS_204.69,Head.5,0x3671d0,112,OBJECT,LOCAL,5
SLUS_204.69,DefocusMainType05,0x24e730,372,FUNC,LOCAL,2
SLUS_204.69,Head.6,0x367240,64,OBJECT,LOCAL,5
SLUS_204.69,DefocusMainType06,0x24e8a8,260,FUNC,LOCAL,2
SLUS_204.69,Head.7,0x367280,96,OBJECT,LOCAL,5
SLUS_204.69,DefocusMainType07,0x24e9b0,1104,FUNC,LOCAL,2
SLUS_204.69,Head.8,0x3672e0,64,OBJECT,LOCAL,5
SLUS_204.69,rate.9,0x367320,37,OBJECT,LOCAL,5
SLUS_204.69,DefocusMainType08,0x24ee00,1820,FUNC,LOCAL,2
SLUS_204.69,DefocusMainType09,0x24f520,492,FUNC,LOCAL,2
SLUS_204.69,DefocusMainType09Final,0x24f710,60,FUNC,LOCAL,2
SLUS_204.69,Copy.10,0x367350,112,OBJECT,LOCAL,5
SLUS_204.69,Head.11,0x3673c0,96,OBJECT,LOCAL,5
SLUS_204.69,DefocusMainType10,0x24f750,816,FUNC,LOCAL,2
SLUS_204.69,Head.12,0x367420,96,OBJECT,LOCAL,5
SLUS_204.69,DefocusMainType11,0x24fa80,808,FUNC,LOCAL,2
SLUS_204.69,Head.13,0x367480,80,OBJECT,LOCAL,5
SLUS_204.69,func.14,0x3674d0,44,OBJECT,LOCAL,5
SLUS_204.69,Tail.15,0x367500,64,OBJECT,LOCAL,5
SLUS_204.69,DefocusMain,0x24fda8,200,FUNC,LOCAL,2
SLUS_204.69,GameDefocusFinalize,0x24fed8,100,FUNC,LOCAL,2
SLUS_204.69,gcc2_compiled.,0x2502d0,0,NOTYPE,LOCAL,2
SLUS_204.69,__gnu_compiled_c,0x2502d0,0,NOTYPE,LOCAL,2
SLUS_204.69,TestEnv.0,0x367980,208,OBJECT,LOCAL,5
SLUS_204.69,mi,0x4dd540,0,NOTYPE,LOCAL,14
SLUS_204.69,movie_skip,0x250410,96,FUNC,LOCAL,2
SLUS_204.69,caption_nextline,0x250470,132,FUNC,LOCAL,2
SLUS_204.69,caption_getparam,0x2504f8,524,FUNC,LOCAL,2
SLUS_204.69,caption_convert,0x250708,192,FUNC,LOCAL,2
SLUS_204.69,gcc2_compiled.,0x250cf0,0,NOTYPE,LOCAL,2
SLUS_204.69,__gnu_compiled_c,0x250cf0,0,NOTYPE,LOCAL,2
SLUS_204.69,PauseMenuPage0,0x250cf0,172,FUNC,LOCAL,2
SLUS_204.69,tbl.0,0x367a50,28,OBJECT,LOCAL,5
SLUS_204.69,PauseMenuPage2,0x250da0,1744,FUNC,LOCAL,2
SLUS_204.69,tbl.1,0x367a70,40,OBJECT,LOCAL,5
SLUS_204.69,PauseMenuPage3,0x251470,2476,FUNC,LOCAL,2
SLUS_204.69,gcc2_compiled.,0x251f40,0,NOTYPE,LOCAL,2
SLUS_204.69,__gnu_compiled_c,0x251f40,0,NOTYPE,LOCAL,2
SLUS_204.69,TestEnv.0,0x367aa0,96,OBJECT,LOCAL,5
SLUS_204.69,clear,0x251f40,56,FUNC,LOCAL,2
SLUS_204.69,nullfunc,0x251f80,8,FUNC,LOCAL,2
SLUS_204.69,TestEnv.1,0x367b00,176,OBJECT,LOCAL,5
SLUS_204.69,gcc2_compiled.,0x252d50,0,NOTYPE,LOCAL,2
SLUS_204.69,__gnu_compiled_c,0x252d50,0,NOTYPE,LOCAL,2
SLUS_204.69,gcc2_compiled.,0x252fc8,0,NOTYPE,LOCAL,2
SLUS_204.69,__gnu_compiled_c,0x252fc8,0,NOTYPE,LOCAL,2
SLUS_204.69,TestEnv.0,0x369ba0,112,OBJECT,LOCAL,5
SLUS_204.69,rate,0x4dc558,0,NOTYPE,LOCAL,13
SLUS_204.69,image,0x4dc554,0,NOTYPE,LOCAL,13
SLUS_204.69,DrawRadarPing,0x253258,708,FUNC,LOCAL,2
SLUS_204.69,DrawRadarInfo,0x253520,604,FUNC,LOCAL,2
SLUS_204.69,TestEnv.1,0x369c10,64,OBJECT,LOCAL,5
SLUS_204.69,ping,0x4dc559,0,NOTYPE,LOCAL,13
SLUS_204.69,cnt.2,0x4dc550,0,NOTYPE,LOCAL,13
SLUS_204.69,DrawActorPoint,0x253780,856,FUNC,LOCAL,2
SLUS_204.69,sPoint.3,0x369c50,112,OBJECT,LOCAL,5
SLUS_204.69,gcc2_compiled.,0x253b58,0,NOTYPE,LOCAL,2
SLUS_204.69,__gnu_compiled_c,0x253b58,0,NOTYPE,LOCAL,2
SLUS_204.69,TestEnv.0,0x369cc0,96,OBJECT,LOCAL,5
SLUS_204.69,TransEnv.1,0x369d20,32,OBJECT,LOCAL,5
SLUS_204.69,FlushEnv.2,0x369d40,48,OBJECT,LOCAL,5
SLUS_204.69,DrawImage,0x253b58,280,FUNC,LOCAL,2
SLUS_204.69,TestEnv.3,0x369d70,160,OBJECT,LOCAL,5
SLUS_204.69,DrawBack,0x253c70,140,FUNC,LOCAL,2
SLUS_204.69,copyframe,0x253d00,296,FUNC,LOCAL,2
SLUS_204.69,redraw_frame,0x253e28,60,FUNC,LOCAL,2
SLUS_204.69,TestEnv.4,0x369e10,96,OBJECT,LOCAL,5
SLUS_204.69,GameEnd,0x253e68,616,FUNC,LOCAL,2
SLUS_204.69,TestEnv.5,0x369e70,96,OBJECT,LOCAL,5
SLUS_204.69,name.6,0x369ed0,21,OBJECT,LOCAL,5
SLUS_204.69,gcc2_compiled.,0x2544b8,0,NOTYPE,LOCAL,2
SLUS_204.69,__gnu_compiled_c,0x2544b8,0,NOTYPE,LOCAL,2
SLUS_204.69,TestEnv.0,0x369ef0,96,OBJECT,LOCAL,5
SLUS_204.69,drawbg,0x2544b8,68,FUNC,LOCAL,2
SLUS_204.69,replace,0x254500,68,FUNC,LOCAL,2
SLUS_204.69,mes00.1,0x369f50,55,OBJECT,LOCAL,5
SLUS_204.69,mes01.2,0x369f88,85,OBJECT,LOCAL,5
SLUS_204.69,mes02.3,0x369fe0,41,OBJECT,LOCAL,5
SLUS_204.69,tbl.4,0x36a010,32,OBJECT,LOCAL,5
SLUS_204.69,gcc2_compiled.,0x254760,0,NOTYPE,LOCAL,2
SLUS_204.69,__gnu_compiled_c,0x254760,0,NOTYPE,LOCAL,2
SLUS_204.69,TestEnv.0,0x36a030,144,OBJECT,LOCAL,5
SLUS_204.69,testfunc,0x254760,36,FUNC,LOCAL,2
SLUS_204.69,FontTestSub,0x254788,484,FUNC,LOCAL,2
SLUS_204.69,test.1,0x36a0c0,22,OBJECT,LOCAL,5
SLUS_204.69,rate.2,0x4d9f60,4,OBJECT,LOCAL,12
SLUS_204.69,dir.3,0x4d9f64,4,OBJECT,LOCAL,12
SLUS_204.69,test.4,0x36a0d8,16,OBJECT,LOCAL,5
SLUS_204.69,test.5,0x36a0e8,16,OBJECT,LOCAL,5
SLUS_204.69,test1.6,0x36a0f8,33,OBJECT,LOCAL,5
SLUS_204.69,test2.7,0x36a120,15,OBJECT,LOCAL,5
SLUS_204.69,rate.8,0x4d9f68,4,OBJECT,LOCAL,12
SLUS_204.69,dir.9,0x4d9f6c,4,OBJECT,LOCAL,12
SLUS_204.69,test.10,0x36a130,13,OBJECT,LOCAL,5
SLUS_204.69,txt.11,0x36a140,15,OBJECT,LOCAL,5
SLUS_204.69,xy3.12,0x36a150,12,OBJECT,LOCAL,5
SLUS_204.69,xy5.13,0x36a160,28,OBJECT,LOCAL,5
SLUS_204.69,xy7.14,0x36a180,52,OBJECT,LOCAL,5
SLUS_204.69,xy9.15,0x36a1b8,84,OBJECT,LOCAL,5
SLUS_204.69,test.16,0x36a210,25,OBJECT,LOCAL,5
SLUS_204.69,test.17,0x36a230,43,OBJECT,LOCAL,5
SLUS_204.69,test.18,0x36a260,40,OBJECT,LOCAL,5
SLUS_204.69,test.19,0x36a288,31,OBJECT,LOCAL,5
SLUS_204.69,init.20,0x36a2a8,13,OBJECT,LOCAL,5
SLUS_204.69,test.21,0x36a2b8,33,OBJECT,LOCAL,5
SLUS_204.69,test.22,0x36a2e0,21,OBJECT,LOCAL,5
SLUS_204.69,test.23,0x36a2f8,33,OBJECT,LOCAL,5
SLUS_204.69,test.24,0x36a320,31,OBJECT,LOCAL,5
SLUS_204.69,test.25,0x36a340,26,OBJECT,LOCAL,5
SLUS_204.69,FontTestP0,0x254970,1200,FUNC,LOCAL,2
SLUS_204.69,test00.26,0x36a360,51,OBJECT,LOCAL,5
SLUS_204.69,test01.27,0x36a398,51,OBJECT,LOCAL,5
SLUS_204.69,test02.28,0x36a3d0,51,OBJECT,LOCAL,5
SLUS_204.69,test03.29,0x36a408,51,OBJECT,LOCAL,5
SLUS_204.69,test04.30,0x36a440,51,OBJECT,LOCAL,5
SLUS_204.69,test05.31,0x36a478,51,OBJECT,LOCAL,5
SLUS_204.69,test06.32,0x36a4b0,51,OBJECT,LOCAL,5
SLUS_204.69,test07.33,0x36a4e8,56,OBJECT,LOCAL,5
SLUS_204.69,FontTestP1,0x254e20,264,FUNC,LOCAL,2
SLUS_204.69,TestEnv.34,0x36a520,96,OBJECT,LOCAL,5
SLUS_204.69,FontTestLine,0x254f28,80,FUNC,LOCAL,2
SLUS_204.69,width.35,0x4d9f70,4,OBJECT,LOCAL,12
SLUS_204.69,test.36,0x4d9f80,6,OBJECT,LOCAL,12
SLUS_204.69,test0.37,0x36a580,40,OBJECT,LOCAL,5
SLUS_204.69,test1.38,0x36a5a8,19,OBJECT,LOCAL,5
SLUS_204.69,test2.39,0x36a5c0,20,OBJECT,LOCAL,5
SLUS_204.69,test3.40,0x36a5d8,36,OBJECT,LOCAL,5
SLUS_204.69,test4.41,0x36a600,35,OBJECT,LOCAL,5
SLUS_204.69,FontTestP2,0x254f78,556,FUNC,LOCAL,2
SLUS_204.69,FontTest,0x2551a8,296,FUNC,LOCAL,2
SLUS_204.69,TestEnv.42,0x36a630,96,OBJECT,LOCAL,5
SLUS_204.69,UmlDispTestSub,0x2552d0,148,FUNC,LOCAL,2
SLUS_204.69,UmlDispTest,0x255368,1036,FUNC,LOCAL,2
SLUS_204.69,DatabaseTest,0x255778,464,FUNC,LOCAL,2
SLUS_204.69,name.43,0x36a690,412,OBJECT,LOCAL,5
SLUS_204.69,XenoMovieCheck,0x255948,432,FUNC,LOCAL,2
SLUS_204.69,HddTestFormat,0x255af8,124,FUNC,LOCAL,2
SLUS_204.69,HddTestShutdown,0x255b78,92,FUNC,LOCAL,2
SLUS_204.69,HddTestHddFull,0x255bd8,188,FUNC,LOCAL,2
SLUS_204.69,HddTestMountCommon,0x255c98,64,FUNC,LOCAL,2
SLUS_204.69,HddTestUnmountCommon,0x255cd8,44,FUNC,LOCAL,2
SLUS_204.69,HddTestMakeYourSaves,0x255d08,168,FUNC,LOCAL,2
SLUS_204.69,name.44,0x36a830,22,OBJECT,LOCAL,5
SLUS_204.69,HddTest1024Save,0x255db0,344,FUNC,LOCAL,2
SLUS_204.69,name.45,0x36a848,10,OBJECT,LOCAL,5
SLUS_204.69,HddTestDummyFolder,0x255f08,200,FUNC,LOCAL,2
SLUS_204.69,HddTestDummySave,0x255fd0,404,FUNC,LOCAL,2
SLUS_204.69,HddTestMakeYS,0x256168,36,FUNC,LOCAL,2
SLUS_204.69,menu.46,0x36a858,64,OBJECT,LOCAL,5
SLUS_204.69,HddTest,0x256190,608,FUNC,LOCAL,2
SLUS_204.69,name.47,0x36a898,12,OBJECT,LOCAL,5
SLUS_204.69,mt_GetPortName,0x2563f0,24,FUNC,LOCAL,2
SLUS_204.69,tbl.48,0x4da358,4,OBJECT,LOCAL,12
SLUS_204.69,tbl.49,0x4da368,4,OBJECT,LOCAL,12
SLUS_204.69,MemcardTest,0x256408,4220,FUNC,LOCAL,2
SLUS_204.69,xtxdec_nextline,0x257488,76,FUNC,LOCAL,2
SLUS_204.69,xtxdec_getdec,0x2574d8,228,FUNC,LOCAL,2
SLUS_204.69,xtxdec_put4byte,0x2575c0,32,FUNC,LOCAL,2
SLUS_204.69,h.50,0x4da370,7,OBJECT,LOCAL,12
SLUS_204.69,xtxdec_sub,0x2575e0,1760,FUNC,LOCAL,2
SLUS_204.69,xtxdec_sleep,0x257cc0,80,FUNC,LOCAL,2
SLUS_204.69,xtxdec_error,0x257d10,112,FUNC,LOCAL,2
SLUS_204.69,XtxDecode,0x257d80,244,FUNC,LOCAL,2
SLUS_204.69,Dummy,0x257e78,72,FUNC,LOCAL,2
SLUS_204.69,func.51,0x36a8a8,28,OBJECT,LOCAL,5
SLUS_204.69,i1.52,0x36a8c8,56,OBJECT,LOCAL,5
SLUS_204.69,l1.53,0x36a900,28,OBJECT,LOCAL,5
SLUS_204.69,m.54,0x36a920,24,OBJECT,LOCAL,5
SLUS_204.69,gcc2_compiled.,0x258010,0,NOTYPE,LOCAL,2
SLUS_204.69,__gnu_compiled_c,0x258010,0,NOTYPE,LOCAL,2
SLUS_204.69,getfbp,0x258010,60,FUNC,LOCAL,2
SLUS_204.69,BmpHeader,0x36a938,54,OBJECT,LOCAL,5
SLUS_204.69,SiPicHeader,0x36a970,112,OBJECT,LOCAL,5
SLUS_204.69,alpha,0x4dc574,0,NOTYPE,LOCAL,13
SLUS_204.69,transparency,0x4dc578,0,NOTYPE,LOCAL,13
SLUS_204.69,flag.0,0x4dc55c,0,NOTYPE,LOCAL,13
SLUS_204.69,tyaCaptureMain,0x258a70,696,FUNC,LOCAL,2
SLUS_204.69,cascade,0x4dc568,0,NOTYPE,LOCAL,13
SLUS_204.69,layer,0x4dc570,0,NOTYPE,LOCAL,13
SLUS_204.69,outpath,0x4dd610,0,NOTYPE,LOCAL,14
SLUS_204.69,TmpBuffer,0x4dc56c,0,NOTYPE,LOCAL,13
SLUS_204.69,pnum,0x4dc560,0,NOTYPE,LOCAL,13
SLUS_204.69,zpicf,0x4dc572,0,NOTYPE,LOCAL,13
SLUS_204.69,pext,0x4dc564,0,NOTYPE,LOCAL,13
SLUS_204.69,tyaCaptureNull,0x258d28,8,FUNC,LOCAL,2
SLUS_204.69,tyaCaptureActor,0x258d30,264,FUNC,LOCAL,2
SLUS_204.69,tyaCaptureShadow,0x258e38,132,FUNC,LOCAL,2
SLUS_204.69,tyaCaptureUnit,0x258ec0,100,FUNC,LOCAL,2
SLUS_204.69,tyaCaptureUnit2,0x258f28,236,FUNC,LOCAL,2
SLUS_204.69,head.1,0x36a9e0,26,OBJECT,LOCAL,5
SLUS_204.69,gcc2_compiled.,0x259340,0,NOTYPE,LOCAL,2
SLUS_204.69,__gnu_compiled_c,0x259340,0,NOTYPE,LOCAL,2
SLUS_204.69,model.0,0x36aa00,128,OBJECT,LOCAL,5
SLUS_204.69,index.1,0x36aa80,32,OBJECT,LOCAL,5
SLUS_204.69,task_menubg_sub,0x259340,1048,FUNC,LOCAL,2
SLUS_204.69,TestEnv.2,0x36aaa0,176,OBJECT,LOCAL,5
SLUS_204.69,TestEnv.3,0x36ab50,112,OBJECT,LOCAL,5
SLUS_204.69,task_menubg,0x259758,548,FUNC,LOCAL,2
SLUS_204.69,gcc2_compiled.,0x259a88,0,NOTYPE,LOCAL,2
SLUS_204.69,__gnu_compiled_c,0x259a88,0,NOTYPE,LOCAL,2
SLUS_204.69,gcc2_compiled.,0x259c38,0,NOTYPE,LOCAL,2
SLUS_204.69,__gnu_compiled_c,0x259c38,0,NOTYPE,LOCAL,2
SLUS_204.69,TestEnv.0,0x36abc0,96,OBJECT,LOCAL,5
SLUS_204.69,TransEnv.1,0x36ac20,32,OBJECT,LOCAL,5
SLUS_204.69,FlushEnv.2,0x36ac40,48,OBJECT,LOCAL,5
SLUS_204.69,DrawImage,0x259c38,280,FUNC,LOCAL,2
SLUS_204.69,gcc2_compiled.,0x25a0b0,0,NOTYPE,LOCAL,2
SLUS_204.69,__gnu_compiled_c,0x25a0b0,0,NOTYPE,LOCAL,2
SLUS_204.69,TestEnv.0,0x36ac70,144,OBJECT,LOCAL,5
SLUS_204.69,gcc2_compiled.,0x25a1c0,0,NOTYPE,LOCAL,2
SLUS_204.69,__gnu_compiled_c,0x25a1c0,0,NOTYPE,LOCAL,2
SLUS_204.69,gcc2_compiled.,0x25a210,0,NOTYPE,LOCAL,2
SLUS_204.69,__gnu_compiled_c,0x25a210,0,NOTYPE,LOCAL,2
SLUS_204.69,gcc2_compiled.,0x25a8c0,0,NOTYPE,LOCAL,2
SLUS_204.69,__gnu_compiled_c,0x25a8c0,0,NOTYPE,LOCAL,2
SLUS_204.69,disptest,0x25a8c0,140,FUNC,LOCAL,2
SLUS_204.69,loader,0x25aa38,340,FUNC,LOCAL,2
SLUS_204.69,gcc2_compiled.,0x25ae20,0,NOTYPE,LOCAL,2
SLUS_204.69,__gnu_compiled_c,0x25ae20,0,NOTYPE,LOCAL,2
SLUS_204.69,defaultStage,0x4deef0,0,NOTYPE,LOCAL,14
SLUS_204.69,gcc2_compiled.,0x25b118,0,NOTYPE,LOCAL,2
SLUS_204.69,__gnu_compiled_c,0x25b118,0,NOTYPE,LOCAL,2
SLUS_204.69,ctrlCodeFlags,0x4da3a8,4,OBJECT,LOCAL,12
SLUS_204.69,_skipCTRLCode,0x25cf18,176,FUNC,LOCAL,2
SLUS_204.69,_copyCTRLCode,0x25cdb0,360,FUNC,LOCAL,2
SLUS_204.69,rubyFont,0x25c2e0,188,FUNC,LOCAL,2
SLUS_204.69,rubyY,0x4dc584,0,NOTYPE,LOCAL,13
SLUS_204.69,rubyX1,0x4dc57c,0,NOTYPE,LOCAL,13
SLUS_204.69,rubyX2,0x4dc580,0,NOTYPE,LOCAL,13
SLUS_204.69,mfunc,0x36ad00,104,OBJECT,LOCAL,5
SLUS_204.69,findMsgFunc,0x25c888,100,FUNC,LOCAL,2
SLUS_204.69,cnvCH,0x4dc58c,0,NOTYPE,LOCAL,13
SLUS_204.69,cnvCW,0x4dc588,0,NOTYPE,LOCAL,13
SLUS_204.69,gcc2_compiled.,0x25cfc8,0,NOTYPE,LOCAL,2
SLUS_204.69,__gnu_compiled_c,0x25cfc8,0,NOTYPE,LOCAL,2
SLUS_204.69,tcomponent,0x4dd710,0,NOTYPE,LOCAL,14
SLUS_204.69,groupStatus,0x4dc590,0,NOTYPE,LOCAL,13
SLUS_204.69,vSample,0x36ae50,16,OBJECT,LOCAL,5
SLUS_204.69,gcc2_compiled.,0x25fec8,0,NOTYPE,LOCAL,2
SLUS_204.69,__gnu_compiled_c,0x25fec8,0,NOTYPE,LOCAL,2
SLUS_204.69,gcc2_compiled.,0x2606e0,0,NOTYPE,LOCAL,2
SLUS_204.69,__gnu_compiled_c,0x2606e0,0,NOTYPE,LOCAL,2
SLUS_204.69,dbCX,0x4da640,4,OBJECT,LOCAL,12
SLUS_204.69,dbCY,0x4da644,4,OBJECT,LOCAL,12
SLUS_204.69,dbCZ,0x4da648,4,OBJECT,LOCAL,12
SLUS_204.69,dbCH,0x4da64c,4,OBJECT,LOCAL,12
SLUS_204.69,dbMODE,0x4da650,4,OBJECT,LOCAL,12
SLUS_204.69,gcc2_compiled.,0x260b90,0,NOTYPE,LOCAL,2
SLUS_204.69,__gnu_compiled_c,0x260b90,0,NOTYPE,LOCAL,2
SLUS_204.69,gcc2_compiled.,0x260d78,0,NOTYPE,LOCAL,2
SLUS_204.69,__gnu_compiled_c,0x260d78,0,NOTYPE,LOCAL,2
SLUS_204.69,gcc2_compiled.,0x2610d0,0,NOTYPE,LOCAL,2
SLUS_204.69,__gnu_compiled_c,0x2610d0,0,NOTYPE,LOCAL,2
SLUS_204.69,debugBasePath,0x4da430,4,OBJECT,LOCAL,12
SLUS_204.69,s_nScriptFadeOutTime,0x4da434,4,OBJECT,LOCAL,12
SLUS_204.69,s_nScriptFadeRequest,0x4da438,4,OBJECT,LOCAL,12
SLUS_204.69,s_nScriptChangeTime,0x4da43c,1,OBJECT,LOCAL,12
SLUS_204.69,s_nScriptSequenceReset,0x4da440,4,OBJECT,LOCAL,12
SLUS_204.69,s_nScriptFrameLockEntry,0x4da444,4,OBJECT,LOCAL,12
SLUS_204.69,s_nScriptEventSkipEntry,0x4da448,4,OBJECT,LOCAL,12
SLUS_204.69,s_nScriptCfTime,0x4da44c,4,OBJECT,LOCAL,12
SLUS_204.69,s_nScriptEventFin,0x4da450,4,OBJECT,LOCAL,12
SLUS_204.69,s_nScriptEventActive,0x4da454,4,OBJECT,LOCAL,12
SLUS_204.69,s_nScriptTalkLock,0x4da458,4,OBJECT,LOCAL,12
SLUS_204.69,initJS,0x2610d0,116,FUNC,LOCAL,2
SLUS_204.69,scriptDB,0x4dede0,0,NOTYPE,LOCAL,14
SLUS_204.69,evtDebug,0x4dedd0,0,NOTYPE,LOCAL,14
SLUS_204.69,currentScriptDB,0x4dc594,0,NOTYPE,LOCAL,13
SLUS_204.69,sig0.0,0x36ae60,16,OBJECT,LOCAL,5
SLUS_204.69,sig1.1,0x36ae70,34,OBJECT,LOCAL,5
SLUS_204.69,sig.2,0x4da468,4,OBJECT,LOCAL,12
SLUS_204.69,sig.3,0x4da470,5,OBJECT,LOCAL,12
SLUS_204.69,sig.4,0x4da478,6,OBJECT,LOCAL,12
SLUS_204.69,getStrIndex,0x262160,60,FUNC,LOCAL,2
SLUS_204.69,replacePathExt,0x2621a0,72,FUNC,LOCAL,2
SLUS_204.69,PauseSkipCheck,0x262380,436,FUNC,LOCAL,2
SLUS_204.69,vmSwitchStr,0x36ae98,48,OBJECT,LOCAL,5
SLUS_204.69,lightSave,0x4da498,4,OBJECT,LOCAL,12
SLUS_204.69,DB_light,0x262d80,476,FUNC,LOCAL,2
SLUS_204.69,lightActFlags,0x4dee18,0,NOTYPE,LOCAL,14
SLUS_204.69,fileSelect,0x4dc598,0,NOTYPE,LOCAL,13
SLUS_204.69,DB_vmSwitch,0x262f60,540,FUNC,LOCAL,2
SLUS_204.69,DB_stageSelect,0x263180,508,FUNC,LOCAL,2
SLUS_204.69,DB_memory,0x263380,564,FUNC,LOCAL,2
SLUS_204.69,heapInfo,0x4dee28,0,NOTYPE,LOCAL,14
SLUS_204.69,heapUsed,0x4dc59c,0,NOTYPE,LOCAL,13
SLUS_204.69,lightFileNum,0x4dc5a0,0,NOTYPE,LOCAL,13
SLUS_204.69,DB_scriptFileSelect,0x263728,496,FUNC,LOCAL,2
SLUS_204.69,DB_wind,0x263918,288,FUNC,LOCAL,2
SLUS_204.69,dbgWind,0x4deeb0,0,NOTYPE,LOCAL,14
SLUS_204.69,resourceID,0x4dc5a4,0,NOTYPE,LOCAL,13
SLUS_204.69,windowOwner,0x4da4e8,4,OBJECT,LOCAL,12
SLUS_204.69,gcc2_compiled.,0x265150,0,NOTYPE,LOCAL,2
SLUS_204.69,__gnu_compiled_c,0x265150,0,NOTYPE,LOCAL,2
SLUS_204.69,col,0x36aed0,56,OBJECT,LOCAL,5
SLUS_204.69,cursorSpeed,0x36af08,36,OBJECT,LOCAL,5
SLUS_204.69,vGridXZ,0x36af30,80,OBJECT,LOCAL,5
SLUS_204.69,vCursor,0x36af80,96,OBJECT,LOCAL,5
SLUS_204.69,cursorModeName,0x36aff8,20,OBJECT,LOCAL,5
SLUS_204.69,vRect,0x36b010,64,OBJECT,LOCAL,5
SLUS_204.69,vBox,0x36b050,80,OBJECT,LOCAL,5
SLUS_204.69,getCurrentCamera,0x266210,80,FUNC,LOCAL,2
SLUS_204.69,keyData,0x4deee0,0,NOTYPE,LOCAL,14
SLUS_204.69,mode,0x4dc5a8,0,NOTYPE,LOCAL,13
SLUS_204.69,toolFlags,0x4dc5ac,0,NOTYPE,LOCAL,13
SLUS_204.69,printM,0x268820,216,FUNC,LOCAL,2
SLUS_204.69,visible.0,0x4da518,4,OBJECT,LOCAL,12
SLUS_204.69,partsIndex,0x4dc5b0,0,NOTYPE,LOCAL,13
SLUS_204.69,lightDir,0x36b0a0,96,OBJECT,LOCAL,5
SLUS_204.69,lightCol,0x36b100,96,OBJECT,LOCAL,5
SLUS_204.69,lightColIndex,0x4da524,4,OBJECT,LOCAL,12
SLUS_204.69,lightSpeed,0x4da528,4,OBJECT,LOCAL,12
SLUS_204.69,lightStateOffset,0x4da52c,4,OBJECT,LOCAL,12
SLUS_204.69,lightIndex,0x4dc5b4,0,NOTYPE,LOCAL,13
SLUS_204.69,csr.1,0x4da54c,4,OBJECT,LOCAL,12
SLUS_204.69,dispy.2,0x4da550,4,OBJECT,LOCAL,12
SLUS_204.69,gcc2_compiled.,0x26a630,0,NOTYPE,LOCAL,2
SLUS_204.69,__gnu_compiled_c,0x26a630,0,NOTYPE,LOCAL,2
SLUS_204.69,gcc2_compiled.,0x26ac68,0,NOTYPE,LOCAL,2
SLUS_204.69,__gnu_compiled_c,0x26ac68,0,NOTYPE,LOCAL,2
SLUS_204.69,screenMask,0x26ac68,120,FUNC,LOCAL,2
SLUS_204.69,fxAdapter,0x26ace0,212,FUNC,LOCAL,2
SLUS_204.69,fxFunction,0x36b170,4,OBJECT,LOCAL,5
SLUS_204.69,gcc2_compiled.,0x26af68,0,NOTYPE,LOCAL,2
SLUS_204.69,__gnu_compiled_c,0x26af68,0,NOTYPE,LOCAL,2
SLUS_204.69,getInfoAddr,0x26af68,120,FUNC,LOCAL,2
SLUS_204.69,gcc2_compiled.,0x26b130,0,NOTYPE,LOCAL,2
SLUS_204.69,__gnu_compiled_c,0x26b130,0,NOTYPE,LOCAL,2
SLUS_204.69,js_type_int,0x36b178,12,OBJECT,LOCAL,5
SLUS_204.69,js_type_float,0x36b188,12,OBJECT,LOCAL,5
SLUS_204.69,js_type_string,0x36b198,12,OBJECT,LOCAL,5
SLUS_204.69,STR_trim,0x26bd18,120,FUNC,LOCAL,2
SLUS_204.69,STR_trim2,0x26bd90,132,FUNC,LOCAL,2
SLUS_204.69,STR_getLine,0x26bbc8,336,FUNC,LOCAL,2
SLUS_204.69,tokenType,0x4dc5c0,0,NOTYPE,LOCAL,13
SLUS_204.69,tokenCurrent,0x4dc5b8,0,NOTYPE,LOCAL,13
SLUS_204.69,tokenLimit,0x4dc5bc,0,NOTYPE,LOCAL,13
SLUS_204.69,gcc2_compiled.,0x26be18,0,NOTYPE,LOCAL,2
SLUS_204.69,__gnu_compiled_c,0x26be18,0,NOTYPE,LOCAL,2
SLUS_204.69,gcc2_compiled.,0x26bf80,0,NOTYPE,LOCAL,2
SLUS_204.69,__gnu_compiled_c,0x26bf80,0,NOTYPE,LOCAL,2
SLUS_204.69,sprt_base_register,0x36b1a8,32,OBJECT,LOCAL,5
SLUS_204.69,frame_init,0x26bfe8,16,FUNC,LOCAL,2
SLUS_204.69,sprt_init,0x26bff8,16,FUNC,LOCAL,2
SLUS_204.69,mask_init,0x26c008,20,FUNC,LOCAL,2
SLUS_204.69,EW_setDrawEnv,0x26c020,192,FUNC,LOCAL,2
SLUS_204.69,container_init,0x26c868,20,FUNC,LOCAL,2
SLUS_204.69,ew_send_mode,0x4da5b0,4,OBJECT,LOCAL,12
SLUS_204.69,tmp.0,0x4da5c0,4,OBJECT,LOCAL,12
SLUS_204.69,label_put,0x26d040,1004,FUNC,LOCAL,2
SLUS_204.69,frame_put,0x26cce0,864,FUNC,LOCAL,2
SLUS_204.69,sprt_put,0x26ca98,328,FUNC,LOCAL,2
SLUS_204.69,set_clip,0x26cbe0,188,FUNC,LOCAL,2
SLUS_204.69,mask_put,0x26c880,532,FUNC,LOCAL,2
SLUS_204.69,checkN2,0x26cca0,64,FUNC,LOCAL,2
SLUS_204.69,frameUV,0x36b1c8,128,OBJECT,LOCAL,5
SLUS_204.69,gcc2_compiled.,0x26d430,0,NOTYPE,LOCAL,2
SLUS_204.69,__gnu_compiled_c,0x26d430,0,NOTYPE,LOCAL,2
SLUS_204.69,infoIndex,0x4da5c8,4,OBJECT,LOCAL,12
SLUS_204.69,infoLength,0x4da5cc,4,OBJECT,LOCAL,12
SLUS_204.69,markedSTR,0x36b248,16,OBJECT,LOCAL,5
SLUS_204.69,selectedSTR,0x36b258,16,OBJECT,LOCAL,5
SLUS_204.69,unselectedSTR,0x36b268,16,OBJECT,LOCAL,5
SLUS_204.69,normalSTR,0x36b278,16,OBJECT,LOCAL,5
SLUS_204.69,rsrcDefaultPath,0x4da5f4,4,OBJECT,LOCAL,12
SLUS_204.69,isLeave,0x26d960,12,FUNC,LOCAL,2
SLUS_204.69,gcc2_compiled.,0x26de50,0,NOTYPE,LOCAL,2
SLUS_204.69,__gnu_compiled_c,0x26de50,0,NOTYPE,LOCAL,2
SLUS_204.69,MATRIX_mul3x4,0x26e310,236,FUNC,LOCAL,2
SLUS_204.69,gcc2_compiled.,0x26f4d8,0,NOTYPE,LOCAL,2
SLUS_204.69,__gnu_compiled_c,0x26f4d8,0,NOTYPE,LOCAL,2
SLUS_204.69,ang.0,0x36b290,16,OBJECT,LOCAL,5
SLUS_204.69,pos.1,0x36b2a0,16,OBJECT,LOCAL,5
SLUS_204.69,pipo.2,0x4da6d8,4,OBJECT,LOCAL,12
SLUS_204.69,line00.3,0x4def20,0,NOTYPE,LOCAL,14
SLUS_204.69,line01.4,0x4df000,0,NOTYPE,LOCAL,14
SLUS_204.69,line02.5,0x4df0e0,0,NOTYPE,LOCAL,14
SLUS_204.69,line03.6,0x4df1c0,0,NOTYPE,LOCAL,14
SLUS_204.69,line10.7,0x4df2a0,0,NOTYPE,LOCAL,14
SLUS_204.69,line11.8,0x4df380,0,NOTYPE,LOCAL,14
SLUS_204.69,line12.9,0x4df460,0,NOTYPE,LOCAL,14
SLUS_204.69,time.10,0x4da6f0,4,OBJECT,LOCAL,12
SLUS_204.69,msg.11,0x4df540,0,NOTYPE,LOCAL,14
SLUS_204.69,bsp.12,0x4df590,0,NOTYPE,LOCAL,14
SLUS_204.69,no.13,0x4da6f4,4,OBJECT,LOCAL,12
SLUS_204.69,msg00.14,0x36b2b0,16,OBJECT,LOCAL,5
SLUS_204.69,data.15,0x36b2c0,240,OBJECT,LOCAL,5
SLUS_204.69,tag.16,0x36b3b0,4,OBJECT,LOCAL,5
SLUS_204.69,text.17,0x36b3b8,171,OBJECT,LOCAL,5
SLUS_204.69,count.18,0x4da728,4,OBJECT,LOCAL,12
SLUS_204.69,msg.19,0x36b468,8,OBJECT,LOCAL,5
SLUS_204.69,tag.20,0x36b470,17,OBJECT,LOCAL,5
SLUS_204.69,rbn.21,0x4df5e0,0,NOTYPE,LOCAL,14
SLUS_204.69,spr.22,0x4df7a0,0,NOTYPE,LOCAL,14
SLUS_204.69,line.23,0x4df840,0,NOTYPE,LOCAL,14
SLUS_204.69,tgf.24,0x4dfb00,0,NOTYPE,LOCAL,14
SLUS_204.69,cur.25,0x4dfb80,0,NOTYPE,LOCAL,14
SLUS_204.69,moji.26,0x36b488,27,OBJECT,LOCAL,5
SLUS_204.69,moji2.27,0x36b4a8,27,OBJECT,LOCAL,5
SLUS_204.69,d.28,0x4dfbd0,0,NOTYPE,LOCAL,14
SLUS_204.69,num.29,0x4dfc30,0,NOTYPE,LOCAL,14
SLUS_204.69,num.30,0x4dfcc0,0,NOTYPE,LOCAL,14
SLUS_204.69,num.31,0x4dfd50,0,NOTYPE,LOCAL,14
SLUS_204.69,num.32,0x4dfde0,0,NOTYPE,LOCAL,14
SLUS_204.69,d.33,0x4dfe70,0,NOTYPE,LOCAL,14
SLUS_204.69,line.34,0x36b4c8,72,OBJECT,LOCAL,5
SLUS_204.69,d.35,0x4dfe88,0,NOTYPE,LOCAL,14
SLUS_204.69,d.36,0x4dfeb0,0,NOTYPE,LOCAL,14
SLUS_204.69,time.37,0x4da733,1,OBJECT,LOCAL,12
SLUS_204.69,d.38,0x4dfec8,0,NOTYPE,LOCAL,14
SLUS_204.69,d.39,0x4dfee0,0,NOTYPE,LOCAL,14
SLUS_204.69,d.40,0x4dfef8,0,NOTYPE,LOCAL,14
SLUS_204.69,d.41,0x4dff10,0,NOTYPE,LOCAL,14
SLUS_204.69,d.42,0x36b510,84,OBJECT,LOCAL,5
SLUS_204.69,d.43,0x36b568,12,OBJECT,LOCAL,5
SLUS_204.69,d.44,0x4dff28,0,NOTYPE,LOCAL,14
SLUS_204.69,msg.45,0x36b578,20,OBJECT,LOCAL,5
SLUS_204.69,text00.46,0x36b590,176,OBJECT,LOCAL,5
SLUS_204.69,TestEnv.47,0x36b640,160,OBJECT,LOCAL,5
SLUS_204.69,eNumberTexEnv.48,0x36b6e0,96,OBJECT,LOCAL,5
SLUS_204.69,TestEnv.49,0x36b740,192,OBJECT,LOCAL,5
SLUS_204.69,x.50,0x4da734,4,OBJECT,LOCAL,12
SLUS_204.69,x.51,0x4da738,4,OBJECT,LOCAL,12
SLUS_204.69,TestEnv.52,0x36b800,192,OBJECT,LOCAL,5
SLUS_204.69,x.53,0x4da73c,4,OBJECT,LOCAL,12
SLUS_204.69,TestEnv.54,0x36b8c0,160,OBJECT,LOCAL,5
SLUS_204.69,x.55,0x4da740,4,OBJECT,LOCAL,12
SLUS_204.69,TestEnv.56,0x36b960,176,OBJECT,LOCAL,5
SLUS_204.69,x.57,0x4da744,4,OBJECT,LOCAL,12
SLUS_204.69,TestEnv.58,0x36ba10,192,OBJECT,LOCAL,5
SLUS_204.69,TestEnv.59,0x36bad0,176,OBJECT,LOCAL,5
SLUS_204.69,TestEnv.60,0x36bb80,192,OBJECT,LOCAL,5
SLUS_204.69,TestEnv.61,0x36bc40,176,OBJECT,LOCAL,5
SLUS_204.69,xx.62,0x4da748,4,OBJECT,LOCAL,12
SLUS_204.69,TestEnv.63,0x36bcf0,272,OBJECT,LOCAL,5
SLUS_204.69,TestEnv.64,0x36be00,208,OBJECT,LOCAL,5
SLUS_204.69,WinTexEnv.65,0x36bed0,112,OBJECT,LOCAL,5
SLUS_204.69,TestEnv.66,0x36bf40,128,OBJECT,LOCAL,5
SLUS_204.69,e_test,0x2728f8,156,FUNC,LOCAL,2
SLUS_204.69,files,0x36bfc0,72,OBJECT,LOCAL,5
SLUS_204.69,fname.67,0x4dff60,0,NOTYPE,LOCAL,14
SLUS_204.69,size.68,0x4dc5c4,0,NOTYPE,LOCAL,13
SLUS_204.69,endCallback,0x272ac0,284,FUNC,LOCAL,2
SLUS_204.69,eNumberTexEnv.69,0x36c010,96,OBJECT,LOCAL,5
SLUS_204.69,TestEnv.70,0x36c070,160,OBJECT,LOCAL,5
SLUS_204.69,x.71,0x4da74c,4,OBJECT,LOCAL,12
SLUS_204.69,buffer.72,0x4dc5c8,0,NOTYPE,LOCAL,13
SLUS_204.69,mm.73,0x4dffa0,0,NOTYPE,LOCAL,14
SLUS_204.69,Select.74,0x4da750,4,OBJECT,LOCAL,12
SLUS_204.69,text00.75,0x36c110,8,OBJECT,LOCAL,5
SLUS_204.69,Select.76,0x4da76c,4,OBJECT,LOCAL,12
SLUS_204.69,text00.77,0x36c118,8,OBJECT,LOCAL,5
SLUS_204.69,Select.78,0x4da780,4,OBJECT,LOCAL,12
SLUS_204.69,text00.79,0x36c120,8,OBJECT,LOCAL,5
SLUS_204.69,Select.80,0x4da784,4,OBJECT,LOCAL,12
SLUS_204.69,text00.81,0x36c128,8,OBJECT,LOCAL,5
SLUS_204.69,Select.82,0x4da798,4,OBJECT,LOCAL,12
SLUS_204.69,text00.83,0x36c130,40,OBJECT,LOCAL,5
SLUS_204.69,text01.84,0x36c158,12,OBJECT,LOCAL,5
SLUS_204.69,text02.85,0x36c168,8,OBJECT,LOCAL,5
SLUS_204.69,TopMode.86,0x4da808,4,OBJECT,LOCAL,12
SLUS_204.69,gcc2_compiled.,0x273d20,0,NOTYPE,LOCAL,2
SLUS_204.69,__gnu_compiled_c,0x273d20,0,NOTYPE,LOCAL,2
SLUS_204.69,OpenSubType00,0x273d20,988,FUNC,LOCAL,2
SLUS_204.69,CloseSubType00,0x274100,988,FUNC,LOCAL,2
SLUS_204.69,OpenSubType01,0x2744e0,384,FUNC,LOCAL,2
SLUS_204.69,gcc2_compiled.,0x274be0,0,NOTYPE,LOCAL,2
SLUS_204.69,__gnu_compiled_c,0x274be0,0,NOTYPE,LOCAL,2
SLUS_204.69,file_name.0,0x36c170,12,OBJECT,LOCAL,5
SLUS_204.69,Menu02Tex,0x4e0100,0,NOTYPE,LOCAL,14
SLUS_204.69,MenuWorkEndTop,0x520900,0,NOTYPE,LOCAL,14
SLUS_204.69,menuCallback,0x2750f8,104,FUNC,LOCAL,2
SLUS_204.69,original_font_no.1,0x4dc5cc,0,NOTYPE,LOCAL,13
SLUS_204.69,gcc2_compiled.,0x276358,0,NOTYPE,LOCAL,2
SLUS_204.69,__gnu_compiled_c,0x276358,0,NOTYPE,LOCAL,2
SLUS_204.69,gcc2_compiled.,0x277608,0,NOTYPE,LOCAL,2
SLUS_204.69,__gnu_compiled_c,0x277608,0,NOTYPE,LOCAL,2
SLUS_204.69,text,0x36c298,48,OBJECT,LOCAL,5
SLUS_204.69,MenuTopCommand,0x36c2c8,10,OBJECT,LOCAL,5
SLUS_204.69,MenuTopCommandLock,0x4dc5d0,0,NOTYPE,LOCAL,13
SLUS_204.69,command.0,0x36c2d8,132,OBJECT,LOCAL,5
SLUS_204.69,msg.1,0x36c360,12,OBJECT,LOCAL,5
SLUS_204.69,tskMenuTai,0x278380,1812,FUNC,LOCAL,2
SLUS_204.69,tskMenuTaiPointa,0x278a98,1116,FUNC,LOCAL,2
SLUS_204.69,gcc2_compiled.,0x27ac78,0,NOTYPE,LOCAL,2
SLUS_204.69,__gnu_compiled_c,0x27ac78,0,NOTYPE,LOCAL,2
SLUS_204.69,otb,0x36c370,28,OBJECT,LOCAL,5
SLUS_204.69,msg_spr_count,0x4da918,4,OBJECT,LOCAL,12
SLUS_204.69,moji,0x530900,0,NOTYPE,LOCAL,14
SLUS_204.69,msg_spr,0x531900,0,NOTYPE,LOCAL,14
SLUS_204.69,MessageCpyEnd,0x4dc5d4,0,NOTYPE,LOCAL,13
SLUS_204.69,gcc2_compiled.,0x27bf40,0,NOTYPE,LOCAL,2
SLUS_204.69,__gnu_compiled_c,0x27bf40,0,NOTYPE,LOCAL,2
SLUS_204.69,cur_uv,0x36c390,32,OBJECT,LOCAL,5
SLUS_204.69,others_uv,0x36c3b0,200,OBJECT,LOCAL,5
SLUS_204.69,icom_uv,0x36c478,376,OBJECT,LOCAL,5
SLUS_204.69,pad_uv,0x36c5f0,64,OBJECT,LOCAL,5
SLUS_204.69,face_agws_uv,0x36c630,112,OBJECT,LOCAL,5
SLUS_204.69,tag_uv,0x36c6a0,416,OBJECT,LOCAL,5
SLUS_204.69,win_uv,0x36c840,96,OBJECT,LOCAL,5
SLUS_204.69,num_uv,0x36c8a0,80,OBJECT,LOCAL,5
SLUS_204.69,pad2_uv,0x36c8f0,176,OBJECT,LOCAL,5
SLUS_204.69,name_uv,0x36c9a0,8,OBJECT,LOCAL,5
SLUS_204.69,others2_uv,0x36c9a8,24,OBJECT,LOCAL,5
SLUS_204.69,face00_uv,0x36c9c0,16,OBJECT,LOCAL,5
SLUS_204.69,face01_uv,0x36c9d0,16,OBJECT,LOCAL,5
SLUS_204.69,face02_uv,0x36c9e0,16,OBJECT,LOCAL,5
SLUS_204.69,face03_uv,0x36c9f0,16,OBJECT,LOCAL,5
SLUS_204.69,face04_uv,0x36ca00,16,OBJECT,LOCAL,5
SLUS_204.69,face_puti_uv,0x36ca10,80,OBJECT,LOCAL,5
SLUS_204.69,thumnail_uv,0x36ca60,8,OBJECT,LOCAL,5
SLUS_204.69,ether_uv,0x36ca68,40,OBJECT,LOCAL,5
SLUS_204.69,seg_uv,0x36ca90,192,OBJECT,LOCAL,5
SLUS_204.69,umn_uv,0x36cb50,96,OBJECT,LOCAL,5
SLUS_204.69,umn2_uv,0x36cbb0,32,OBJECT,LOCAL,5
SLUS_204.69,umn3_uv,0x36cbd0,32,OBJECT,LOCAL,5
SLUS_204.69,btl_msg_uv,0x36cbf0,184,OBJECT,LOCAL,5
SLUS_204.69,btl_msg_uv2,0x36cca8,64,OBJECT,LOCAL,5
SLUS_204.69,btl_msg_uv3,0x36cce8,48,OBJECT,LOCAL,5
SLUS_204.69,uv_clut,0x36cd18,208,OBJECT,LOCAL,5
SLUS_204.69,PrintFunc,0x531a40,0,NOTYPE,LOCAL,14
SLUS_204.69,pPrintFuncTop,0x4dc5d8,0,NOTYPE,LOCAL,13
SLUS_204.69,ePrintEnv.0,0x36cdf0,96,OBJECT,LOCAL,5
SLUS_204.69,PrintFlush,0x27c070,112,FUNC,LOCAL,2
SLUS_204.69,endPrintInfoSet,0x27c128,252,FUNC,LOCAL,2
SLUS_204.69,subPrintSprite,0x27c2a0,348,FUNC,LOCAL,2
SLUS_204.69,PrintSprite00,0x27c400,80,FUNC,LOCAL,2
SLUS_204.69,PrintSprite01,0x27c450,692,FUNC,LOCAL,2
SLUS_204.69,PrintPoint,0x27c708,200,FUNC,LOCAL,2
SLUS_204.69,subPrintLine,0x27c7d0,252,FUNC,LOCAL,2
SLUS_204.69,PrintLine,0x27c8d0,64,FUNC,LOCAL,2
SLUS_204.69,PrintLine2,0x27c910,256,FUNC,LOCAL,2
SLUS_204.69,subPrintRibbon,0x27cbb8,252,FUNC,LOCAL,2
SLUS_204.69,PrintRibbon,0x27ccb8,64,FUNC,LOCAL,2
SLUS_204.69,PrintTagFont,0x27ccf8,892,FUNC,LOCAL,2
SLUS_204.69,ScissorSet,0x27d078,272,FUNC,LOCAL,2
SLUS_204.69,ScissorReset,0x27d188,108,FUNC,LOCAL,2
SLUS_204.69,PrintNumber,0x27d1f8,600,FUNC,LOCAL,2
SLUS_204.69,PrintWindow,0x27d450,1068,FUNC,LOCAL,2
SLUS_204.69,PrintFrame,0x27d880,684,FUNC,LOCAL,2
SLUS_204.69,ThumImageEnv.1,0x36ce50,96,OBJECT,LOCAL,5
SLUS_204.69,ThumDrawEnv.2,0x36ceb0,192,OBJECT,LOCAL,5
SLUS_204.69,PrintThumbnail,0x27db30,220,FUNC,LOCAL,2
SLUS_204.69,PrintCircleCore,0x27dc10,708,FUNC,LOCAL,2
SLUS_204.69,PrintCircle,0x27df38,36,FUNC,LOCAL,2
SLUS_204.69,FontTexReload,0x27df60,96,FUNC,LOCAL,2
SLUS_204.69,Env.3,0x36cf70,96,OBJECT,LOCAL,5
SLUS_204.69,FontTexChange,0x27dfc0,328,FUNC,LOCAL,2
SLUS_204.69,DrawBackSet,0x27e108,120,FUNC,LOCAL,2
SLUS_204.69,DrawBackReset,0x27e180,116,FUNC,LOCAL,2
SLUS_204.69,ScreenClear,0x27e1f8,144,FUNC,LOCAL,2
SLUS_204.69,ZScissor,0x27e288,196,FUNC,LOCAL,2
SLUS_204.69,PrintBackSprite,0x27e350,460,FUNC,LOCAL,2
SLUS_204.69,PrintBackSprite2,0x27e520,468,FUNC,LOCAL,2
SLUS_204.69,PrintEtherLine,0x27e6f8,1328,FUNC,LOCAL,2
SLUS_204.69,func_tbl.4,0x36cfd0,92,OBJECT,LOCAL,5
SLUS_204.69,func_tbl2.5,0x36d030,24,OBJECT,LOCAL,5
SLUS_204.69,FrameCopyEnv.6,0x36d050,96,OBJECT,LOCAL,5
SLUS_204.69,sJpegEnv00.7,0x36d0b0,128,OBJECT,LOCAL,5
SLUS_204.69,JpegEnv01.8,0x36d130,160,OBJECT,LOCAL,5
SLUS_204.69,JpegEnv10.9,0x36d1d0,128,OBJECT,LOCAL,5
SLUS_204.69,JpegEnv11.10,0x36d250,160,OBJECT,LOCAL,5
SLUS_204.69,gcc2_compiled.,0x27f108,0,NOTYPE,LOCAL,2
SLUS_204.69,__gnu_compiled_c,0x27f108,0,NOTYPE,LOCAL,2
SLUS_204.69,MenuModelSubWindowMainSub,0x27fc88,180,FUNC,LOCAL,2
SLUS_204.69,ActorAndResourceDispose,0x27fec0,144,FUNC,LOCAL,2
SLUS_204.69,MenuModelDrawTypeSet,0x280dd0,116,FUNC,LOCAL,2
SLUS_204.69,tskMenuModelWeaponTaskMain,0x280f30,472,FUNC,LOCAL,2
SLUS_204.69,CreateInit,0x2813c8,100,FUNC,LOCAL,2
SLUS_204.69,tskMenuModelTaskMain,0x281108,644,FUNC,LOCAL,2
SLUS_204.69,guno_eid_tbl,0x36d2f0,58,OBJECT,LOCAL,5
SLUS_204.69,gcc2_compiled.,0x2819a8,0,NOTYPE,LOCAL,2
SLUS_204.69,__gnu_compiled_c,0x2819a8,0,NOTYPE,LOCAL,2
SLUS_204.69,text.0,0x4da950,1,OBJECT,LOCAL,12
SLUS_204.69,msg00.1,0x36d600,12,OBJECT,LOCAL,5
SLUS_204.69,msg01.2,0x36d610,20,OBJECT,LOCAL,5
SLUS_204.69,msg03.3,0x4dc5e0,0,NOTYPE,LOCAL,13
SLUS_204.69,gcc2_compiled.,0x284410,0,NOTYPE,LOCAL,2
SLUS_204.69,__gnu_compiled_c,0x284410,0,NOTYPE,LOCAL,2
SLUS_204.69,VersionUpDate,0x284410,40,FUNC,LOCAL,2
SLUS_204.69,VersionChange00To01,0x284438,292,FUNC,LOCAL,2
SLUS_204.69,gauge,0x532a40,0,NOTYPE,LOCAL,14
SLUS_204.69,name.0,0x36d628,12,OBJECT,LOCAL,5
SLUS_204.69,msg00.1,0x36d638,24,OBJECT,LOCAL,5
SLUS_204.69,MenuFilePas,0x2853d8,916,FUNC,LOCAL,2
SLUS_204.69,MenuFileInfo,0x285770,3116,FUNC,LOCAL,2
SLUS_204.69,msg01.2,0x36d650,8,OBJECT,LOCAL,5
SLUS_204.69,ListColorChage.3,0x2863a0,144,FUNC,LOCAL,2
SLUS_204.69,tskFileSelect,0x286430,1436,FUNC,LOCAL,2
SLUS_204.69,msg00.4,0x36d658,12,OBJECT,LOCAL,5
SLUS_204.69,tskFileEx,0x2869d0,364,FUNC,LOCAL,2
SLUS_204.69,msg00.5,0x36d668,8,OBJECT,LOCAL,5
SLUS_204.69,tskFileData,0x287160,1828,FUNC,LOCAL,2
SLUS_204.69,gcc2_compiled.,0x289fd0,0,NOTYPE,LOCAL,2
SLUS_204.69,__gnu_compiled_c,0x289fd0,0,NOTYPE,LOCAL,2
SLUS_204.69,msg00.0,0x36d670,36,OBJECT,LOCAL,5
SLUS_204.69,MenuItemParty,0x532a58,0,NOTYPE,LOCAL,14
SLUS_204.69,MenuItemAgws,0x532a68,0,NOTYPE,LOCAL,14
SLUS_204.69,msg00.1,0x36d698,10,OBJECT,LOCAL,5
SLUS_204.69,msg00.2,0x36d6a8,4,OBJECT,LOCAL,5
SLUS_204.69,msg10.3,0x36d6b0,4,OBJECT,LOCAL,5
SLUS_204.69,msg00.4,0x36d6b8,4,OBJECT,LOCAL,5
SLUS_204.69,tag_msg.5,0x36d6c0,8,OBJECT,LOCAL,5
SLUS_204.69,gcc2_compiled.,0x28e658,0,NOTYPE,LOCAL,2
SLUS_204.69,__gnu_compiled_c,0x28e658,0,NOTYPE,LOCAL,2
SLUS_204.69,f_name.0,0x36d6c8,21,OBJECT,LOCAL,5
SLUS_204.69,f_name.1,0x36d6e0,23,OBJECT,LOCAL,5
SLUS_204.69,msg.2,0x532a78,0,NOTYPE,LOCAL,14
SLUS_204.69,tag_name.3,0x36d6f8,36,OBJECT,LOCAL,5
SLUS_204.69,para_name.4,0x36d720,32,OBJECT,LOCAL,5
SLUS_204.69,para_name2.5,0x36d740,32,OBJECT,LOCAL,5
SLUS_204.69,char_name.6,0x36d760,120,OBJECT,LOCAL,5
SLUS_204.69,char_name2.7,0x36d7d8,4,OBJECT,LOCAL,5
SLUS_204.69,dumm_msg.8,0x36d7e0,12,OBJECT,LOCAL,5
SLUS_204.69,dumm.9,0x36d7f0,12,OBJECT,LOCAL,5
SLUS_204.69,dumm2.10,0x36d800,12,OBJECT,LOCAL,5
SLUS_204.69,opt_mnt_tbl,0x36d810,16,OBJECT,LOCAL,5
SLUS_204.69,chrEquipGet,0x28fbb8,44,FUNC,LOCAL,2
SLUS_204.69,wpnInfoGet,0x28fbe8,20,FUNC,LOCAL,2
SLUS_204.69,MenuSortSubType05,0x2904d0,136,FUNC,LOCAL,2
SLUS_204.69,MenuSortSubType04,0x290558,136,FUNC,LOCAL,2
SLUS_204.69,MenuSortSubType03,0x2905e0,96,FUNC,LOCAL,2
SLUS_204.69,MenuSortSubType02,0x290640,96,FUNC,LOCAL,2
SLUS_204.69,MenuSortSubType01,0x2906a0,36,FUNC,LOCAL,2
SLUS_204.69,MenuSortSubType00,0x2906c8,36,FUNC,LOCAL,2
SLUS_204.69,f.11,0x36d820,24,OBJECT,LOCAL,5
SLUS_204.69,sort,0x532b10,0,NOTYPE,LOCAL,14
SLUS_204.69,msg.12,0x36d838,9,OBJECT,LOCAL,5
SLUS_204.69,mw_list,0x533310,0,NOTYPE,LOCAL,14
SLUS_204.69,fname.13,0x532a90,0,NOTYPE,LOCAL,14
SLUS_204.69,f_base.14,0x36d848,12,OBJECT,LOCAL,5
SLUS_204.69,f_exten.15,0x36d858,20,OBJECT,LOCAL,5
SLUS_204.69,f_ukn_name.16,0x36d870,8,OBJECT,LOCAL,5
SLUS_204.69,f_char_mot.17,0x36d878,12,OBJECT,LOCAL,5
SLUS_204.69,f_mons_mot.18,0x36d888,4,OBJECT,LOCAL,5
SLUS_204.69,gcc2_compiled.,0x2913c0,0,NOTYPE,LOCAL,2
SLUS_204.69,__gnu_compiled_c,0x2913c0,0,NOTYPE,LOCAL,2
SLUS_204.69,setSlotTbl,0x36d898,8,OBJECT,LOCAL,5
SLUS_204.69,ParaPointTbl,0x36d8a0,8,OBJECT,LOCAL,5
SLUS_204.69,msg.0,0x36d8a8,48,OBJECT,LOCAL,5
SLUS_204.69,msg01.1,0x36d8d8,12,OBJECT,LOCAL,5
SLUS_204.69,UpPara,0x534b10,0,NOTYPE,LOCAL,14
SLUS_204.69,MenuCharParty,0x534b20,0,NOTYPE,LOCAL,14
SLUS_204.69,MenuCharPartyReser,0x4dc5e8,0,NOTYPE,LOCAL,13
SLUS_204.69,msg00.2,0x36d8e8,12,OBJECT,LOCAL,5
SLUS_204.69,msg01.3,0x36d8f8,8,OBJECT,LOCAL,5
SLUS_204.69,CharMenuMain,0x292d30,932,FUNC,LOCAL,2
SLUS_204.69,msg00.4,0x36d900,12,OBJECT,LOCAL,5
SLUS_204.69,msg.5,0x36d910,32,OBJECT,LOCAL,5
SLUS_204.69,CharWinSP,0x4dc5f0,0,NOTYPE,LOCAL,13
SLUS_204.69,paraUnit,0x534b30,0,NOTYPE,LOCAL,14
SLUS_204.69,msg.6,0x36d930,4,OBJECT,LOCAL,5
SLUS_204.69,msg.7,0x36d938,8,OBJECT,LOCAL,5
SLUS_204.69,TairetuRot,0x534e30,0,NOTYPE,LOCAL,14
SLUS_204.69,TairetuPos,0x534e40,0,NOTYPE,LOCAL,14
SLUS_204.69,tskCharLineField,0x296e90,1420,FUNC,LOCAL,2
SLUS_204.69,tskCharSpotLight,0x297420,900,FUNC,LOCAL,2
SLUS_204.69,gcc2_compiled.,0x299e18,0,NOTYPE,LOCAL,2
SLUS_204.69,__gnu_compiled_c,0x299e18,0,NOTYPE,LOCAL,2
SLUS_204.69,WaglGet,0x299e18,124,FUNC,LOCAL,2
SLUS_204.69,ParaSet,0x299e98,148,FUNC,LOCAL,2
SLUS_204.69,msg00.0,0x36d940,68,OBJECT,LOCAL,5
SLUS_204.69,msg00.1,0x36d988,4,OBJECT,LOCAL,5
SLUS_204.69,msg01.2,0x36d990,16,OBJECT,LOCAL,5
SLUS_204.69,msg02.3,0x36d9a0,24,OBJECT,LOCAL,5
SLUS_204.69,msg03.4,0x36d9b8,20,OBJECT,LOCAL,5
SLUS_204.69,msg04.5,0x36d9d0,16,OBJECT,LOCAL,5
SLUS_204.69,msg05.6,0x36d9e0,20,OBJECT,LOCAL,5
SLUS_204.69,msg.7,0x36d9f8,68,OBJECT,LOCAL,5
SLUS_204.69,msg01.8,0x36da40,12,OBJECT,LOCAL,5
SLUS_204.69,mmsg.9,0x534e50,0,NOTYPE,LOCAL,14
SLUS_204.69,msg.10,0x36da50,28,OBJECT,LOCAL,5
SLUS_204.69,AgwsNo,0x534ed0,0,NOTYPE,LOCAL,14
SLUS_204.69,AgwsWinSP,0x534ef0,0,NOTYPE,LOCAL,14
SLUS_204.69,gcc2_compiled.,0x29f440,0,NOTYPE,LOCAL,2
SLUS_204.69,__gnu_compiled_c,0x29f440,0,NOTYPE,LOCAL,2
SLUS_204.69,msg_number,0x36da90,40,OBJECT,LOCAL,5
SLUS_204.69,SeisanCN,0x534f00,0,NOTYPE,LOCAL,14
SLUS_204.69,msg00.0,0x36dab8,12,OBJECT,LOCAL,5
SLUS_204.69,SeisanTimeEx,0x29faf0,868,FUNC,LOCAL,2
SLUS_204.69,msg00.1,0x36dac8,8,OBJECT,LOCAL,5
SLUS_204.69,tskSeisanButton,0x29fe58,288,FUNC,LOCAL,2
SLUS_204.69,msg00.2,0x36dad0,8,OBJECT,LOCAL,5
SLUS_204.69,tskSeisanItem,0x29ff78,1160,FUNC,LOCAL,2
SLUS_204.69,msg00.3,0x36dad8,16,OBJECT,LOCAL,5
SLUS_204.69,msg01.4,0x36dae8,8,OBJECT,LOCAL,5
SLUS_204.69,tskSeisanStatus,0x2a0400,3872,FUNC,LOCAL,2
SLUS_204.69,gcc2_compiled.,0x2a1ff0,0,NOTYPE,LOCAL,2
SLUS_204.69,__gnu_compiled_c,0x2a1ff0,0,NOTYPE,LOCAL,2
SLUS_204.69,ShopData,0x534fb0,0,NOTYPE,LOCAL,14
SLUS_204.69,TskObjectSet3,0x2a20e8,16,FUNC,LOCAL,2
SLUS_204.69,tskTskMain3,0x2a20f8,144,FUNC,LOCAL,2
SLUS_204.69,MenuShopWork,0x4dc5f8,0,NOTYPE,LOCAL,13
SLUS_204.69,MenuShopModelMain,0x2a22a0,440,FUNC,LOCAL,2
SLUS_204.69,msg00.0,0x36daf0,64,OBJECT,LOCAL,5
SLUS_204.69,MenuShopPas,0x2a2458,940,FUNC,LOCAL,2
SLUS_204.69,MenuShopInfo,0x2a2808,1916,FUNC,LOCAL,2
SLUS_204.69,msg00.1,0x36db30,32,OBJECT,LOCAL,5
SLUS_204.69,msg01.2,0x36db50,16,OBJECT,LOCAL,5
SLUS_204.69,ListMake.3,0x2a2f88,280,FUNC,LOCAL,2
SLUS_204.69,MenuShopSelect,0x2a30a0,1580,FUNC,LOCAL,2
SLUS_204.69,msg00.4,0x36db60,8,OBJECT,LOCAL,5
SLUS_204.69,MenuShopWinSP,0x4dc600,0,NOTYPE,LOCAL,13
SLUS_204.69,MenuShopList,0x2a4160,720,FUNC,LOCAL,2
SLUS_204.69,msg00.5,0x36db68,20,OBJECT,LOCAL,5
SLUS_204.69,MenuShopEx,0x2a4430,3248,FUNC,LOCAL,2
SLUS_204.69,msg00.6,0x36db80,12,OBJECT,LOCAL,5
SLUS_204.69,msg01.7,0x36db90,16,OBJECT,LOCAL,5
SLUS_204.69,MenuShopSeisan,0x2a50e0,1568,FUNC,LOCAL,2
SLUS_204.69,msg01.8,0x36dba0,8,OBJECT,LOCAL,5
SLUS_204.69,MenuShopSeisan02,0x2a5700,1312,FUNC,LOCAL,2
SLUS_204.69,MenuShopEx02,0x2a5c20,1456,FUNC,LOCAL,2
SLUS_204.69,MenuShopIcon,0x2a61d0,1740,FUNC,LOCAL,2
SLUS_204.69,msg00.9,0x36dba8,28,OBJECT,LOCAL,5
SLUS_204.69,msg01.10,0x36dbc8,24,OBJECT,LOCAL,5
SLUS_204.69,MenuShopParameter,0x2a7108,2268,FUNC,LOCAL,2
SLUS_204.69,MenuShopEx2,0x2a79e8,404,FUNC,LOCAL,2
SLUS_204.69,MenuShopLine,0x2a7b80,540,FUNC,LOCAL,2
SLUS_204.69,subMenuShopNumerInc.11,0x2a8018,148,FUNC,LOCAL,2
SLUS_204.69,subMenuShopNumerDec.12,0x2a80b0,92,FUNC,LOCAL,2
SLUS_204.69,ShopDataBufTop,0x4dc604,0,NOTYPE,LOCAL,13
SLUS_204.69,MenuShopTask,0x4dc5fc,0,NOTYPE,LOCAL,13
SLUS_204.69,gcc2_compiled.,0x2a9f10,0,NOTYPE,LOCAL,2
SLUS_204.69,__gnu_compiled_c,0x2a9f10,0,NOTYPE,LOCAL,2
SLUS_204.69,msg.0,0x36dc00,24,OBJECT,LOCAL,5
SLUS_204.69,msg00.1,0x36dc18,8,OBJECT,LOCAL,5
SLUS_204.69,msg01.2,0x36dc20,8,OBJECT,LOCAL,5
SLUS_204.69,msg00.3,0x36dc28,8,OBJECT,LOCAL,5
SLUS_204.69,msg01.4,0x36dc30,4,OBJECT,LOCAL,5
SLUS_204.69,gcc2_compiled.,0x2af498,0,NOTYPE,LOCAL,2
SLUS_204.69,__gnu_compiled_c,0x2af498,0,NOTYPE,LOCAL,2
SLUS_204.69,MenuTecTrgTbl00,0x36dc58,6,OBJECT,LOCAL,5
SLUS_204.69,MenuTecTrgTbl01,0x36dc60,6,OBJECT,LOCAL,5
SLUS_204.69,msg.0,0x36dc68,12,OBJECT,LOCAL,5
SLUS_204.69,msg00.1,0x36dc78,4,OBJECT,LOCAL,5
SLUS_204.69,msg01.2,0x36dc80,8,OBJECT,LOCAL,5
SLUS_204.69,msg00.3,0x36dc88,4,OBJECT,LOCAL,5
SLUS_204.69,MenuTecParty,0x535120,0,NOTYPE,LOCAL,14
SLUS_204.69,msg00.4,0x36dc90,12,OBJECT,LOCAL,5
SLUS_204.69,msg01.5,0x36dca0,8,OBJECT,LOCAL,5
SLUS_204.69,subMenuTecListChange.6,0x2b15e8,676,FUNC,LOCAL,2
SLUS_204.69,msg00.7,0x36dca8,12,OBJECT,LOCAL,5
SLUS_204.69,msg01.8,0x36dcb8,12,OBJECT,LOCAL,5
SLUS_204.69,msg02.9,0x36dcc8,8,OBJECT,LOCAL,5
SLUS_204.69,msg03.10,0x36dcd0,40,OBJECT,LOCAL,5
SLUS_204.69,subListChange.11,0x2b2540,732,FUNC,LOCAL,2
SLUS_204.69,gcc2_compiled.,0x2b4128,0,NOTYPE,LOCAL,2
SLUS_204.69,__gnu_compiled_c,0x2b4128,0,NOTYPE,LOCAL,2
SLUS_204.69,msg00.0,0x36dcf8,4,OBJECT,LOCAL,5
SLUS_204.69,msg00.1,0x36dd00,28,OBJECT,LOCAL,5
SLUS_204.69,msg01.2,0x36dd20,8,OBJECT,LOCAL,5
SLUS_204.69,msg02.3,0x36dd28,8,OBJECT,LOCAL,5
SLUS_204.69,msg03.4,0x36dd30,8,OBJECT,LOCAL,5
SLUS_204.69,gcc2_compiled.,0x2b56c0,0,NOTYPE,LOCAL,2
SLUS_204.69,__gnu_compiled_c,0x2b56c0,0,NOTYPE,LOCAL,2
SLUS_204.69,CostumData.0,0x36dd38,32,OBJECT,LOCAL,5
SLUS_204.69,gcc2_compiled.,0x2b69e8,0,NOTYPE,LOCAL,2
SLUS_204.69,__gnu_compiled_c,0x2b69e8,0,NOTYPE,LOCAL,2
SLUS_204.69,msg.0,0x36dd58,12,OBJECT,LOCAL,5
SLUS_204.69,MenuSkillParty,0x535130,0,NOTYPE,LOCAL,14
SLUS_204.69,msg00.1,0x36dd68,4,OBJECT,LOCAL,5
SLUS_204.69,msg01.2,0x36dd70,8,OBJECT,LOCAL,5
SLUS_204.69,msg00.3,0x36dd78,12,OBJECT,LOCAL,5
SLUS_204.69,msg00.4,0x36dd88,4,OBJECT,LOCAL,5
SLUS_204.69,MenuSkillListChange00,0x2b8a68,496,FUNC,LOCAL,2
SLUS_204.69,MenuSkillListChange01,0x2b8c58,320,FUNC,LOCAL,2
SLUS_204.69,gcc2_compiled.,0x2b9f10,0,NOTYPE,LOCAL,2
SLUS_204.69,__gnu_compiled_c,0x2b9f10,0,NOTYPE,LOCAL,2
SLUS_204.69,EtherTreeFirstData,0x36dd90,28,OBJECT,LOCAL,5
SLUS_204.69,RoboEtherCheck,0x2bc5e8,12,FUNC,LOCAL,2
SLUS_204.69,gcc2_compiled.,0x2bcaf8,0,NOTYPE,LOCAL,2
SLUS_204.69,__gnu_compiled_c,0x2bcaf8,0,NOTYPE,LOCAL,2
SLUS_204.69,gcc2_compiled.,0x2bce98,0,NOTYPE,LOCAL,2
SLUS_204.69,__gnu_compiled_c,0x2bce98,0,NOTYPE,LOCAL,2
SLUS_204.69,CfTest,0x2bd068,1020,FUNC,LOCAL,2
SLUS_204.69,TexTest,0x2bda80,1148,FUNC,LOCAL,2
SLUS_204.69,tActor,0x4dc608,0,NOTYPE,LOCAL,13
SLUS_204.69,rgba.0,0x4db6c0,8,OBJECT,LOCAL,12
SLUS_204.69,TestEnv.1,0x36ddb0,144,OBJECT,LOCAL,5
SLUS_204.69,TestEnv.2,0x36de40,80,OBJECT,LOCAL,5
SLUS_204.69,gcc2_compiled.,0x2bdfb8,0,NOTYPE,LOCAL,2
SLUS_204.69,__gnu_compiled_c,0x2bdfb8,0,NOTYPE,LOCAL,2
SLUS_204.69,uwamono_dat,0x535140,0,NOTYPE,LOCAL,14
SLUS_204.69,NyuruCircle,0x2c10e8,648,FUNC,LOCAL,2
SLUS_204.69,NyuruMatrix,0x2c1370,976,FUNC,LOCAL,2
SLUS_204.69,NyuruCorner,0x2c19e0,728,FUNC,LOCAL,2
SLUS_204.69,CheckCornerDist,0x2c3c70,276,FUNC,LOCAL,2
SLUS_204.69,sPoint.0,0x36de90,112,OBJECT,LOCAL,5
SLUS_204.69,sSortLine.1,0x36df00,96,OBJECT,LOCAL,5
SLUS_204.69,gcc2_compiled.,0x2c4760,0,NOTYPE,LOCAL,2
SLUS_204.69,__gnu_compiled_c,0x2c4760,0,NOTYPE,LOCAL,2
SLUS_204.69,gcc2_compiled.,0x2c58d0,0,NOTYPE,LOCAL,2
SLUS_204.69,__gnu_compiled_c,0x2c58d0,0,NOTYPE,LOCAL,2
SLUS_204.69,gcc2_compiled.,0x2c58d0,0,NOTYPE,LOCAL,2
SLUS_204.69,__gnu_compiled_c,0x2c58d0,0,NOTYPE,LOCAL,2
SLUS_204.69,TrapKind_t.0,0x36f7d0,240,OBJECT,LOCAL,5
SLUS_204.69,gcc2_compiled.,0x2c6388,0,NOTYPE,LOCAL,2
SLUS_204.69,__gnu_compiled_c,0x2c6388,0,NOTYPE,LOCAL,2
SLUS_204.69,strno,0x36f8c0,40,OBJECT,LOCAL,5
SLUS_204.69,taskItemGet,0x2c6388,820,FUNC,LOCAL,2
SLUS_204.69,taskEvtItemGet,0x2c66c0,208,FUNC,LOCAL,2
SLUS_204.69,deb.0,0x4db788,5,OBJECT,LOCAL,12
SLUS_204.69,Pow,0x2c6918,60,FUNC,LOCAL,2
SLUS_204.69,gcc2_compiled.,0x2c78d0,0,NOTYPE,LOCAL,2
SLUS_204.69,__gnu_compiled_c,0x2c78d0,0,NOTYPE,LOCAL,2
SLUS_204.69,debmode,0x4db790,4,OBJECT,LOCAL,12
SLUS_204.69,cursol.0,0x4db794,4,OBJECT,LOCAL,12
SLUS_204.69,page.1,0x4db79c,4,OBJECT,LOCAL,12
SLUS_204.69,page.2,0x4db7a4,4,OBJECT,LOCAL,12
SLUS_204.69,gcc2_compiled.,0x2c8970,0,NOTYPE,LOCAL,2
SLUS_204.69,__gnu_compiled_c,0x2c8970,0,NOTYPE,LOCAL,2
SLUS_204.69,gcc2_compiled.,0x2c8f10,0,NOTYPE,LOCAL,2
SLUS_204.69,__gnu_compiled_c,0x2c8f10,0,NOTYPE,LOCAL,2
SLUS_204.69,pDrillFlag,0x4dc60c,0,NOTYPE,LOCAL,13
SLUS_204.69,gcc2_compiled.,0x2cb1a8,0,NOTYPE,LOCAL,2
SLUS_204.69,__gnu_compiled_c,0x2cb1a8,0,NOTYPE,LOCAL,2
SLUS_204.69,gcc2_compiled.,0x2cb1b0,0,NOTYPE,LOCAL,2
SLUS_204.69,__gnu_compiled_c,0x2cb1b0,0,NOTYPE,LOCAL,2
SLUS_204.69,CoolDown.0,0x4db81e,2,OBJECT,LOCAL,12
SLUS_204.69,CoolDown.1,0x4db820,2,OBJECT,LOCAL,12
SLUS_204.69,gcc2_compiled.,0x2ce7f0,0,NOTYPE,LOCAL,2
SLUS_204.69,__gnu_compiled_c,0x2ce7f0,0,NOTYPE,LOCAL,2
SLUS_204.69,gcc2_compiled.,0x2d0488,0,NOTYPE,LOCAL,2
SLUS_204.69,__gnu_compiled_c,0x2d0488,0,NOTYPE,LOCAL,2
SLUS_204.69,FootStep,0x3b1e30,384,OBJECT,LOCAL,5
SLUS_204.69,idx.0,0x3b1fb0,16,OBJECT,LOCAL,5
SLUS_204.69,vec.1,0x3b1fc0,72,OBJECT,LOCAL,5
SLUS_204.69,rate.2,0x3b2008,16,OBJECT,LOCAL,5
SLUS_204.69,gcc2_compiled.,0x2d2d50,0,NOTYPE,LOCAL,2
SLUS_204.69,__gnu_compiled_c,0x2d2d50,0,NOTYPE,LOCAL,2
SLUS_204.69,gcc2_compiled.,0x2d3828,0,NOTYPE,LOCAL,2
SLUS_204.69,__gnu_compiled_c,0x2d3828,0,NOTYPE,LOCAL,2
SLUS_204.69,gcc2_compiled.,0x2d3e18,0,NOTYPE,LOCAL,2
SLUS_204.69,__gnu_compiled_c,0x2d3e18,0,NOTYPE,LOCAL,2
SLUS_204.69,gcc2_compiled.,0x2d4450,0,NOTYPE,LOCAL,2
SLUS_204.69,__gnu_compiled_c,0x2d4450,0,NOTYPE,LOCAL,2
SLUS_204.69,Page.0,0x4db862,2,OBJECT,LOCAL,12
SLUS_204.69,gcc2_compiled.,0x2d61a8,0,NOTYPE,LOCAL,2
SLUS_204.69,__gnu_compiled_c,0x2d61a8,0,NOTYPE,LOCAL,2
SLUS_204.69,gcc2_compiled.,0x2d6aa8,0,NOTYPE,LOCAL,2
SLUS_204.69,__gnu_compiled_c,0x2d6aa8,0,NOTYPE,LOCAL,2
SLUS_204.69,gcc2_compiled.,0x2d6c60,0,NOTYPE,LOCAL,2
SLUS_204.69,__gnu_compiled_c,0x2d6c60,0,NOTYPE,LOCAL,2
SLUS_204.69,gcc2_compiled.,0x2d6da0,0,NOTYPE,LOCAL,2
SLUS_204.69,__gnu_compiled_c,0x2d6da0,0,NOTYPE,LOCAL,2
SLUS_204.69,gcc2_compiled.,0x2d9100,0,NOTYPE,LOCAL,2
SLUS_204.69,__gnu_compiled_c,0x2d9100,0,NOTYPE,LOCAL,2
SLUS_204.69,csr,0x4db9c0,4,OBJECT,LOCAL,12
SLUS_204.69,funclist,0x3b2650,12,OBJECT,LOCAL,5
SLUS_204.69,gcc2_compiled.,0x2d92e0,0,NOTYPE,LOCAL,2
SLUS_204.69,__gnu_compiled_c,0x2d92e0,0,NOTYPE,LOCAL,2
SLUS_204.69,gcc2_compiled.,0x2d9430,0,NOTYPE,LOCAL,2
SLUS_204.69,__gnu_compiled_c,0x2d9430,0,NOTYPE,LOCAL,2
SLUS_204.69,InitTest,0x2d9430,556,FUNC,LOCAL,2
SLUS_204.69,wpos,0x585180,0,NOTYPE,LOCAL,14
SLUS_204.69,cpos,0x585140,0,NOTYPE,LOCAL,14
SLUS_204.69,pCamera,0x4dc614,0,NOTYPE,LOCAL,13
SLUS_204.69,crx,0x4dc618,0,NOTYPE,LOCAL,13
SLUS_204.69,wvec,0x5851c0,0,NOTYPE,LOCAL,14
SLUS_204.69,cry,0x4dc61c,0,NOTYPE,LOCAL,13
SLUS_204.69,crvx,0x4dc620,0,NOTYPE,LOCAL,13
SLUS_204.69,crvy,0x4dc624,0,NOTYPE,LOCAL,13
SLUS_204.69,pAct,0x4dc62c,0,NOTYPE,LOCAL,13
SLUS_204.69,wtype,0x4dc610,0,NOTYPE,LOCAL,13
SLUS_204.69,shake,0x4dc630,0,NOTYPE,LOCAL,13
SLUS_204.69,wpow,0x4dc628,0,NOTYPE,LOCAL,13
SLUS_204.69,MoveCamera,0x2d9660,1052,FUNC,LOCAL,2
SLUS_204.69,MoveWind,0x2d9a80,520,FUNC,LOCAL,2
SLUS_204.69,MoveWind2,0x2d9c88,520,FUNC,LOCAL,2
SLUS_204.69,PrintDisp,0x2d9e90,176,FUNC,LOCAL,2
SLUS_204.69,gcc2_compiled.,0x2da1d8,0,NOTYPE,LOCAL,2
SLUS_204.69,__gnu_compiled_c,0x2da1d8,0,NOTYPE,LOCAL,2
SLUS_204.69,list,0x3b2660,1712,OBJECT,LOCAL,5
SLUS_204.69,InitTest,0x2da1d8,544,FUNC,LOCAL,2
SLUS_204.69,cpos,0x585200,0,NOTYPE,LOCAL,14
SLUS_204.69,cry,0x4dc654,0,NOTYPE,LOCAL,13
SLUS_204.69,lookY,0x4dc64c,0,NOTYPE,LOCAL,13
SLUS_204.69,crx,0x4dc650,0,NOTYPE,LOCAL,13
SLUS_204.69,pCamera,0x4dc634,0,NOTYPE,LOCAL,13
SLUS_204.69,listpos,0x4dc63c,0,NOTYPE,LOCAL,13
SLUS_204.69,listnum,0x4dc640,0,NOTYPE,LOCAL,13
SLUS_204.69,listnow,0x4dc648,0,NOTYPE,LOCAL,13
SLUS_204.69,pAct,0x4dc638,0,NOTYPE,LOCAL,13
SLUS_204.69,mot,0x4dc644,0,NOTYPE,LOCAL,13
SLUS_204.69,pause,0x4dc658,0,NOTYPE,LOCAL,13
SLUS_204.69,PrintDisp,0x2da3f8,156,FUNC,LOCAL,2
SLUS_204.69,getNumFCV,0x2db678,60,FUNC,LOCAL,2
SLUS_204.69,JNT_hairID,0x2da9c0,12,FUNC,LOCAL,2
SLUS_204.69,gcc2_compiled.,0x2db6b8,0,NOTYPE,LOCAL,2
SLUS_204.69,__gnu_compiled_c,0x2db6b8,0,NOTYPE,LOCAL,2
SLUS_204.69,swapf,0x2db6b8,20,FUNC,LOCAL,2
SLUS_204.69,CheckIntersect,0x2db6d0,260,FUNC,LOCAL,2
SLUS_204.69,GetIntersectionPointLineX,0x2db7d8,68,FUNC,LOCAL,2
SLUS_204.69,GetIntersectionPointLineZ,0x2db820,68,FUNC,LOCAL,2
SLUS_204.69,CheckSlope,0x2db868,108,FUNC,LOCAL,2
SLUS_204.69,CheckInBox,0x2db8d8,100,FUNC,LOCAL,2
SLUS_204.69,CheckBallBoxCollision,0x2db940,1352,FUNC,LOCAL,2
SLUS_204.69,col1,0x3b2d10,16,OBJECT,LOCAL,5
SLUS_204.69,col2,0x3b2d20,16,OBJECT,LOCAL,5
SLUS_204.69,col3,0x3b2d30,16,OBJECT,LOCAL,5
SLUS_204.69,mode,0x4db9d8,4,OBJECT,LOCAL,12
SLUS_204.69,hit,0x4db9dc,4,OBJECT,LOCAL,12
SLUS_204.69,InitTest,0x2dbe88,392,FUNC,LOCAL,2
SLUS_204.69,pos2,0x585280,0,NOTYPE,LOCAL,14
SLUS_204.69,pos1,0x585240,0,NOTYPE,LOCAL,14
SLUS_204.69,pCamera,0x4dc65c,0,NOTYPE,LOCAL,13
SLUS_204.69,box1,0x5852c0,0,NOTYPE,LOCAL,14
SLUS_204.69,box2,0x5852d0,0,NOTYPE,LOCAL,14
SLUS_204.69,box3,0x5852f0,0,NOTYPE,LOCAL,14
SLUS_204.69,box4,0x585300,0,NOTYPE,LOCAL,14
SLUS_204.69,radius,0x4dc660,0,NOTYPE,LOCAL,13
SLUS_204.69,hitpos,0x5852e0,0,NOTYPE,LOCAL,14
SLUS_204.69,gcc2_compiled.,0x2dc3a8,0,NOTYPE,LOCAL,2
SLUS_204.69,__gnu_compiled_c,0x2dc3a8,0,NOTYPE,LOCAL,2
SLUS_204.69,gcc2_compiled.,0x2dc410,0,NOTYPE,LOCAL,2
SLUS_204.69,__gnu_compiled_c,0x2dc410,0,NOTYPE,LOCAL,2
SLUS_204.69,basepath,0x3b2d40,23,OBJECT,LOCAL,5
SLUS_204.69,filelist,0x4db9e0,4,OBJECT,LOCAL,12
SLUS_204.69,gridlexTop,0x4db9e4,4,OBJECT,LOCAL,12
SLUS_204.69,gridxtxTop,0x4db9e8,4,OBJECT,LOCAL,12
SLUS_204.69,hamalexTop,0x4db9ec,4,OBJECT,LOCAL,12
SLUS_204.69,hamaxtxTop,0x4db9f0,4,OBJECT,LOCAL,12
SLUS_204.69,cfScript,0x4db9f4,4,OBJECT,LOCAL,12
SLUS_204.69,loaded,0x4db9f8,2,OBJECT,LOCAL,12
SLUS_204.69,mapdisp,0x4db9fa,2,OBJECT,LOCAL,12
SLUS_204.69,casdisp,0x4db9fc,2,OBJECT,LOCAL,12
SLUS_204.69,tgtdisp,0x4db9fe,2,OBJECT,LOCAL,12
SLUS_204.69,sftMode,0x4dba00,4,OBJECT,LOCAL,12
SLUS_204.69,splitName,0x2dc410,248,FUNC,LOCAL,2
SLUS_204.69,path.0,0x585310,0,NOTYPE,LOCAL,14
SLUS_204.69,name.1,0x585390,0,NOTYPE,LOCAL,14
SLUS_204.69,cfs,0x585e98,0,NOTYPE,LOCAL,14
SLUS_204.69,sdbExecEffect,0x2dc690,132,FUNC,LOCAL,2
SLUS_204.69,sdebufPrintMenu,0x2dc720,120,FUNC,LOCAL,2
SLUS_204.69,cur.2,0x4dba10,4,OBJECT,LOCAL,12
SLUS_204.69,menu.3,0x3b2d58,20,OBJECT,LOCAL,5
SLUS_204.69,menumax.4,0x4dba14,4,OBJECT,LOCAL,12
SLUS_204.69,debugEffectConfig,0x2dc798,360,FUNC,LOCAL,2
SLUS_204.69,cur.5,0x4dba1c,4,OBJECT,LOCAL,12
SLUS_204.69,debugEffectSelect,0x2dc900,396,FUNC,LOCAL,2
SLUS_204.69,cur.6,0x4dba20,4,OBJECT,LOCAL,12
SLUS_204.69,debugEnemySelect,0x2dca90,512,FUNC,LOCAL,2
SLUS_204.69,cur.7,0x4dba30,4,OBJECT,LOCAL,12
SLUS_204.69,debugCfSelect,0x2dcc90,364,FUNC,LOCAL,2
SLUS_204.69,SCamTake,0x2dce00,172,FUNC,LOCAL,2
SLUS_204.69,sbattleDebug,0x2dcf40,104,FUNC,LOCAL,2
SLUS_204.69,prm.8,0x5853d0,0,NOTYPE,LOCAL,14
SLUS_204.69,seffectDebugDb,0x2dcfa8,452,FUNC,LOCAL,2
SLUS_204.69,dummyMapLoad,0x2dd6e0,132,FUNC,LOCAL,2
SLUS_204.69,dummyMapDraw,0x2dd768,400,FUNC,LOCAL,2
SLUS_204.69,handle.9,0x4dba34,4,OBJECT,LOCAL,12
SLUS_204.69,point.10,0x3b2d70,16,OBJECT,LOCAL,5
SLUS_204.69,angle.11,0x3b2d80,16,OBJECT,LOCAL,5
SLUS_204.69,dmyActor.12,0x585400,0,NOTYPE,LOCAL,14
SLUS_204.69,seffectDebugCf,0x2dd170,624,FUNC,LOCAL,2
SLUS_204.69,prm.13,0x585e70,0,NOTYPE,LOCAL,14
SLUS_204.69,seffectDebugBattle,0x2dd3e0,764,FUNC,LOCAL,2
SLUS_204.69,pos.14,0x3b2d90,16,OBJECT,LOCAL,5
SLUS_204.69,caspos.15,0x3b2da0,16,OBJECT,LOCAL,5
SLUS_204.69,tgtpos.16,0x3b2db0,16,OBJECT,LOCAL,5
SLUS_204.69,scale.17,0x3b2dc0,16,OBJECT,LOCAL,5
SLUS_204.69,gcc2_compiled.,0x2dda70,0,NOTYPE,LOCAL,2
SLUS_204.69,__gnu_compiled_c,0x2dda70,0,NOTYPE,LOCAL,2
SLUS_204.69,gcc2_compiled.,0x2ddaf8,0,NOTYPE,LOCAL,2
SLUS_204.69,__gnu_compiled_c,0x2ddaf8,0,NOTYPE,LOCAL,2
SLUS_204.69,_draw3D,0x4dba48,4,OBJECT,LOCAL,12
SLUS_204.69,_nEffect2D,0x4dba4c,4,OBJECT,LOCAL,12
SLUS_204.69,_svUnitMatrix,0x4cbe00,64,OBJECT,LOCAL,10
SLUS_204.69,_svRegData,0x4cbe40,16,OBJECT,LOCAL,10
SLUS_204.69,svImageListAlloc,0x2ddb88,64,FUNC,LOCAL,2
SLUS_204.69,svGetTypeList,0x2ddbc8,28,FUNC,LOCAL,2
SLUS_204.69,svGetImageListItemSub,0x2ddbe8,96,FUNC,LOCAL,2
SLUS_204.69,svGetResFromName,0x2ddca0,120,FUNC,LOCAL,2
SLUS_204.69,svGetSizeBit,0x2de128,64,FUNC,LOCAL,2
SLUS_204.69,svAddImage,0x2de168,352,FUNC,LOCAL,2
SLUS_204.69,svAddClut,0x2de2c8,240,FUNC,LOCAL,2
SLUS_204.69,svAddModel,0x2de3b8,140,FUNC,LOCAL,2
SLUS_204.69,svAddScript,0x2de448,136,FUNC,LOCAL,2
SLUS_204.69,svAddScript2,0x2de4d0,136,FUNC,LOCAL,2
SLUS_204.69,svAnalyzeChunk,0x2de558,260,FUNC,LOCAL,2
SLUS_204.69,siz.0,0x3b2e00,160,OBJECT,LOCAL,5
SLUS_204.69,top.1,0x3b2ea0,160,OBJECT,LOCAL,5
SLUS_204.69,svInitRefImage,0x2de6f0,60,FUNC,LOCAL,2
SLUS_204.69,sefInitClipViewVolume,0x2df068,40,FUNC,LOCAL,2
SLUS_204.69,sefClipViewVolumeA,0x2df090,296,FUNC,LOCAL,2
SLUS_204.69,_$mcc_reg_start4,0x2df098,0,NOTYPE,LOCAL,2
SLUS_204.69,_$mcc_set_end4,0x2df1a4,0,NOTYPE,LOCAL,2
SLUS_204.69,_$mcc_clr_end4,0x2df194,0,NOTYPE,LOCAL,2
SLUS_204.69,_$mcc_exit4,0x2df1ac,0,NOTYPE,LOCAL,2
SLUS_204.69,alphaTbl,0x4cbe78,32,OBJECT,LOCAL,10
SLUS_204.69,stqTbl,0x4cbea0,64,OBJECT,LOCAL,10
SLUS_204.69,svRotMatrixScale,0x2df6e8,136,FUNC,LOCAL,2
SLUS_204.69,alphaTbl.2,0x4cbee0,24,OBJECT,LOCAL,10
SLUS_204.69,_nowImage,0x4dc66c,0,NOTYPE,LOCAL,13
SLUS_204.69,sefDrawSchedulerEffect,0x2e04b8,804,FUNC,LOCAL,2
SLUS_204.69,charID.3,0x4dc664,0,NOTYPE,LOCAL,13
SLUS_204.69,eftCate.4,0x4dc668,0,NOTYPE,LOCAL,13
SLUS_204.69,eft.5,0x4dba60,4,OBJECT,LOCAL,12
SLUS_204.69,svDrawSchedulerBlk,0x2e07e0,200,FUNC,LOCAL,2
SLUS_204.69,svDrawAlters,0x2e08a8,44,FUNC,LOCAL,2
SLUS_204.69,svDrawMissile,0x2e08d8,52,FUNC,LOCAL,2
SLUS_204.69,svDrawSchedulerParticle,0x2e0910,836,FUNC,LOCAL,2
SLUS_204.69,gcc2_compiled.,0x2e1000,0,NOTYPE,LOCAL,2
SLUS_204.69,__gnu_compiled_c,0x2e1000,0,NOTYPE,LOCAL,2
SLUS_204.69,_zeroPos,0x4cbf00,16,OBJECT,LOCAL,10
SLUS_204.69,_zeroAng,0x4cbf10,16,OBJECT,LOCAL,10
SLUS_204.69,_parentLine,0x4dba64,4,OBJECT,LOCAL,12
SLUS_204.69,_gravity,0x4dba68,4,OBJECT,LOCAL,12
SLUS_204.69,_colision,0x4dba6c,4,OBJECT,LOCAL,12
SLUS_204.69,_height,0x4dba70,4,OBJECT,LOCAL,12
SLUS_204.69,_revDirZ,0x4dba74,2,OBJECT,LOCAL,12
SLUS_204.69,_initialize,0x4dba76,2,OBJECT,LOCAL,12
SLUS_204.69,atanTbl.0,0x4dba80,4,OBJECT,LOCAL,12
SLUS_204.69,sefRandSeed,0x4dba84,4,OBJECT,LOCAL,12
SLUS_204.69,sefRandf,0x2e11b0,56,FUNC,LOCAL,2
SLUS_204.69,sefIsBossID,0x2e11e8,12,FUNC,LOCAL,2
SLUS_204.69,sefCalcInvView,0x2e12e0,76,FUNC,LOCAL,2
SLUS_204.69,_battleData,0x794110,0,NOTYPE,LOCAL,14
SLUS_204.69,_battlePrm,0x794340,0,NOTYPE,LOCAL,14
SLUS_204.69,sevInitPtAllocator,0x2e1580,124,FUNC,LOCAL,2
SLUS_204.69,_ptAlloc,0x6f1100,0,NOTYPE,LOCAL,14
SLUS_204.69,sevAllocPtAllocator,0x2e1600,88,FUNC,LOCAL,2
SLUS_204.69,sevFreePtAllocator,0x2e1658,96,FUNC,LOCAL,2
SLUS_204.69,sefProgressKey3,0x2e16b8,136,FUNC,LOCAL,2
SLUS_204.69,sefProgressKey5,0x2e1740,136,FUNC,LOCAL,2
SLUS_204.69,sefLerpVectorA,0x2e17c8,44,FUNC,LOCAL,2
SLUS_204.69,sefLerpVectorSC,0x2e1908,68,FUNC,LOCAL,2
SLUS_204.69,sefProgressInt,0x2e1da0,76,FUNC,LOCAL,2
SLUS_204.69,_nowParentLocal,0x4dc678,0,NOTYPE,LOCAL,13
SLUS_204.69,_battleActor,0x794380,0,NOTYPE,LOCAL,14
SLUS_204.69,sefGetCirclePos,0x2e2280,148,FUNC,LOCAL,2
SLUS_204.69,sefGetSpherePos,0x2e2318,172,FUNC,LOCAL,2
SLUS_204.69,sefGetCubePosBtm,0x2e23c8,248,FUNC,LOCAL,2
SLUS_204.69,sefGetCubePosTop,0x2e24c0,48,FUNC,LOCAL,2
SLUS_204.69,sefGetCubePos,0x2e24f0,244,FUNC,LOCAL,2
SLUS_204.69,sefGetOfsRange,0x2e25e8,560,FUNC,LOCAL,2
SLUS_204.69,sefGetDirMatrix,0x2e2818,236,FUNC,LOCAL,2
SLUS_204.69,sefGetDirVector,0x2e2938,36,FUNC,LOCAL,2
SLUS_204.69,sefGetStartPos,0x2e2960,80,FUNC,LOCAL,2
SLUS_204.69,sefGetTargetPos,0x2e29b0,80,FUNC,LOCAL,2
SLUS_204.69,sefGetSpeed,0x2e2a00,408,FUNC,LOCAL,2
SLUS_204.69,_nowScheduler,0x4dc670,0,NOTYPE,LOCAL,13
SLUS_204.69,sefCalcLocalMatrix,0x2e2d48,440,FUNC,LOCAL,2
SLUS_204.69,sefCalcRotChange,0x2e2f00,424,FUNC,LOCAL,2
SLUS_204.69,sefExecLineLocalData,0x2e30a8,1076,FUNC,LOCAL,2
SLUS_204.69,sefAddLightActor,0x2e6920,576,FUNC,LOCAL,2
SLUS_204.69,sefAnimate,0x2e3e90,488,FUNC,LOCAL,2
SLUS_204.69,sefFreeLocalData,0x2e34e0,64,FUNC,LOCAL,2
SLUS_204.69,sefAllocLocalData,0x2e3520,180,FUNC,LOCAL,2
SLUS_204.69,sefDestroyLocalData,0x2e35d8,100,FUNC,LOCAL,2
SLUS_204.69,sefInitLineData,0x2e3640,1416,FUNC,LOCAL,2
SLUS_204.69,_nowScriptAdr,0x4dc674,0,NOTYPE,LOCAL,13
SLUS_204.69,sefAnalyzeAnim,0x2e3c98,500,FUNC,LOCAL,2
SLUS_204.69,sefAllocLineData,0x2e3bc8,68,FUNC,LOCAL,2
SLUS_204.69,_lineData,0x6b0100,0,NOTYPE,LOCAL,14
SLUS_204.69,sefFreeLineData,0x2e3c10,132,FUNC,LOCAL,2
SLUS_204.69,sefExecLineGlobalData,0x2e4598,676,FUNC,LOCAL,2
SLUS_204.69,sefExecLineData,0x2e4840,424,FUNC,LOCAL,2
SLUS_204.69,sefInitEffectData,0x2e49e8,100,FUNC,LOCAL,2
SLUS_204.69,sefDestroyEffectData,0x2e4a50,88,FUNC,LOCAL,2
SLUS_204.69,sefFreeEffectData,0x2e4b38,68,FUNC,LOCAL,2
SLUS_204.69,sefAllocEffectData,0x2e4aa8,140,FUNC,LOCAL,2
SLUS_204.69,sefCheckFinish,0x2e4b80,32,FUNC,LOCAL,2
SLUS_204.69,sefSetHitSignal,0x2e67a0,104,FUNC,LOCAL,2
SLUS_204.69,sefSetSeSignal,0x2e6860,104,FUNC,LOCAL,2
SLUS_204.69,_scheduler,0x65a900,0,NOTYPE,LOCAL,14
SLUS_204.69,_schridx.1,0x4dba88,4,OBJECT,LOCAL,12
SLUS_204.69,sefAllocScheduler,0x2e5040,216,FUNC,LOCAL,2
SLUS_204.69,sefInitEffectTbl,0x2e53a0,420,FUNC,LOCAL,2
SLUS_204.69,offset.2,0x4cbf48,20,OBJECT,LOCAL,10
SLUS_204.69,sefGetSizeOffset,0x2e5920,24,FUNC,LOCAL,2
SLUS_204.69,sefInitBattlePrm,0x2e65e0,180,FUNC,LOCAL,2
SLUS_204.69,sefSetReverseDir,0x2e6380,108,FUNC,LOCAL,2
SLUS_204.69,sefSetLightFlag,0x2e6738,100,FUNC,LOCAL,2
SLUS_204.69,revEft.3,0x410ac8,40,OBJECT,LOCAL,5
SLUS_204.69,_eftBuffer,0x586100,0,NOTYPE,LOCAL,14
SLUS_204.69,_sefLoadEftQue,0x4dc680,0,NOTYPE,LOCAL,13
SLUS_204.69,sefCnvEtEffectNo,0x2e74e0,140,FUNC,LOCAL,2
SLUS_204.69,_sefBossDeathPrm.4,0x410af0,144,OBJECT,LOCAL,5
SLUS_204.69,sefCnvDeathEffectNo,0x2e72a0,268,FUNC,LOCAL,2
SLUS_204.69,steftTbl,0x410b80,34,OBJECT,LOCAL,5
SLUS_204.69,sefCnvWaitEffectNo,0x2e73b0,128,FUNC,LOCAL,2
SLUS_204.69,sefCreateEffectCf2,0x2e7830,228,FUNC,LOCAL,2
SLUS_204.69,_savePrm,0x791910,0,NOTYPE,LOCAL,14
SLUS_204.69,gcc2_compiled.,0x2e8040,0,NOTYPE,LOCAL,2
SLUS_204.69,__gnu_compiled_c,0x2e8040,0,NOTYPE,LOCAL,2
SLUS_204.69,srsLoadMode,0x4dba90,4,OBJECT,LOCAL,12
SLUS_204.69,srsViewPath,0x410d80,256,OBJECT,LOCAL,5
SLUS_204.69,_srsEffect2IndexTbl,0x411190,117,OBJECT,LOCAL,5
SLUS_204.69,_srsChrEfTbl,0x411208,216,OBJECT,LOCAL,5
SLUS_204.69,_srsChrEfTbl2,0x4112e0,966,OBJECT,LOCAL,5
SLUS_204.69,_srsChrEfTbl3,0x4116a8,216,OBJECT,LOCAL,5
SLUS_204.69,srsMakeFileName,0x2e84f0,360,FUNC,LOCAL,2
SLUS_204.69,srsGetFileLen,0x2e86b0,192,FUNC,LOCAL,2
SLUS_204.69,fileLoad,0x2e8770,368,FUNC,LOCAL,2
SLUS_204.69,_nRead,0x4dc684,0,NOTYPE,LOCAL,13
SLUS_204.69,msg.0,0x795120,0,NOTYPE,LOCAL,14
SLUS_204.69,_weaponTbl,0x411780,360,OBJECT,LOCAL,5
SLUS_204.69,msg.1,0x7951a0,0,NOTYPE,LOCAL,14
SLUS_204.69,msg.2,0x795220,0,NOTYPE,LOCAL,14
SLUS_204.69,srsGetComboName,0x2e8b20,96,FUNC,LOCAL,2
SLUS_204.69,gcc2_compiled.,0x2e9b28,0,NOTYPE,LOCAL,2
SLUS_204.69,__gnu_compiled_c,0x2e9b28,0,NOTYPE,LOCAL,2
SLUS_204.69,_zeroPos,0x41e290,16,OBJECT,LOCAL,5
SLUS_204.69,_cmdPut,0x4dbb30,2,OBJECT,LOCAL,12
SLUS_204.69,scFindScriptData,0x2e9bf8,20,FUNC,LOCAL,2
SLUS_204.69,scCreateTask,0x2ea028,452,FUNC,LOCAL,2
SLUS_204.69,scDeleteTask,0x2ea1f0,136,FUNC,LOCAL,2
SLUS_204.69,scExecScript,0x2e9f30,212,FUNC,LOCAL,2
SLUS_204.69,scDispatchScript,0x2eb9d0,128,FUNC,LOCAL,2
SLUS_204.69,scDeleteTaskAll,0x2ea278,120,FUNC,LOCAL,2
SLUS_204.69,scERRORScript,0x2ea7e0,8,FUNC,LOCAL,2
SLUS_204.69,scGOScript,0x2ea7e8,56,FUNC,LOCAL,2
SLUS_204.69,scGOSUBScript,0x2ea820,108,FUNC,LOCAL,2
SLUS_204.69,scRETURNScript,0x2ea890,76,FUNC,LOCAL,2
SLUS_204.69,scEXITScript,0x2ea8e0,8,FUNC,LOCAL,2
SLUS_204.69,scBRAScript,0x2ea8e8,288,FUNC,LOCAL,2
SLUS_204.69,scONGOSUB,0x2eaa08,160,FUNC,LOCAL,2
SLUS_204.69,scONGOScript,0x2eaaa8,56,FUNC,LOCAL,2
SLUS_204.69,scONGOSUBScript,0x2eaae0,84,FUNC,LOCAL,2
SLUS_204.69,scOBJEVEScript,0x2eab38,132,FUNC,LOCAL,2
SLUS_204.69,scABORTScript,0x2eabc0,64,FUNC,LOCAL,2
SLUS_204.69,scPAUSEScript,0x2eac00,20,FUNC,LOCAL,2
SLUS_204.69,scPRINTScript,0x2eac18,180,FUNC,LOCAL,2
SLUS_204.69,scRPUTScript,0x2eacd0,40,FUNC,LOCAL,2
SLUS_204.69,scRDUMPScript,0x2eacf8,140,FUNC,LOCAL,2
SLUS_204.69,scCMDPUTONScript,0x2ead88,16,FUNC,LOCAL,2
SLUS_204.69,scCMDPUTOFFScript,0x2ead98,12,FUNC,LOCAL,2
SLUS_204.69,scRSETScript,0x2eada8,72,FUNC,LOCAL,2
SLUS_204.69,scRINCScript,0x2eadf0,64,FUNC,LOCAL,2
SLUS_204.69,scRDECScript,0x2eae30,64,FUNC,LOCAL,2
SLUS_204.69,scRADDScript,0x2eae70,84,FUNC,LOCAL,2
SLUS_204.69,scRSUBScript,0x2eaec8,84,FUNC,LOCAL,2
SLUS_204.69,scRMULScript,0x2eaf20,88,FUNC,LOCAL,2
SLUS_204.69,scRDIVScript,0x2eaf78,120,FUNC,LOCAL,2
SLUS_204.69,scRMODScript,0x2eaff0,120,FUNC,LOCAL,2
SLUS_204.69,scR_ANDScript,0x2eb068,84,FUNC,LOCAL,2
SLUS_204.69,scR_ORScript,0x2eb0c0,84,FUNC,LOCAL,2
SLUS_204.69,scR_XORScript,0x2eb118,84,FUNC,LOCAL,2
SLUS_204.69,scR_NOTScript,0x2eb170,64,FUNC,LOCAL,2
SLUS_204.69,scR_NEGScript,0x2eb1b0,64,FUNC,LOCAL,2
SLUS_204.69,scRRNDScript,0x2eb1f0,168,FUNC,LOCAL,2
SLUS_204.69,scREVEScript,0x2eb298,80,FUNC,LOCAL,2
SLUS_204.69,scWAITCNTScript,0x2eb2e8,64,FUNC,LOCAL,2
SLUS_204.69,scWAITEVEScript,0x2eb328,52,FUNC,LOCAL,2
SLUS_204.69,scWAITEFTScript,0x2eb360,56,FUNC,LOCAL,2
SLUS_204.69,scWAITMOVIEScript,0x2eb398,16,FUNC,LOCAL,2
SLUS_204.69,scWAITMISSILEScript,0x2eb3a8,16,FUNC,LOCAL,2
SLUS_204.69,scFADEONScript,0x2eb3b8,20,FUNC,LOCAL,2
SLUS_204.69,scFreezeCamera,0x2eb3d0,168,FUNC,LOCAL,2
SLUS_204.69,scSetAmbient,0x2eb478,84,FUNC,LOCAL,2
SLUS_204.69,scEFFECTScript,0x2eb4d0,152,FUNC,LOCAL,2
SLUS_204.69,scEFFECT2Script,0x2eb568,300,FUNC,LOCAL,2
SLUS_204.69,scEFFECT3Script,0x2eb698,352,FUNC,LOCAL,2
SLUS_204.69,scMOVIEScript,0x2eb7f8,232,FUNC,LOCAL,2
SLUS_204.69,scMISSILEScript,0x2eb8e0,108,FUNC,LOCAL,2
SLUS_204.69,scMISSILE3Script,0x2eb950,128,FUNC,LOCAL,2
SLUS_204.69,scParseScript,0x2eba50,176,FUNC,LOCAL,2
SLUS_204.69,_scFuncHandler,0x41e2a0,292,OBJECT,LOCAL,5
SLUS_204.69,gcc2_compiled.,0x2ebd90,0,NOTYPE,LOCAL,2
SLUS_204.69,__gnu_compiled_c,0x2ebd90,0,NOTYPE,LOCAL,2
SLUS_204.69,scWaitParseNopScript,0x2ebd90,8,FUNC,LOCAL,2
SLUS_204.69,scWaitParseCntScript,0x2ebd98,20,FUNC,LOCAL,2
SLUS_204.69,scWaitParseEveScript,0x2ebdb0,60,FUNC,LOCAL,2
SLUS_204.69,scWaitParseEftScript,0x2ebdf0,116,FUNC,LOCAL,2
SLUS_204.69,scWaitParseMovieScript,0x2ebe68,32,FUNC,LOCAL,2
SLUS_204.69,scWaitParseMovScript,0x2ebe88,20,FUNC,LOCAL,2
SLUS_204.69,waitHandlerTbl.0,0x4228d0,24,OBJECT,LOCAL,5
SLUS_204.69,scWaitMissileScript,0x2ebf10,908,FUNC,LOCAL,2
SLUS_204.69,moveHandlerTbl.1,0x4228e8,8,OBJECT,LOCAL,5
SLUS_204.69,gcc2_compiled.,0x2ec310,0,NOTYPE,LOCAL,2
SLUS_204.69,__gnu_compiled_c,0x2ec310,0,NOTYPE,LOCAL,2
SLUS_204.69,_sdvMapRgb,0x4228f0,16,OBJECT,LOCAL,5
SLUS_204.69,_sdvAmbient,0x422900,16,OBJECT,LOCAL,5
SLUS_204.69,_sdvAmbFrame,0x4dbb5c,4,OBJECT,LOCAL,12
SLUS_204.69,_sdvAmbState,0x4dbb60,4,OBJECT,LOCAL,12
SLUS_204.69,charID.0,0x4dc688,0,NOTYPE,LOCAL,13
SLUS_204.69,eftCate.1,0x4dc68c,0,NOTYPE,LOCAL,13
SLUS_204.69,sdvSetAmbStateSub,0x2ec378,124,FUNC,LOCAL,2
SLUS_204.69,sdvSetCameraParam,0x2ec9d8,536,FUNC,LOCAL,2
SLUS_204.69,sdvSetCameraOffset,0x2ecbf0,236,FUNC,LOCAL,2
SLUS_204.69,sdvTransOffset,0x2ed100,452,FUNC,LOCAL,2
SLUS_204.69,_sdvSpecialBuf,0x7952a0,0,NOTYPE,LOCAL,14
SLUS_204.69,sdvAllocSpecialWork,0x2ed350,124,FUNC,LOCAL,2
SLUS_204.69,blksiz.2,0x422910,18,OBJECT,LOCAL,5
SLUS_204.69,serial.3,0x4dbb64,4,OBJECT,LOCAL,12
SLUS_204.69,_sdvAlter,0x7952b0,0,NOTYPE,LOCAL,14
SLUS_204.69,alphaTbl,0x4cc8d8,32,OBJECT,LOCAL,10
SLUS_204.69,stqTbl,0x4cc900,64,OBJECT,LOCAL,10
SLUS_204.69,gcc2_compiled.,0x2eec50,0,NOTYPE,LOCAL,2
SLUS_204.69,__gnu_compiled_c,0x2eec50,0,NOTYPE,LOCAL,2
SLUS_204.69,smInitMemInfo,0x2eec50,44,FUNC,LOCAL,2
SLUS_204.69,nMemCell,0x4dc694,0,NOTYPE,LOCAL,13
SLUS_204.69,pmcHead,0x4dc690,0,NOTYPE,LOCAL,13
SLUS_204.69,stMemInfo,0x7a7ab0,0,NOTYPE,LOCAL,14
SLUS_204.69,gcc2_compiled.,0x2eeebc,0,NOTYPE,LOCAL,2
SLUS_204.69,__gnu_compiled_c,0x2eeebc,0,NOTYPE,LOCAL,2
SLUS_204.69,gcc2_compiled.,0x2eeec0,0,NOTYPE,LOCAL,2
SLUS_204.69,__gnu_compiled_c,0x2eeec0,0,NOTYPE,LOCAL,2
SLUS_204.69,dstr,0x7c06d0,0,NOTYPE,LOCAL,14
SLUS_204.69,gcc2_compiled.,0x2eefe0,0,NOTYPE,LOCAL,2
SLUS_204.69,__gnu_compiled_c,0x2eefe0,0,NOTYPE,LOCAL,2
SLUS_204.69,gcc2_compiled.,0x2f0018,0,NOTYPE,LOCAL,2
SLUS_204.69,__gnu_compiled_c,0x2f0018,0,NOTYPE,LOCAL,2
SLUS_204.69,mefObjSysFlags,0x4dbb70,4,OBJECT,LOCAL,12
SLUS_204.69,mefObjBuff,0x7a7ad0,0,NOTYPE,LOCAL,14
SLUS_204.69,gcc2_compiled.,0x2f02c0,0,NOTYPE,LOCAL,2
SLUS_204.69,__gnu_compiled_c,0x2f02c0,0,NOTYPE,LOCAL,2
SLUS_204.69,skipConstantPool,0x2f0730,276,FUNC,LOCAL,2
SLUS_204.69,checkClass,0x2f0848,528,FUNC,LOCAL,2
SLUS_204.69,getStrIndex,0x2f0a58,56,FUNC,LOCAL,2
SLUS_204.69,gcc2_compiled.,0x2f0c64,0,NOTYPE,LOCAL,2
SLUS_204.69,__gnu_compiled_c,0x2f0c64,0,NOTYPE,LOCAL,2
SLUS_204.69,gcc2_compiled.,0x2f0c68,0,NOTYPE,LOCAL,2
SLUS_204.69,__gnu_compiled_c,0x2f0c68,0,NOTYPE,LOCAL,2
SLUS_204.69,readConstantPool,0x2f1460,564,FUNC,LOCAL,2
SLUS_204.69,readInterfaces,0x2f1280,152,FUNC,LOCAL,2
SLUS_204.69,readFields,0x2f10e8,212,FUNC,LOCAL,2
SLUS_204.69,readMethods,0x2f11c0,192,FUNC,LOCAL,2
SLUS_204.69,readAttributes,0x2f1318,324,FUNC,LOCAL,2
SLUS_204.69,gcc2_compiled.,0x2f1708,0,NOTYPE,LOCAL,2
SLUS_204.69,__gnu_compiled_c,0x2f1708,0,NOTYPE,LOCAL,2
SLUS_204.69,constStringCount,0x4dbfdc,4,OBJECT,LOCAL,12
SLUS_204.69,gcc2_compiled.,0x2f1b00,0,NOTYPE,LOCAL,2
SLUS_204.69,__gnu_compiled_c,0x2f1b00,0,NOTYPE,LOCAL,2
SLUS_204.69,xmemchk,0x2f1b00,8,FUNC,LOCAL,2
SLUS_204.69,heap_top,0x4dc698,0,NOTYPE,LOCAL,13
SLUS_204.69,heap_size,0x4dc69c,0,NOTYPE,LOCAL,13
SLUS_204.69,freeBlock,0x4dc6a4,0,NOTYPE,LOCAL,13
SLUS_204.69,frame_stack,0x4dc6a0,0,NOTYPE,LOCAL,13
SLUS_204.69,gcc2_compiled.,0x2f1d98,0,NOTYPE,LOCAL,2
SLUS_204.69,__gnu_compiled_c,0x2f1d98,0,NOTYPE,LOCAL,2
SLUS_204.69,initBaseClasses,0x2f4348,72,FUNC,LOCAL,2
SLUS_204.69,initPrimitiveTypes,0x2f4390,284,FUNC,LOCAL,2
SLUS_204.69,initWrapperClass,0x2f44b0,120,FUNC,LOCAL,2
SLUS_204.69,gcc2_compiled.,0x2f4528,0,NOTYPE,LOCAL,2
SLUS_204.69,__gnu_compiled_c,0x2f4528,0,NOTYPE,LOCAL,2
SLUS_204.69,_dummyClass,0x7c07d0,0,NOTYPE,LOCAL,14
SLUS_204.69,allocStaticField,0x2f55a0,184,FUNC,LOCAL,2
SLUS_204.69,resolveInstanceField,0x2f4f48,128,FUNC,LOCAL,2
SLUS_204.69,resolveStaticField,0x2f4d90,440,FUNC,LOCAL,2
SLUS_204.69,buildDispatchMethodTable,0x2f4c20,368,FUNC,LOCAL,2
SLUS_204.69,resolveConstants,0x2f4fc8,156,FUNC,LOCAL,2
SLUS_204.69,findSuperMethod,0x2f4ba8,116,FUNC,LOCAL,2
SLUS_204.69,sizeofDescripter,0x2f56b8,68,FUNC,LOCAL,2
SLUS_204.69,sizeofDescripterType,0x2f5878,284,FUNC,LOCAL,2
SLUS_204.69,gcc2_compiled.,0x2f5998,0,NOTYPE,LOCAL,2
SLUS_204.69,__gnu_compiled_c,0x2f5998,0,NOTYPE,LOCAL,2
SLUS_204.69,gcc2_compiled.,0x2f5d10,0,NOTYPE,LOCAL,2
SLUS_204.69,__gnu_compiled_c,0x2f5d10,0,NOTYPE,LOCAL,2
SLUS_204.69,getStrIndex,0x2f5f30,60,FUNC,LOCAL,2
SLUS_204.69,gcc2_compiled.,0x2f5f70,0,NOTYPE,LOCAL,2
SLUS_204.69,__gnu_compiled_c,0x2f5f70,0,NOTYPE,LOCAL,2
SLUS_204.69,gcc2_compiled.,0x2f6130,0,NOTYPE,LOCAL,2
SLUS_204.69,__gnu_compiled_c,0x2f6130,0,NOTYPE,LOCAL,2
SLUS_204.69,getStrIndex,0x2f6210,68,FUNC,LOCAL,2
SLUS_204.69,tmpString,0x7c0810,0,NOTYPE,LOCAL,14
SLUS_204.69,System_waitFor,0x2f63b0,332,FUNC,LOCAL,2
SLUS_204.69,gcc2_compiled.,0x2f6550,0,NOTYPE,LOCAL,2
SLUS_204.69,__gnu_compiled_c,0x2f6550,0,NOTYPE,LOCAL,2
SLUS_204.69,gcc2_compiled.,0x2f6650,0,NOTYPE,LOCAL,2
SLUS_204.69,__gnu_compiled_c,0x2f6650,0,NOTYPE,LOCAL,2
SLUS_204.69,gcc2_compiled.,0x2f6708,0,NOTYPE,LOCAL,2
SLUS_204.69,__gnu_compiled_c,0x2f6708,0,NOTYPE,LOCAL,2
SLUS_204.69,value.0,0x7c0a10,0,NOTYPE,LOCAL,14
SLUS_204.69,gcc2_compiled.,0x2f6810,0,NOTYPE,LOCAL,2
SLUS_204.69,__gnu_compiled_c,0x2f6810,0,NOTYPE,LOCAL,2
SLUS_204.69,gcc2_compiled.,0x2f6a58,0,NOTYPE,LOCAL,2
SLUS_204.69,__gnu_compiled_c,0x2f6a58,0,NOTYPE,LOCAL,2
SLUS_204.69,gcc2_compiled.,0x2f6c50,0,NOTYPE,LOCAL,2
SLUS_204.69,__gnu_compiled_c,0x2f6c50,0,NOTYPE,LOCAL,2
SLUS_204.69,defaultLayout,0x4dc6b0,0,NOTYPE,LOCAL,13
SLUS_204.69,gcc2_compiled.,0x2f7200,0,NOTYPE,LOCAL,2
SLUS_204.69,__gnu_compiled_c,0x2f7200,0,NOTYPE,LOCAL,2
SLUS_204.69,s_nMpeg2ReserveCrossFade,0x4dc070,4,OBJECT,LOCAL,12
SLUS_204.69,scriptReset_jump,0x2f7660,40,FUNC,LOCAL,2
SLUS_204.69,args_jump,0x4dc6a8,0,NOTYPE,LOCAL,13
SLUS_204.69,scriptReset_evsExit,0x2f7688,104,FUNC,LOCAL,2
SLUS_204.69,getPartyDataOfs,0x2f7be0,112,FUNC,LOCAL,2
SLUS_204.69,tbl.0,0x43b450,66,OBJECT,LOCAL,5
SLUS_204.69,cid2bic,0x2f7dc8,80,FUNC,LOCAL,2
SLUS_204.69,base.1,0x43b498,18,OBJECT,LOCAL,5
SLUS_204.69,ext.2,0x4dc078,5,OBJECT,LOCAL,12
SLUS_204.69,gcc2_compiled.,0x2f87b0,0,NOTYPE,LOCAL,2
SLUS_204.69,__gnu_compiled_c,0x2f87b0,0,NOTYPE,LOCAL,2
SLUS_204.69,gcc2_compiled.,0x2f8aa0,0,NOTYPE,LOCAL,2
SLUS_204.69,__gnu_compiled_c,0x2f8aa0,0,NOTYPE,LOCAL,2
SLUS_204.69,gcc2_compiled.,0x2f8c20,0,NOTYPE,LOCAL,2
SLUS_204.69,__gnu_compiled_c,0x2f8c20,0,NOTYPE,LOCAL,2
SLUS_204.69,getPeer_Unit,0x2f8d28,1024,FUNC,LOCAL,2
SLUS_204.69,getPeer_Effect,0x2f9978,444,FUNC,LOCAL,2
SLUS_204.69,getPeer_Stage,0x2f9b38,192,FUNC,LOCAL,2
SLUS_204.69,gcc2_compiled.,0x2fa030,0,NOTYPE,LOCAL,2
SLUS_204.69,__gnu_compiled_c,0x2fa030,0,NOTYPE,LOCAL,2
SLUS_204.69,base.0,0x43c188,17,OBJECT,LOCAL,5
SLUS_204.69,gcc2_compiled.,0x2fa228,0,NOTYPE,LOCAL,2
SLUS_204.69,__gnu_compiled_c,0x2fa228,0,NOTYPE,LOCAL,2
SLUS_204.69,name.0,0x43c1a0,27,OBJECT,LOCAL,5
SLUS_204.69,gcc2_compiled.,0x2fa3a8,0,NOTYPE,LOCAL,2
SLUS_204.69,__gnu_compiled_c,0x2fa3a8,0,NOTYPE,LOCAL,2
SLUS_204.69,gcc2_compiled.,0x2fa678,0,NOTYPE,LOCAL,2
SLUS_204.69,__gnu_compiled_c,0x2fa678,0,NOTYPE,LOCAL,2
SLUS_204.69,scale.0,0x7c0a28,0,NOTYPE,LOCAL,14
SLUS_204.69,gcc2_compiled.,0x2fb390,0,NOTYPE,LOCAL,2
SLUS_204.69,__gnu_compiled_c,0x2fb390,0,NOTYPE,LOCAL,2
SLUS_204.69,camera_change,0x2fb598,112,FUNC,LOCAL,2
SLUS_204.69,CAMERA_rotateSPL,0x2fb628,204,FUNC,LOCAL,2
SLUS_204.69,CAMERA_transSPL,0x2fb900,208,FUNC,LOCAL,2
SLUS_204.69,CAMERA_viewSPL,0x2fbb30,204,FUNC,LOCAL,2
SLUS_204.69,gcc2_compiled.,0x2fc980,0,NOTYPE,LOCAL,2
SLUS_204.69,__gnu_compiled_c,0x2fc980,0,NOTYPE,LOCAL,2
SLUS_204.69,gcc2_compiled.,0x2fccf0,0,NOTYPE,LOCAL,2
SLUS_204.69,__gnu_compiled_c,0x2fccf0,0,NOTYPE,LOCAL,2
SLUS_204.69,defaultOffset,0x43c1c0,16,OBJECT,LOCAL,5
SLUS_204.69,CHR_moveXZ,0x2fcef8,816,FUNC,LOCAL,2
SLUS_204.69,CHR_rotX,0x2fd608,820,FUNC,LOCAL,2
SLUS_204.69,CHR_rotY,0x2fd940,892,FUNC,LOCAL,2
SLUS_204.69,CHR_rotZ,0x2fdcc0,820,FUNC,LOCAL,2
SLUS_204.69,CHR_motion,0x2fe5f8,524,FUNC,LOCAL,2
SLUS_204.69,copyArgs,0x2fefb0,60,FUNC,LOCAL,2
SLUS_204.69,scale.0,0x7c0a40,0,NOTYPE,LOCAL,14
SLUS_204.69,CHR_sclX,0x2ff538,524,FUNC,LOCAL,2
SLUS_204.69,CHR_sclY,0x2ff7a8,524,FUNC,LOCAL,2
SLUS_204.69,CHR_sclZ,0x2ffa18,524,FUNC,LOCAL,2
SLUS_204.69,gcc2_compiled.,0x301400,0,NOTYPE,LOCAL,2
SLUS_204.69,__gnu_compiled_c,0x301400,0,NOTYPE,LOCAL,2
SLUS_204.69,UNIT_setUpdate,0x301400,252,FUNC,LOCAL,2
SLUS_204.69,defaultOffset,0x43c1d0,16,OBJECT,LOCAL,5
SLUS_204.69,UNIT_moveXZ,0x301710,808,FUNC,LOCAL,2
SLUS_204.69,UNIT_rotX,0x301a38,796,FUNC,LOCAL,2
SLUS_204.69,UNIT_rotY,0x301d58,848,FUNC,LOCAL,2
SLUS_204.69,UNIT_rotZ,0x3020a8,828,FUNC,LOCAL,2
SLUS_204.69,UNIT_sclX,0x302ef8,524,FUNC,LOCAL,2
SLUS_204.69,UNIT_sclY,0x303168,524,FUNC,LOCAL,2
SLUS_204.69,UNIT_sclZ,0x3033d8,524,FUNC,LOCAL,2
SLUS_204.69,copyArgs,0x303ec8,60,FUNC,LOCAL,2
SLUS_204.69,scale.0,0x7c0a58,0,NOTYPE,LOCAL,14
SLUS_204.69,unit_suspend,0x304748,16,FUNC,LOCAL,2
SLUS_204.69,unit_resume,0x304758,20,FUNC,LOCAL,2
SLUS_204.69,gcc2_compiled.,0x304d40,0,NOTYPE,LOCAL,2
SLUS_204.69,__gnu_compiled_c,0x304d40,0,NOTYPE,LOCAL,2
SLUS_204.69,gcc2_compiled.,0x304d70,0,NOTYPE,LOCAL,2
SLUS_204.69,__gnu_compiled_c,0x304d70,0,NOTYPE,LOCAL,2
SLUS_204.69,gcc2_compiled.,0x305444,0,NOTYPE,LOCAL,2
SLUS_204.69,__gnu_compiled_c,0x305444,0,NOTYPE,LOCAL,2
SLUS_204.69,gcc2_compiled.,0x305448,0,NOTYPE,LOCAL,2
SLUS_204.69,__gnu_compiled_c,0x305448,0,NOTYPE,LOCAL,2
SLUS_204.69,gcc2_compiled.,0x305998,0,NOTYPE,LOCAL,2
SLUS_204.69,__gnu_compiled_c,0x305998,0,NOTYPE,LOCAL,2
SLUS_204.69,actMatrixHeap,0x4dc210,4,OBJECT,LOCAL,12
SLUS_204.69,matrixHeapBlock,0x880a90,0,NOTYPE,LOCAL,14
SLUS_204.69,matrixHeap,0x7c0a70,0,NOTYPE,LOCAL,14
SLUS_204.69,actMatrix,0x7c0a90,0,NOTYPE,LOCAL,14
SLUS_204.69,ACT_info,0x306090,1252,FUNC,LOCAL,2
SLUS_204.69,actInfo,0x880e90,0,NOTYPE,LOCAL,14
SLUS_204.69,gcc2_compiled.,0x306578,0,NOTYPE,LOCAL,2
SLUS_204.69,__gnu_compiled_c,0x306578,0,NOTYPE,LOCAL,2
SLUS_204.69,ACT_updateMotionCore,0x306d98,216,FUNC,LOCAL,2
SLUS_204.69,ACT_updateMotionSub,0x306ea0,1216,FUNC,LOCAL,2
SLUS_204.69,ACT_modelDrawSub,0x3074b8,1328,FUNC,LOCAL,2
SLUS_204.69,min.0,0x880ea0,0,NOTYPE,LOCAL,14
SLUS_204.69,max.1,0x880eb0,0,NOTYPE,LOCAL,14
SLUS_204.69,tblHand,0x465de0,36,OBJECT,LOCAL,5
SLUS_204.69,gcc2_compiled.,0x308618,0,NOTYPE,LOCAL,2
SLUS_204.69,__gnu_compiled_c,0x308618,0,NOTYPE,LOCAL,2
SLUS_204.69,mpack_interest,0x880ec0,0,NOTYPE,LOCAL,14
SLUS_204.69,camDisp,0x4dc240,4,OBJECT,LOCAL,12
SLUS_204.69,gcc2_compiled.,0x309488,0,NOTYPE,LOCAL,2
SLUS_204.69,__gnu_compiled_c,0x309488,0,NOTYPE,LOCAL,2
SLUS_204.69,mtnIDLE.0,0x46f450,16,OBJECT,LOCAL,5
SLUS_204.69,getCurrentCamera,0x30b6e0,80,FUNC,LOCAL,2
SLUS_204.69,gcc2_compiled.,0x30b970,0,NOTYPE,LOCAL,2
SLUS_204.69,__gnu_compiled_c,0x30b970,0,NOTYPE,LOCAL,2
SLUS_204.69,SPL_cardinalInit,0x30bd38,892,FUNC,LOCAL,2
SLUS_204.69,setWeightLen,0x30bab8,140,FUNC,LOCAL,2
SLUS_204.69,setWeightLen2,0x30ba08,172,FUNC,LOCAL,2
SLUS_204.69,setWeightTime,0x30bb48,84,FUNC,LOCAL,2
SLUS_204.69,setWeightIndex,0x30bba0,60,FUNC,LOCAL,2
SLUS_204.69,gcc2_compiled.,0x30c6e0,0,NOTYPE,LOCAL,2
SLUS_204.69,__gnu_compiled_c,0x30c6e0,0,NOTYPE,LOCAL,2
SLUS_204.69,FCV_getPackVal2f,0x30ca10,764,FUNC,LOCAL,2
SLUS_204.69,FCV_getFKeyType,0x30d060,36,FUNC,LOCAL,2
SLUS_204.69,FCV_getPackVal2s,0x30cd10,844,FUNC,LOCAL,2
SLUS_204.69,FCV2_getPackVal,0x30d088,924,FUNC,LOCAL,2
SLUS_204.69,FCV2_getVal,0x30d428,788,FUNC,LOCAL,2
SLUS_204.69,fcv2Step,0x4dc244,4,OBJECT,LOCAL,12
SLUS_204.69,defaultAttr,0x478c60,16,OBJECT,LOCAL,5
SLUS_204.69,gcc2_compiled.,0x30dc08,0,NOTYPE,LOCAL,2
SLUS_204.69,__gnu_compiled_c,0x30dc08,0,NOTYPE,LOCAL,2
SLUS_204.69,gcc2_compiled.,0x30ec08,0,NOTYPE,LOCAL,2
SLUS_204.69,__gnu_compiled_c,0x30ec08,0,NOTYPE,LOCAL,2
SLUS_204.69,flagSmoothHair,0x4dc248,1,OBJECT,LOCAL,12
SLUS_204.69,dummyAttr,0x478c70,16,OBJECT,LOCAL,5
SLUS_204.69,liner_interpolate,0x313300,76,FUNC,LOCAL,2
SLUS_204.69,JNT_hairID,0x314318,64,FUNC,LOCAL,2
SLUS_204.69,gcc2_compiled.,0x315958,0,NOTYPE,LOCAL,2
SLUS_204.69,__gnu_compiled_c,0x315958,0,NOTYPE,LOCAL,2
SLUS_204.69,gcc2_compiled.,0x317060,0,NOTYPE,LOCAL,2
SLUS_204.69,__gnu_compiled_c,0x317060,0,NOTYPE,LOCAL,2
SLUS_204.69,s_aEyeIdling,0x4d1ae0,352,OBJECT,LOCAL,10
SLUS_204.69,s_aEyeControl,0x4d1c40,240,OBJECT,LOCAL,10
SLUS_204.69,s_aEyeDefault,0x4d1d30,16,OBJECT,LOCAL,10
SLUS_204.69,look_get_place,0x3171b8,268,FUNC,LOCAL,2
SLUS_204.69,s_fEyeOffset,0x4dc250,4,OBJECT,LOCAL,12
SLUS_204.69,gcc2_compiled.,0x317ce0,0,NOTYPE,LOCAL,2
SLUS_204.69,__gnu_compiled_c,0x317ce0,0,NOTYPE,LOCAL,2
SLUS_204.69,gcc2_compiled.,0x318150,0,NOTYPE,LOCAL,2
SLUS_204.69,__gnu_compiled_c,0x318150,0,NOTYPE,LOCAL,2
SLUS_204.69,foot_sion,0x478ca0,4,OBJECT,LOCAL,5
SLUS_204.69,foot_kosmos,0x478ca8,4,OBJECT,LOCAL,5
SLUS_204.69,foot_chaos,0x478cb0,4,OBJECT,LOCAL,5
SLUS_204.69,foot_momo,0x478cb8,4,OBJECT,LOCAL,5
SLUS_204.69,foot_ziggy,0x478cc0,4,OBJECT,LOCAL,5
SLUS_204.69,foot_jr,0x478cc8,4,OBJECT,LOCAL,5
SLUS_204.69,foot_tbl,0x478cd0,24,OBJECT,LOCAL,5
SLUS_204.69,Footstep,0x318150,588,FUNC,LOCAL,2
SLUS_204.69,rgbaw.0,0x478ce8,16,OBJECT,LOCAL,5
SLUS_204.69,Head.1,0x478d00,80,OBJECT,LOCAL,5
SLUS_204.69,Tail.2,0x478d50,48,OBJECT,LOCAL,5
SLUS_204.69,DrawCircleShadow,0x3183a0,1244,FUNC,LOCAL,2
SLUS_204.69,DrawZeldaShadowSub,0x318880,720,FUNC,LOCAL,2
SLUS_204.69,DrawZeldaShadow,0x318b50,368,FUNC,LOCAL,2
SLUS_204.69,DrawDropShadowSubChk,0x318cc0,364,FUNC,LOCAL,2
SLUS_204.69,DrawDropShadowSubBack,0x318e30,328,FUNC,LOCAL,2
SLUS_204.69,DrawDropShadowSubFront,0x318f78,568,FUNC,LOCAL,2
SLUS_204.69,TestEnv.3,0x478d80,48,OBJECT,LOCAL,5
SLUS_204.69,DrawDropShadowSub,0x3191b0,1632,FUNC,LOCAL,2
SLUS_204.69,Head.4,0x478db0,80,OBJECT,LOCAL,5
SLUS_204.69,Tail.5,0x478e00,48,OBJECT,LOCAL,5
SLUS_204.69,DrawDropShadow,0x319810,544,FUNC,LOCAL,2
SLUS_204.69,Head.6,0x478e30,80,OBJECT,LOCAL,5
SLUS_204.69,TestEnv.7,0x478e80,48,OBJECT,LOCAL,5
SLUS_204.69,Tail.8,0x478eb0,48,OBJECT,LOCAL,5
SLUS_204.69,DrawDropCircle,0x319a30,1508,FUNC,LOCAL,2
SLUS_204.69,Head.9,0x478ee0,160,OBJECT,LOCAL,5
SLUS_204.69,Tail.10,0x478f80,48,OBJECT,LOCAL,5
SLUS_204.69,gcc2_compiled.,0x31a190,0,NOTYPE,LOCAL,2
SLUS_204.69,__gnu_compiled_c,0x31a190,0,NOTYPE,LOCAL,2
SLUS_204.69,human_default,0x478fb0,90,OBJECT,LOCAL,5
SLUS_204.69,debug0,0x479010,240,OBJECT,LOCAL,5
SLUS_204.69,debug1,0x479100,240,OBJECT,LOCAL,5
SLUS_204.69,debug2,0x4791f0,240,OBJECT,LOCAL,5
SLUS_204.69,debug3,0x4792e0,240,OBJECT,LOCAL,5
SLUS_204.69,debug4,0x4793d0,240,OBJECT,LOCAL,5
SLUS_204.69,debug5,0x4794c0,240,OBJECT,LOCAL,5
SLUS_204.69,debug6,0x4795b0,240,OBJECT,LOCAL,5
SLUS_204.69,debug7,0x4796a0,240,OBJECT,LOCAL,5
SLUS_204.69,gcc2_compiled.,0x31a190,0,NOTYPE,LOCAL,2
SLUS_204.69,__gnu_compiled_c,0x31a190,0,NOTYPE,LOCAL,2
SLUS_204.69,shioncol,0x4797e0,240,OBJECT,LOCAL,5
SLUS_204.69,kosmoscol,0x4798d0,336,OBJECT,LOCAL,5
SLUS_204.69,chaoscol,0x479a20,96,OBJECT,LOCAL,5
SLUS_204.69,momocol,0x479a80,192,OBJECT,LOCAL,5
SLUS_204.69,momo1col,0x479b40,384,OBJECT,LOCAL,5
SLUS_204.69,momo4col,0x479cc0,240,OBJECT,LOCAL,5
SLUS_204.69,hyakucol,0x479db0,192,OBJECT,LOCAL,5
SLUS_204.69,shitancol,0x479e70,192,OBJECT,LOCAL,5
SLUS_204.69,ellycol,0x479f30,240,OBJECT,LOCAL,5
SLUS_204.69,tonnycol,0x47a020,192,OBJECT,LOCAL,5
SLUS_204.69,shelleycol,0x47a0e0,336,OBJECT,LOCAL,5
SLUS_204.69,albeltcol,0x47a230,144,OBJECT,LOCAL,5
SLUS_204.69,kebincol,0x47a2c0,144,OBJECT,LOCAL,5
SLUS_204.69,kebinhcol,0x47a350,96,OBJECT,LOCAL,5
SLUS_204.69,shionchcol,0x47a3b0,144,OBJECT,LOCAL,5
SLUS_204.69,helmercol,0x47a440,144,OBJECT,LOCAL,5
SLUS_204.69,allencol,0x47a4d0,96,OBJECT,LOCAL,5
SLUS_204.69,abelcol,0x47a530,144,OBJECT,LOCAL,5
SLUS_204.69,mamcol,0x47a5c0,192,OBJECT,LOCAL,5
SLUS_204.69,gaignuncol,0x47a680,96,OBJECT,LOCAL,5
SLUS_204.69,offcol,0x47a6e0,96,OBJECT,LOCAL,5
SLUS_204.69,miyukicol,0x47a740,144,OBJECT,LOCAL,5
SLUS_204.69,robotcol,0x47a7d0,96,OBJECT,LOCAL,5
SLUS_204.69,humancol,0x47a830,144,OBJECT,LOCAL,5
SLUS_204.69,hairpara,0x47a8c0,1056,OBJECT,LOCAL,5
SLUS_204.69,GetLastWord,0x31a190,108,FUNC,LOCAL,2
SLUS_204.69,collibuf,0x4dc270,4,OBJECT,LOCAL,12
SLUS_204.69,ibuf,0x4dc274,4,OBJECT,LOCAL,12
SLUS_204.69,startjnt,0x4dc278,4,OBJECT,LOCAL,12
SLUS_204.69,skirtColliSize,0x4dc27c,4,OBJECT,LOCAL,12
SLUS_204.69,skirtColliSizeB,0x4dc280,4,OBJECT,LOCAL,12
SLUS_204.69,skirtColliSizeS,0x4dc284,4,OBJECT,LOCAL,12
SLUS_204.69,skirtColliFootRad,0x4dc288,4,OBJECT,LOCAL,12
SLUS_204.69,htypebuf,0x880ee0,0,NOTYPE,LOCAL,14
SLUS_204.69,GetHairTypeSelection,0x31b9c8,608,FUNC,LOCAL,2
SLUS_204.69,vel.0,0x880ed0,0,NOTYPE,LOCAL,14
SLUS_204.69,EXM_CheckExCollision,0x31bc28,1752,FUNC,LOCAL,2
SLUS_204.69,rootBorn,0x4dc28c,4,OBJECT,LOCAL,12
SLUS_204.69,CheckSkirtCollisionSub,0x31c300,4572,FUNC,LOCAL,2
SLUS_204.69,EXM_CheckSkirtCollision,0x31d4e0,348,FUNC,LOCAL,2
SLUS_204.69,AdjustJrCoatWidth,0x31d640,284,FUNC,LOCAL,2
SLUS_204.69,JR_coatAdjust,0x47ace0,12,OBJECT,LOCAL,5
SLUS_204.69,gcc2_compiled.,0x31e8c8,0,NOTYPE,LOCAL,2
SLUS_204.69,__gnu_compiled_c,0x31e8c8,0,NOTYPE,LOCAL,2
SLUS_204.69,_wind,0x47acf0,48,OBJECT,LOCAL,5
SLUS_204.69,wind,0x4dc290,4,OBJECT,LOCAL,12
SLUS_204.69,wave,0x4dc294,4,OBJECT,LOCAL,12
SLUS_204.69,waverad,0x4dc298,4,OBJECT,LOCAL,12
SLUS_204.69,gcc2_compiled.,0x31ede0,0,NOTYPE,LOCAL,2
SLUS_204.69,__gnu_compiled_c,0x31ede0,0,NOTYPE,LOCAL,2
SLUS_204.69,gcc2_compiled.,0x31f548,0,NOTYPE,LOCAL,2
SLUS_204.69,__gnu_compiled_c,0x31f548,0,NOTYPE,LOCAL,2
SLUS_204.69,gcc2_compiled.,0x3211a0,0,NOTYPE,LOCAL,2
SLUS_204.69,__gnu_compiled_c,0x3211a0,0,NOTYPE,LOCAL,2
SLUS_204.69,TestEnv.0,0x490520,336,OBJECT,LOCAL,5
SLUS_204.69,clut.1,0x490670,32,OBJECT,LOCAL,5
SLUS_204.69,unit6003_draw,0x3211a0,1376,FUNC,LOCAL,2
SLUS_204.69,movie_work_setup,0x321700,184,FUNC,LOCAL,2
SLUS_204.69,gcc2_compiled.,0x321be0,0,NOTYPE,LOCAL,2
SLUS_204.69,__gnu_compiled_c,0x321be0,0,NOTYPE,LOCAL,2
SLUS_204.69,gcc2_compiled.,0x321ce8,0,NOTYPE,LOCAL,2
SLUS_204.69,__gnu_compiled_c,0x321ce8,0,NOTYPE,LOCAL,2
SLUS_204.69,CurrentColiHead,0x4dc6e4,0,NOTYPE,LOCAL,13
SLUS_204.69,UnduDataGetHeaderSub,0x3221a0,116,FUNC,LOCAL,2
SLUS_204.69,UnduCheckSub,0x322408,512,FUNC,LOCAL,2
SLUS_204.69,UnduCheckSubHeightCheck,0x322608,420,FUNC,LOCAL,2
SLUS_204.69,UnduCheckSubCheckAll,0x3227b0,144,FUNC,LOCAL,2
SLUS_204.69,CheckWallAttr,0x322840,212,FUNC,LOCAL,2
SLUS_204.69,UnduCheckSubCrossCheck,0x322918,3360,FUNC,LOCAL,2
SLUS_204.69,UnduCheckResultCheck,0x323638,188,FUNC,LOCAL,2
SLUS_204.69,gcc2_compiled.,0x323ab0,0,NOTYPE,LOCAL,2
SLUS_204.69,__gnu_compiled_c,0x323ab0,0,NOTYPE,LOCAL,2
SLUS_204.69,force_to_data,0x338600,0,OBJECT,LOCAL,5
SLUS_204.69,gcc2_compiled.,0x323ab0,0,NOTYPE,LOCAL,2
SLUS_204.69,__gnu_compiled_c,0x323ab0,0,NOTYPE,LOCAL,2
SLUS_204.69,gcc2_compiled.,0x323bd8,0,NOTYPE,LOCAL,2
SLUS_204.69,__gnu_compiled_c,0x323bd8,0,NOTYPE,LOCAL,2
SLUS_204.69,gcc2_compiled.,0x323d10,0,NOTYPE,LOCAL,2
SLUS_204.69,__gnu_compiled_c,0x323d10,0,NOTYPE,LOCAL,2
SLUS_204.69,one,0x4d5dec,4,OBJECT,LOCAL,10
SLUS_204.69,gcc2_compiled.,0x323de8,0,NOTYPE,LOCAL,2
SLUS_204.69,__gnu_compiled_c,0x323de8,0,NOTYPE,LOCAL,2
SLUS_204.69,huge,0x4d5df0,4,OBJECT,LOCAL,10
SLUS_204.69,gcc2_compiled.,0x323ed8,0,NOTYPE,LOCAL,2
SLUS_204.69,__gnu_compiled_c,0x323ed8,0,NOTYPE,LOCAL,2
SLUS_204.69,gcc2_compiled.,0x323fc0,0,NOTYPE,LOCAL,2
SLUS_204.69,__gnu_compiled_c,0x323fc0,0,NOTYPE,LOCAL,2
SLUS_204.69,gcc2_compiled.,0x324038,0,NOTYPE,LOCAL,2
SLUS_204.69,__gnu_compiled_c,0x324038,0,NOTYPE,LOCAL,2
SLUS_204.69,gcc2_compiled.,0x324050,0,NOTYPE,LOCAL,2
SLUS_204.69,__gnu_compiled_c,0x324050,0,NOTYPE,LOCAL,2
SLUS_204.69,gcc2_compiled.,0x324068,0,NOTYPE,LOCAL,2
SLUS_204.69,__gnu_compiled_c,0x324068,0,NOTYPE,LOCAL,2
SLUS_204.69,gcc2_compiled.,0x324080,0,NOTYPE,LOCAL,2
SLUS_204.69,__gnu_compiled_c,0x324080,0,NOTYPE,LOCAL,2
SLUS_204.69,gcc2_compiled.,0x324098,0,NOTYPE,LOCAL,2
SLUS_204.69,__gnu_compiled_c,0x324098,0,NOTYPE,LOCAL,2
SLUS_204.69,gcc2_compiled.,0x3240b0,0,NOTYPE,LOCAL,2
SLUS_204.69,__gnu_compiled_c,0x3240b0,0,NOTYPE,LOCAL,2
SLUS_204.69,gcc2_compiled.,0x3240c8,0,NOTYPE,LOCAL,2
SLUS_204.69,__gnu_compiled_c,0x3240c8,0,NOTYPE,LOCAL,2
SLUS_204.69,gcc2_compiled.,0x3240e0,0,NOTYPE,LOCAL,2
SLUS_204.69,__gnu_compiled_c,0x3240e0,0,NOTYPE,LOCAL,2
SLUS_204.69,gcc2_compiled.,0x3240f8,0,NOTYPE,LOCAL,2
SLUS_204.69,__gnu_compiled_c,0x3240f8,0,NOTYPE,LOCAL,2
SLUS_204.69,gcc2_compiled.,0x324110,0,NOTYPE,LOCAL,2
SLUS_204.69,__gnu_compiled_c,0x324110,0,NOTYPE,LOCAL,2
SLUS_204.69,one,0x4d5df8,8,OBJECT,LOCAL,10
SLUS_204.69,pi,0x4d5e00,8,OBJECT,LOCAL,10
SLUS_204.69,pio2_hi,0x4d5e08,8,OBJECT,LOCAL,10
SLUS_204.69,pio2_lo,0x4d5e10,8,OBJECT,LOCAL,10
SLUS_204.69,pS0,0x4d5e18,8,OBJECT,LOCAL,10
SLUS_204.69,pS1,0x4d5e20,8,OBJECT,LOCAL,10
SLUS_204.69,pS2,0x4d5e28,8,OBJECT,LOCAL,10
SLUS_204.69,pS3,0x4d5e30,8,OBJECT,LOCAL,10
SLUS_204.69,pS4,0x4d5e38,8,OBJECT,LOCAL,10
SLUS_204.69,pS5,0x4d5e40,8,OBJECT,LOCAL,10
SLUS_204.69,qS1,0x4d5e48,8,OBJECT,LOCAL,10
SLUS_204.69,qS2,0x4d5e50,8,OBJECT,LOCAL,10
SLUS_204.69,qS3,0x4d5e58,8,OBJECT,LOCAL,10
SLUS_204.69,qS4,0x4d5e60,8,OBJECT,LOCAL,10
SLUS_204.69,gcc2_compiled.,0x324838,0,NOTYPE,LOCAL,2
SLUS_204.69,__gnu_compiled_c,0x324838,0,NOTYPE,LOCAL,2
SLUS_204.69,tiny,0x4d5f88,8,OBJECT,LOCAL,10
SLUS_204.69,zero,0x4d5f90,8,OBJECT,LOCAL,10
SLUS_204.69,pi_o_4,0x4d5f98,8,OBJECT,LOCAL,10
SLUS_204.69,pi_o_2,0x4d5fa0,8,OBJECT,LOCAL,10
SLUS_204.69,pi,0x4d5fa8,8,OBJECT,LOCAL,10
SLUS_204.69,pi_lo,0x4d5fb0,8,OBJECT,LOCAL,10
SLUS_204.69,gcc2_compiled.,0x324b78,0,NOTYPE,LOCAL,2
SLUS_204.69,__gnu_compiled_c,0x324b78,0,NOTYPE,LOCAL,2
SLUS_204.69,one,0x4d6038,8,OBJECT,LOCAL,10
SLUS_204.69,Zero,0x4d6040,16,OBJECT,LOCAL,10
SLUS_204.69,gcc2_compiled.,0x324f98,0,NOTYPE,LOCAL,2
SLUS_204.69,__gnu_compiled_c,0x324f98,0,NOTYPE,LOCAL,2
SLUS_204.69,bp,0x4d6050,16,OBJECT,LOCAL,10
SLUS_204.69,dp_h,0x4d6060,16,OBJECT,LOCAL,10
SLUS_204.69,dp_l,0x4d6070,16,OBJECT,LOCAL,10
SLUS_204.69,zero,0x4d6080,8,OBJECT,LOCAL,10
SLUS_204.69,one,0x4d6088,8,OBJECT,LOCAL,10
SLUS_204.69,two,0x4d6090,8,OBJECT,LOCAL,10
SLUS_204.69,two53,0x4d6098,8,OBJECT,LOCAL,10
SLUS_204.69,huge,0x4d60a0,8,OBJECT,LOCAL,10
SLUS_204.69,tiny,0x4d60a8,8,OBJECT,LOCAL,10
SLUS_204.69,L1,0x4d60b0,8,OBJECT,LOCAL,10
SLUS_204.69,L2,0x4d60b8,8,OBJECT,LOCAL,10
SLUS_204.69,L3,0x4d60c0,8,OBJECT,LOCAL,10
SLUS_204.69,L4,0x4d60c8,8,OBJECT,LOCAL,10
SLUS_204.69,L5,0x4d60d0,8,OBJECT,LOCAL,10
SLUS_204.69,L6,0x4d60d8,8,OBJECT,LOCAL,10
SLUS_204.69,P1,0x4d60e0,8,OBJECT,LOCAL,10
SLUS_204.69,P2,0x4d60e8,8,OBJECT,LOCAL,10
SLUS_204.69,P3,0x4d60f0,8,OBJECT,LOCAL,10
SLUS_204.69,P4,0x4d60f8,8,OBJECT,LOCAL,10
SLUS_204.69,P5,0x4d6100,8,OBJECT,LOCAL,10
SLUS_204.69,lg2,0x4d6108,8,OBJECT,LOCAL,10
SLUS_204.69,lg2_h,0x4d6110,8,OBJECT,LOCAL,10
SLUS_204.69,lg2_l,0x4d6118,8,OBJECT,LOCAL,10
SLUS_204.69,ovt,0x4d6120,8,OBJECT,LOCAL,10
SLUS_204.69,cp,0x4d6128,8,OBJECT,LOCAL,10
SLUS_204.69,cp_h,0x4d6130,8,OBJECT,LOCAL,10
SLUS_204.69,cp_l,0x4d6138,8,OBJECT,LOCAL,10
SLUS_204.69,ivln2,0x4d6140,8,OBJECT,LOCAL,10
SLUS_204.69,ivln2_h,0x4d6148,8,OBJECT,LOCAL,10
SLUS_204.69,ivln2_l,0x4d6150,8,OBJECT,LOCAL,10
SLUS_204.69,gcc2_compiled.,0x325ef0,0,NOTYPE,LOCAL,2
SLUS_204.69,__gnu_compiled_c,0x325ef0,0,NOTYPE,LOCAL,2
SLUS_204.69,two_over_pi,0x4d6220,264,OBJECT,LOCAL,10
SLUS_204.69,npio2_hw,0x4d6328,128,OBJECT,LOCAL,10
SLUS_204.69,zero,0x4d63a8,8,OBJECT,LOCAL,10
SLUS_204.69,half,0x4d63b0,8,OBJECT,LOCAL,10
SLUS_204.69,two24,0x4d63b8,8,OBJECT,LOCAL,10
SLUS_204.69,invpio2,0x4d63c0,8,OBJECT,LOCAL,10
SLUS_204.69,pio2_1,0x4d63c8,8,OBJECT,LOCAL,10
SLUS_204.69,pio2_1t,0x4d63d0,8,OBJECT,LOCAL,10
SLUS_204.69,pio2_2,0x4d63d8,8,OBJECT,LOCAL,10
SLUS_204.69,pio2_2t,0x4d63e0,8,OBJECT,LOCAL,10
SLUS_204.69,pio2_3,0x4d63e8,8,OBJECT,LOCAL,10
SLUS_204.69,pio2_3t,0x4d63f0,8,OBJECT,LOCAL,10
SLUS_204.69,gcc2_compiled.,0x3264a8,0,NOTYPE,LOCAL,2
SLUS_204.69,__gnu_compiled_c,0x3264a8,0,NOTYPE,LOCAL,2
SLUS_204.69,one,0x4d6470,8,OBJECT,LOCAL,10
SLUS_204.69,tiny,0x4d6478,8,OBJECT,LOCAL,10
SLUS_204.69,gcc2_compiled.,0x3267c8,0,NOTYPE,LOCAL,2
SLUS_204.69,__gnu_compiled_c,0x3267c8,0,NOTYPE,LOCAL,2
SLUS_204.69,one,0x4d6480,4,OBJECT,LOCAL,10
SLUS_204.69,huge,0x4d6484,4,OBJECT,LOCAL,10
SLUS_204.69,pio2_hi,0x4d6488,4,OBJECT,LOCAL,10
SLUS_204.69,pio2_lo,0x4d648c,4,OBJECT,LOCAL,10
SLUS_204.69,pio4_hi,0x4d6490,4,OBJECT,LOCAL,10
SLUS_204.69,pS0,0x4d6494,4,OBJECT,LOCAL,10
SLUS_204.69,pS1,0x4d6498,4,OBJECT,LOCAL,10
SLUS_204.69,pS2,0x4d649c,4,OBJECT,LOCAL,10
SLUS_204.69,pS3,0x4d64a0,4,OBJECT,LOCAL,10
SLUS_204.69,pS4,0x4d64a4,4,OBJECT,LOCAL,10
SLUS_204.69,pS5,0x4d64a8,4,OBJECT,LOCAL,10
SLUS_204.69,qS1,0x4d64ac,4,OBJECT,LOCAL,10
SLUS_204.69,qS2,0x4d64b0,4,OBJECT,LOCAL,10
SLUS_204.69,qS3,0x4d64b4,4,OBJECT,LOCAL,10
SLUS_204.69,qS4,0x4d64b8,4,OBJECT,LOCAL,10
SLUS_204.69,gcc2_compiled.,0x326b80,0,NOTYPE,LOCAL,2
SLUS_204.69,__gnu_compiled_c,0x326b80,0,NOTYPE,LOCAL,2
SLUS_204.69,tiny,0x4d64bc,4,OBJECT,LOCAL,10
SLUS_204.69,zero,0x4d64c0,4,OBJECT,LOCAL,10
SLUS_204.69,pi_o_4,0x4d64c4,4,OBJECT,LOCAL,10
SLUS_204.69,pi_o_2,0x4d64c8,4,OBJECT,LOCAL,10
SLUS_204.69,pi,0x4d64cc,4,OBJECT,LOCAL,10
SLUS_204.69,pi_lo,0x4d64d0,4,OBJECT,LOCAL,10
SLUS_204.69,gcc2_compiled.,0x326d68,0,NOTYPE,LOCAL,2
SLUS_204.69,__gnu_compiled_c,0x326d68,0,NOTYPE,LOCAL,2
SLUS_204.69,one,0x4d64d8,4,OBJECT,LOCAL,10
SLUS_204.69,Zero,0x4d64e0,8,OBJECT,LOCAL,10
SLUS_204.69,gcc2_compiled.,0x326f38,0,NOTYPE,LOCAL,2
SLUS_204.69,__gnu_compiled_c,0x326f38,0,NOTYPE,LOCAL,2
SLUS_204.69,two_over_pi,0x4d64e8,792,OBJECT,LOCAL,10
SLUS_204.69,npio2_hw,0x4d6800,128,OBJECT,LOCAL,10
SLUS_204.69,zero,0x4d6880,4,OBJECT,LOCAL,10
SLUS_204.69,half,0x4d6884,4,OBJECT,LOCAL,10
SLUS_204.69,two8,0x4d6888,4,OBJECT,LOCAL,10
SLUS_204.69,invpio2,0x4d688c,4,OBJECT,LOCAL,10
SLUS_204.69,pio2_1,0x4d6890,4,OBJECT,LOCAL,10
SLUS_204.69,pio2_1t,0x4d6894,4,OBJECT,LOCAL,10
SLUS_204.69,pio2_2,0x4d6898,4,OBJECT,LOCAL,10
SLUS_204.69,pio2_2t,0x4d689c,4,OBJECT,LOCAL,10
SLUS_204.69,pio2_3,0x4d68a0,4,OBJECT,LOCAL,10
SLUS_204.69,pio2_3t,0x4d68a4,4,OBJECT,LOCAL,10
SLUS_204.69,gcc2_compiled.,0x327300,0,NOTYPE,LOCAL,2
SLUS_204.69,__gnu_compiled_c,0x327300,0,NOTYPE,LOCAL,2
SLUS_204.69,one,0x4d68a8,4,OBJECT,LOCAL,10
SLUS_204.69,tiny,0x4d68ac,4,OBJECT,LOCAL,10
SLUS_204.69,gcc2_compiled.,0x3273d8,0,NOTYPE,LOCAL,2
SLUS_204.69,__gnu_compiled_c,0x3273d8,0,NOTYPE,LOCAL,2
SLUS_204.69,one,0x4d68b0,8,OBJECT,LOCAL,10
SLUS_204.69,C1,0x4d68b8,8,OBJECT,LOCAL,10
SLUS_204.69,C2,0x4d68c0,8,OBJECT,LOCAL,10
SLUS_204.69,C3,0x4d68c8,8,OBJECT,LOCAL,10
SLUS_204.69,C4,0x4d68d0,8,OBJECT,LOCAL,10
SLUS_204.69,C5,0x4d68d8,8,OBJECT,LOCAL,10
SLUS_204.69,C6,0x4d68e0,8,OBJECT,LOCAL,10
SLUS_204.69,gcc2_compiled.,0x3276b0,0,NOTYPE,LOCAL,2
SLUS_204.69,__gnu_compiled_c,0x3276b0,0,NOTYPE,LOCAL,2
SLUS_204.69,init_jk,0x4d6918,16,OBJECT,LOCAL,10
SLUS_204.69,PIo2,0x4d6928,64,OBJECT,LOCAL,10
SLUS_204.69,zero,0x4d6968,8,OBJECT,LOCAL,10
SLUS_204.69,one,0x4d6970,8,OBJECT,LOCAL,10
SLUS_204.69,two24,0x4d6978,8,OBJECT,LOCAL,10
SLUS_204.69,twon24,0x4d6980,8,OBJECT,LOCAL,10
SLUS_204.69,gcc2_compiled.,0x328200,0,NOTYPE,LOCAL,2
SLUS_204.69,__gnu_compiled_c,0x328200,0,NOTYPE,LOCAL,2
SLUS_204.69,half,0x4d6988,8,OBJECT,LOCAL,10
SLUS_204.69,S1,0x4d6990,8,OBJECT,LOCAL,10
SLUS_204.69,S2,0x4d6998,8,OBJECT,LOCAL,10
SLUS_204.69,S3,0x4d69a0,8,OBJECT,LOCAL,10
SLUS_204.69,S4,0x4d69a8,8,OBJECT,LOCAL,10
SLUS_204.69,S5,0x4d69b0,8,OBJECT,LOCAL,10
SLUS_204.69,S6,0x4d69b8,8,OBJECT,LOCAL,10
SLUS_204.69,gcc2_compiled.,0x328438,0,NOTYPE,LOCAL,2
SLUS_204.69,__gnu_compiled_c,0x328438,0,NOTYPE,LOCAL,2
SLUS_204.69,one,0x4d69f8,4,OBJECT,LOCAL,10
SLUS_204.69,C1,0x4d69fc,4,OBJECT,LOCAL,10
SLUS_204.69,C2,0x4d6a00,4,OBJECT,LOCAL,10
SLUS_204.69,C3,0x4d6a04,4,OBJECT,LOCAL,10
SLUS_204.69,C4,0x4d6a08,4,OBJECT,LOCAL,10
SLUS_204.69,C5,0x4d6a0c,4,OBJECT,LOCAL,10
SLUS_204.69,C6,0x4d6a10,4,OBJECT,LOCAL,10
SLUS_204.69,gcc2_compiled.,0x3285a8,0,NOTYPE,LOCAL,2
SLUS_204.69,__gnu_compiled_c,0x3285a8,0,NOTYPE,LOCAL,2
SLUS_204.69,init_jk,0x4d6a18,12,OBJECT,LOCAL,10
SLUS_204.69,PIo2,0x4d6a28,44,OBJECT,LOCAL,10
SLUS_204.69,zero,0x4d6a54,4,OBJECT,LOCAL,10
SLUS_204.69,one,0x4d6a58,4,OBJECT,LOCAL,10
SLUS_204.69,two8,0x4d6a5c,4,OBJECT,LOCAL,10
SLUS_204.69,twon8,0x4d6a60,4,OBJECT,LOCAL,10
SLUS_204.69,gcc2_compiled.,0x328e50,0,NOTYPE,LOCAL,2
SLUS_204.69,__gnu_compiled_c,0x328e50,0,NOTYPE,LOCAL,2
SLUS_204.69,half,0x4d6a64,4,OBJECT,LOCAL,10
SLUS_204.69,S1,0x4d6a68,4,OBJECT,LOCAL,10
SLUS_204.69,S2,0x4d6a6c,4,OBJECT,LOCAL,10
SLUS_204.69,S3,0x4d6a70,4,OBJECT,LOCAL,10
SLUS_204.69,S4,0x4d6a74,4,OBJECT,LOCAL,10
SLUS_204.69,S5,0x4d6a78,4,OBJECT,LOCAL,10
SLUS_204.69,S6,0x4d6a7c,4,OBJECT,LOCAL,10
SLUS_204.69,gcc2_compiled.,0x328f78,0,NOTYPE,LOCAL,2
SLUS_204.69,__gnu_compiled_c,0x328f78,0,NOTYPE,LOCAL,2
SLUS_204.69,one,0x4d6a80,4,OBJECT,LOCAL,10
SLUS_204.69,pio4,0x4d6a84,4,OBJECT,LOCAL,10
SLUS_204.69,pio4lo,0x4d6a88,4,OBJECT,LOCAL,10
SLUS_204.69,T,0x4d6a90,52,OBJECT,LOCAL,10
SLUS_204.69,gcc2_compiled.,0x329220,0,NOTYPE,LOCAL,2
SLUS_204.69,__gnu_compiled_c,0x329220,0,NOTYPE,LOCAL,2
SLUS_204.69,atanhi,0x4d6ac8,32,OBJECT,LOCAL,10
SLUS_204.69,atanlo,0x4d6ae8,32,OBJECT,LOCAL,10
SLUS_204.69,aT,0x4d6b08,88,OBJECT,LOCAL,10
SLUS_204.69,one,0x4d6b60,8,OBJECT,LOCAL,10
SLUS_204.69,huge,0x4d6b68,8,OBJECT,LOCAL,10
SLUS_204.69,gcc2_compiled.,0x3296e8,0,NOTYPE,LOCAL,2
SLUS_204.69,__gnu_compiled_c,0x3296e8,0,NOTYPE,LOCAL,2
SLUS_204.69,gcc2_compiled.,0x329720,0,NOTYPE,LOCAL,2
SLUS_204.69,__gnu_compiled_c,0x329720,0,NOTYPE,LOCAL,2
SLUS_204.69,huge,0x4d6b78,8,OBJECT,LOCAL,10
SLUS_204.69,gcc2_compiled.,0x329938,0,NOTYPE,LOCAL,2
SLUS_204.69,__gnu_compiled_c,0x329938,0,NOTYPE,LOCAL,2
SLUS_204.69,two54,0x4d6b88,8,OBJECT,LOCAL,10
SLUS_204.69,twom54,0x4d6b90,8,OBJECT,LOCAL,10
SLUS_204.69,huge,0x4d6b98,8,OBJECT,LOCAL,10
SLUS_204.69,tiny,0x4d6ba0,8,OBJECT,LOCAL,10
SLUS_204.69,gcc2_compiled.,0x329b20,0,NOTYPE,LOCAL,2
SLUS_204.69,__gnu_compiled_c,0x329b20,0,NOTYPE,LOCAL,2
SLUS_204.69,atanhi,0x4d6bb8,16,OBJECT,LOCAL,10
SLUS_204.69,atanlo,0x4d6bc8,16,OBJECT,LOCAL,10
SLUS_204.69,aT,0x4d6bd8,44,OBJECT,LOCAL,10
SLUS_204.69,one,0x4d6c04,4,OBJECT,LOCAL,10
SLUS_204.69,huge,0x4d6c08,4,OBJECT,LOCAL,10
SLUS_204.69,gcc2_compiled.,0x329dc0,0,NOTYPE,LOCAL,2
SLUS_204.69,__gnu_compiled_c,0x329dc0,0,NOTYPE,LOCAL,2
SLUS_204.69,gcc2_compiled.,0x329de8,0,NOTYPE,LOCAL,2
SLUS_204.69,__gnu_compiled_c,0x329de8,0,NOTYPE,LOCAL,2
SLUS_204.69,two25,0x4d6c0c,4,OBJECT,LOCAL,10
SLUS_204.69,twom25,0x4d6c10,4,OBJECT,LOCAL,10
SLUS_204.69,huge,0x4d6c14,4,OBJECT,LOCAL,10
SLUS_204.69,tiny,0x4d6c18,4,OBJECT,LOCAL,10
SLUS_204.69,gcc2_compiled.,0x329eb0,0,NOTYPE,LOCAL,2
SLUS_204.69,__gnu_compiled_c,0x329eb0,0,NOTYPE,LOCAL,2
SLUS_204.69,gcc2_compiled.,0x329ef8,0,NOTYPE,LOCAL,2
SLUS_204.69,__gnu_compiled_c,0x329ef8,0,NOTYPE,LOCAL,2
SLUS_204.69,gcc2_compiled.,0x329f38,0,NOTYPE,LOCAL,2
SLUS_204.69,__gnu_compiled_c,0x329f38,0,NOTYPE,LOCAL,2
SLUS_204.69,gcc2_compiled.,0x329fb0,0,NOTYPE,LOCAL,2
SLUS_204.69,__gnu_compiled_c,0x329fb0,0,NOTYPE,LOCAL,2
SLUS_204.69,__clz_tab,0x4d6c20,256,OBJECT,LOCAL,10
SLUS_204.69,gcc2_compiled.,0x32a648,0,NOTYPE,LOCAL,2
SLUS_204.69,__gnu_compiled_c,0x32a648,0,NOTYPE,LOCAL,2
SLUS_204.69,__clz_tab,0x4d6d20,256,OBJECT,LOCAL,10
SLUS_204.69,gcc2_compiled.,0x32acd8,0,NOTYPE,LOCAL,2
SLUS_204.69,__gnu_compiled_c,0x32acd8,0,NOTYPE,LOCAL,2
SLUS_204.69,__clz_tab,0x4d6e20,256,OBJECT,LOCAL,10
SLUS_204.69,gcc2_compiled.,0x32b258,0,NOTYPE,LOCAL,2
SLUS_204.69,__gnu_compiled_c,0x32b258,0,NOTYPE,LOCAL,2
SLUS_204.69,__clz_tab,0x4d6f20,256,OBJECT,LOCAL,10
SLUS_204.69,gcc2_compiled.,0x32b7c0,0,NOTYPE,LOCAL,2
SLUS_204.69,__gnu_compiled_c,0x32b7c0,0,NOTYPE,LOCAL,2
SLUS_204.69,gcc2_compiled.,0x32b8d8,0,NOTYPE,LOCAL,2
SLUS_204.69,__gnu_compiled_c,0x32b8d8,0,NOTYPE,LOCAL,2
SLUS_204.69,gcc2_compiled.,0x32ba00,0,NOTYPE,LOCAL,2
SLUS_204.69,__gnu_compiled_c,0x32ba00,0,NOTYPE,LOCAL,2
SLUS_204.69,p.0,0x4ad6e8,4,OBJECT,LOCAL,5
SLUS_204.69,completed.1,0x4ad6ec,4,OBJECT,LOCAL,5
SLUS_204.69,object.2,0x998740,0,NOTYPE,LOCAL,14
SLUS_204.69,initialized.3,0x998758,0,NOTYPE,LOCAL,14
SLUS_204.69,gcc2_compiled.,0x32bb88,0,NOTYPE,LOCAL,2
SLUS_204.69,__gnu_compiled_c,0x32bb88,0,NOTYPE,LOCAL,2
SLUS_204.69,gcc2_compiled.,0x32bbc8,0,NOTYPE,LOCAL,2
SLUS_204.69,__gnu_compiled_c,0x32bbc8,0,NOTYPE,LOCAL,2
SLUS_204.69,_fpadd_parts,0x32bbc8,604,FUNC,LOCAL,2
SLUS_204.69,gcc2_compiled.,0x32bee8,0,NOTYPE,LOCAL,2
SLUS_204.69,__gnu_compiled_c,0x32bee8,0,NOTYPE,LOCAL,2
SLUS_204.69,gcc2_compiled.,0x32c198,0,NOTYPE,LOCAL,2
SLUS_204.69,__gnu_compiled_c,0x32c198,0,NOTYPE,LOCAL,2
SLUS_204.69,gcc2_compiled.,0x32c310,0,NOTYPE,LOCAL,2
SLUS_204.69,__gnu_compiled_c,0x32c310,0,NOTYPE,LOCAL,2
SLUS_204.69,gcc2_compiled.,0x32c360,0,NOTYPE,LOCAL,2
SLUS_204.69,__gnu_compiled_c,0x32c360,0,NOTYPE,LOCAL,2
SLUS_204.69,gcc2_compiled.,0x32c418,0,NOTYPE,LOCAL,2
SLUS_204.69,__gnu_compiled_c,0x32c418,0,NOTYPE,LOCAL,2
SLUS_204.69,gcc2_compiled.,0x32c4b8,0,NOTYPE,LOCAL,2
SLUS_204.69,__gnu_compiled_c,0x32c4b8,0,NOTYPE,LOCAL,2
SLUS_204.69,gcc2_compiled.,0x32c4e8,0,NOTYPE,LOCAL,2
SLUS_204.69,__gnu_compiled_c,0x32c4e8,0,NOTYPE,LOCAL,2
SLUS_204.69,gcc2_compiled.,0x32c53c,0,NOTYPE,LOCAL,2
SLUS_204.69,__gnu_compiled_c,0x32c53c,0,NOTYPE,LOCAL,2
SLUS_204.69,gcc2_compiled.,0x32c540,0,NOTYPE,LOCAL,2
SLUS_204.69,__gnu_compiled_c,0x32c540,0,NOTYPE,LOCAL,2
SLUS_204.69,gcc2_compiled.,0x32c5e0,0,NOTYPE,LOCAL,2
SLUS_204.69,__gnu_compiled_c,0x32c5e0,0,NOTYPE,LOCAL,2
SLUS_204.69,object_mutex,0x4ad6f0,4,OBJECT,LOCAL,5
SLUS_204.69,decode_uleb128,0x32c5e0,68,FUNC,LOCAL,2
SLUS_204.69,decode_sleb128,0x32c628,88,FUNC,LOCAL,2
SLUS_204.69,marker.0,0x99875c,0,NOTYPE,LOCAL,14
SLUS_204.69,fde_merge,0x32c680,248,FUNC,LOCAL,2
SLUS_204.69,end_fde_sort,0x32c778,1400,FUNC,LOCAL,2
SLUS_204.69,objects,0x998760,0,NOTYPE,LOCAL,14
SLUS_204.69,count_fdes,0x32cf00,64,FUNC,LOCAL,2
SLUS_204.69,add_fdes,0x32cf40,140,FUNC,LOCAL,2
SLUS_204.69,search_fdes,0x32cfd0,88,FUNC,LOCAL,2
SLUS_204.69,frame_init,0x32d028,360,FUNC,LOCAL,2
SLUS_204.69,find_fde,0x32d190,424,FUNC,LOCAL,2
SLUS_204.69,extract_cie_info,0x32d338,272,FUNC,LOCAL,2
SLUS_204.69,decode_stack_op,0x32d448,288,FUNC,LOCAL,2
SLUS_204.69,execute_cfa_insn,0x32d568,1068,FUNC,LOCAL,2
SLUS_204.69,gcc2_compiled.,0x32db50,0,NOTYPE,LOCAL,2
SLUS_204.69,__gnu_compiled_c,0x32db50,0,NOTYPE,LOCAL,2
SLUS_204.69,gcc2_compiled.,0x32dbf8,0,NOTYPE,LOCAL,2
SLUS_204.69,__gnu_compiled_c,0x32dbf8,0,NOTYPE,LOCAL,2
SLUS_204.69,gcc2_compiled.,0x32dc58,0,NOTYPE,LOCAL,2
SLUS_204.69,__gnu_compiled_c,0x32dc58,0,NOTYPE,LOCAL,2
SLUS_204.69,gcc2_compiled.,0x32dc88,0,NOTYPE,LOCAL,2
SLUS_204.69,__gnu_compiled_c,0x32dc88,0,NOTYPE,LOCAL,2
SLUS_204.69,gcc2_compiled.,0x32dda0,0,NOTYPE,LOCAL,2
SLUS_204.69,__gnu_compiled_c,0x32dda0,0,NOTYPE,LOCAL,2
SLUS_204.69,gcc2_compiled.,0x32de50,0,NOTYPE,LOCAL,2
SLUS_204.69,__gnu_compiled_c,0x32de50,0,NOTYPE,LOCAL,2
SLUS_204.69,gcc2_compiled.,0x32df70,0,NOTYPE,LOCAL,2
SLUS_204.69,__gnu_compiled_c,0x32df70,0,NOTYPE,LOCAL,2
SLUS_204.69,gcc2_compiled.,0x32e040,0,NOTYPE,LOCAL,2
SLUS_204.69,__gnu_compiled_c,0x32e040,0,NOTYPE,LOCAL,2
SLUS_204.69,force_to_data,0x4ad6f8,0,OBJECT,LOCAL,5
SLUS_204.69,__FRAME_END__,0x4ade68,0,OBJECT,LOCAL,8
SLUS_204.69,gcc2_compiled.,0x32e040,0,NOTYPE,LOCAL,2
SLUS_204.69,__gnu_compiled_c,0x32e040,0,NOTYPE,LOCAL,2
SLUS_204.69,gcc2_compiled.,0x32e058,0,NOTYPE,LOCAL,2
SLUS_204.69,__gnu_compiled_c,0x32e058,0,NOTYPE,LOCAL,2
SLUS_204.69,gcc2_compiled.,0x32e0f8,0,NOTYPE,LOCAL,2
SLUS_204.69,__gnu_compiled_c,0x32e0f8,0,NOTYPE,LOCAL,2
SLUS_204.69,gcc2_compiled.,0x32e110,0,NOTYPE,LOCAL,2
SLUS_204.69,__gnu_compiled_c,0x32e110,0,NOTYPE,LOCAL,2
SLUS_204.69,gcc2_compiled.,0x32e138,0,NOTYPE,LOCAL,2
SLUS_204.69,__gnu_compiled_c,0x32e138,0,NOTYPE,LOCAL,2
SLUS_204.69,gcc2_compiled.,0x32e158,0,NOTYPE,LOCAL,2
SLUS_204.69,__gnu_compiled_c,0x32e158,0,NOTYPE,LOCAL,2
SLUS_204.69,gcc2_compiled.,0x32e168,0,NOTYPE,LOCAL,2
SLUS_204.69,__gnu_compiled_c,0x32e168,0,NOTYPE,LOCAL,2
SLUS_204.69,gcc2_compiled.,0x32e214,0,NOTYPE,LOCAL,2
SLUS_204.69,__gnu_compiled_c,0x32e214,0,NOTYPE,LOCAL,2
SLUS_204.69,impure_data,0x4ad6f8,752,OBJECT,LOCAL,5
SLUS_204.69,gcc2_compiled.,0x32e218,0,NOTYPE,LOCAL,2
SLUS_204.69,__gnu_compiled_c,0x32e218,0,NOTYPE,LOCAL,2
SLUS_204.69,gcc2_compiled.,0x32e2b8,0,NOTYPE,LOCAL,2
SLUS_204.69,__gnu_compiled_c,0x32e2b8,0,NOTYPE,LOCAL,2
SLUS_204.69,malloc_extend_top,0x32e2b8,600,FUNC,LOCAL,2
SLUS_204.69,$L2,0x32ec84,0,NOTYPE,LOCAL,2
SLUS_204.69,$L5,0x32ec50,0,NOTYPE,LOCAL,2
SLUS_204.69,$L9,0x32ecc4,0,NOTYPE,LOCAL,2
SLUS_204.69,$L11,0x32ecb8,0,NOTYPE,LOCAL,2
SLUS_204.69,$L10,0x32eca0,0,NOTYPE,LOCAL,2
SLUS_204.69,$L2,0x32ed48,0,NOTYPE,LOCAL,2
SLUS_204.69,$L20,0x32ed4c,0,NOTYPE,LOCAL,2
SLUS_204.69,$L5,0x32ecf0,0,NOTYPE,LOCAL,2
SLUS_204.69,$L9,0x32ed28,0,NOTYPE,LOCAL,2
SLUS_204.69,$L12,0x32ed74,0,NOTYPE,LOCAL,2
SLUS_204.69,$L13,0x32ed58,0,NOTYPE,LOCAL,2
SLUS_204.69,$L2,0x32edd4,0,NOTYPE,LOCAL,2
SLUS_204.69,$L7,0x32ee78,0,NOTYPE,LOCAL,2
SLUS_204.69,$L5,0x32edb0,0,NOTYPE,LOCAL,2
SLUS_204.69,$L29,0x32ee50,0,NOTYPE,LOCAL,2
SLUS_204.69,$L11,0x32edf4,0,NOTYPE,LOCAL,2
SLUS_204.69,$L30,0x32ee4c,0,NOTYPE,LOCAL,2
SLUS_204.69,$L15,0x32ee2c,0,NOTYPE,LOCAL,2
SLUS_204.69,$L19,0x32ee5c,0,NOTYPE,LOCAL,2
SLUS_204.69,$L2,0x32ef00,0,NOTYPE,LOCAL,2
SLUS_204.69,$L31,0x32eeec,0,NOTYPE,LOCAL,2
SLUS_204.69,$L12,0x32eebc,0,NOTYPE,LOCAL,2
SLUS_204.69,$L16,0x32eee0,0,NOTYPE,LOCAL,2
SLUS_204.69,$L19,0x32ef38,0,NOTYPE,LOCAL,2
SLUS_204.69,$L20,0x32ef1c,0,NOTYPE,LOCAL,2
SLUS_204.69,gcc2_compiled.,0x32ef40,0,NOTYPE,LOCAL,2
SLUS_204.69,__gnu_compiled_c,0x32ef40,0,NOTYPE,LOCAL,2
SLUS_204.69,__malloc_lock_owner,0x4ade48,4,OBJECT,LOCAL,5
SLUS_204.69,call_count,0x4ade4c,4,OBJECT,LOCAL,5
SLUS_204.69,gcc2_compiled.,0x32f010,0,NOTYPE,LOCAL,2
SLUS_204.69,__gnu_compiled_c,0x32f010,0,NOTYPE,LOCAL,2
SLUS_204.69,gcc2_compiled.,0x32f0e0,0,NOTYPE,LOCAL,2
SLUS_204.69,__gnu_compiled_c,0x32f0e0,0,NOTYPE,LOCAL,2
SLUS_204.69,gcc2_compiled.,0x32f160,0,NOTYPE,LOCAL,2
SLUS_204.69,__gnu_compiled_c,0x32f160,0,NOTYPE,LOCAL,2
SLUS_204.69,gcc2_compiled.,0x32f1b8,0,NOTYPE,LOCAL,2
SLUS_204.69,__gnu_compiled_c,0x32f1b8,0,NOTYPE,LOCAL,2
SLUS_204.69,gcc2_compiled.,0x32f4a0,0,NOTYPE,LOCAL,2
SLUS_204.69,__gnu_compiled_c,0x32f4a0,0,NOTYPE,LOCAL,2
SLUS_204.69,gcc2_compiled.,0x32f518,0,NOTYPE,LOCAL,2
SLUS_204.69,__gnu_compiled_c,0x32f518,0,NOTYPE,LOCAL,2
SLUS_204.69,gcc2_compiled.,0x32f630,0,NOTYPE,LOCAL,2
SLUS_204.69,__gnu_compiled_c,0x32f630,0,NOTYPE,LOCAL,2
SLUS_204.69,eofread,0x32f630,8,FUNC,LOCAL,2
SLUS_204.69,gcc2_compiled.,0x32f6e0,0,NOTYPE,LOCAL,2
SLUS_204.69,__gnu_compiled_c,0x32f6e0,0,NOTYPE,LOCAL,2
SLUS_204.69,$L15,0x32f8ac,0,NOTYPE,LOCAL,2
SLUS_204.69,$L3,0x32f868,0,NOTYPE,LOCAL,2
SLUS_204.69,$L9,0x32f8ac,0,NOTYPE,LOCAL,2
SLUS_204.69,$L14,0x32f83c,0,NOTYPE,LOCAL,2
SLUS_204.69,$L16,0x32f88c,0,NOTYPE,LOCAL,2
SLUS_204.69,$L24,0x32fa54,0,NOTYPE,LOCAL,2
SLUS_204.69,$L6,0x32f9cc,0,NOTYPE,LOCAL,2
SLUS_204.69,$L25,0x32fa58,0,NOTYPE,LOCAL,2
SLUS_204.69,$L16,0x32f940,0,NOTYPE,LOCAL,2
SLUS_204.69,$L26,0x32fa0c,0,NOTYPE,LOCAL,2
SLUS_204.69,$L27,0x32fa64,0,NOTYPE,LOCAL,2
SLUS_204.69,$L17,0x32fa48,0,NOTYPE,LOCAL,2
SLUS_204.69,$L20,0x32fba4,0,NOTYPE,LOCAL,2
SLUS_204.69,$L18,0x32fb38,0,NOTYPE,LOCAL,2
SLUS_204.69,$L5,0x32fb10,0,NOTYPE,LOCAL,2
SLUS_204.69,$L2,0x32faec,0,NOTYPE,LOCAL,2
SLUS_204.69,$L19,0x32fba4,0,NOTYPE,LOCAL,2
SLUS_204.69,$L6,0x32fb68,0,NOTYPE,LOCAL,2
SLUS_204.69,$L21,0x32fb4c,0,NOTYPE,LOCAL,2
SLUS_204.69,$L22,0x32fbac,0,NOTYPE,LOCAL,2
SLUS_204.69,$L12,0x32fb84,0,NOTYPE,LOCAL,2
SLUS_204.69,$L7,0x32fca8,0,NOTYPE,LOCAL,2
SLUS_204.69,$L3,0x32fc68,0,NOTYPE,LOCAL,2
SLUS_204.69,$L4,0x32fca4,0,NOTYPE,LOCAL,2
SLUS_204.69,$L2,0x32fc34,0,NOTYPE,LOCAL,2
SLUS_204.69,$L5,0x32fc80,0,NOTYPE,LOCAL,2
SLUS_204.69,$L15,0x32fde0,0,NOTYPE,LOCAL,2
SLUS_204.69,$L12,0x32fd70,0,NOTYPE,LOCAL,2
SLUS_204.69,$L14,0x32fd44,0,NOTYPE,LOCAL,2
SLUS_204.69,$L16,0x32fdc0,0,NOTYPE,LOCAL,2
SLUS_204.69,$L9,0x32fde0,0,NOTYPE,LOCAL,2
SLUS_204.69,gcc2_compiled.,0x32fe08,0,NOTYPE,LOCAL,2
SLUS_204.69,__gnu_compiled_c,0x32fe08,0,NOTYPE,LOCAL,2
SLUS_204.69,$L3,0x32fe68,0,NOTYPE,LOCAL,2
SLUS_204.69,$L22,0x32ffc4,0,NOTYPE,LOCAL,2
SLUS_204.69,$L31,0x32ff40,0,NOTYPE,LOCAL,2
SLUS_204.69,$L20,0x32fe60,0,NOTYPE,LOCAL,2
SLUS_204.69,$L6,0x32ffb8,0,NOTYPE,LOCAL,2
SLUS_204.69,$L34,0x32fee4,0,NOTYPE,LOCAL,2
SLUS_204.69,$L23,0x32ffbc,0,NOTYPE,LOCAL,2
SLUS_204.69,$L24,0x32ff78,0,NOTYPE,LOCAL,2
SLUS_204.69,$L13,0x330000,0,NOTYPE,LOCAL,2
SLUS_204.69,$L21,0x32fff4,0,NOTYPE,LOCAL,2
SLUS_204.69,$L14,0x32ffd8,0,NOTYPE,LOCAL,2
SLUS_204.69,$L9,0x330178,0,NOTYPE,LOCAL,2
SLUS_204.69,$L17,0x3300e4,0,NOTYPE,LOCAL,2
SLUS_204.69,$L5,0x330174,0,NOTYPE,LOCAL,2
SLUS_204.69,$L19,0x330140,0,NOTYPE,LOCAL,2
SLUS_204.69,$L18,0x3301c4,0,NOTYPE,LOCAL,2
SLUS_204.69,$L16,0x3301a8,0,NOTYPE,LOCAL,2
SLUS_204.69,gcc2_compiled.,0x3301d0,0,NOTYPE,LOCAL,2
SLUS_204.69,__gnu_compiled_c,0x3301d0,0,NOTYPE,LOCAL,2
SLUS_204.69,gcc2_compiled.,0x330220,0,NOTYPE,LOCAL,2
SLUS_204.69,__gnu_compiled_c,0x330220,0,NOTYPE,LOCAL,2
SLUS_204.69,gcc2_compiled.,0x3302a8,0,NOTYPE,LOCAL,2
SLUS_204.69,__gnu_compiled_c,0x3302a8,0,NOTYPE,LOCAL,2
SLUS_204.69,gcc2_compiled.,0x331210,0,NOTYPE,LOCAL,2
SLUS_204.69,__gnu_compiled_c,0x331210,0,NOTYPE,LOCAL,2
SLUS_204.69,gcc2_compiled.,0x331478,0,NOTYPE,LOCAL,2
SLUS_204.69,__gnu_compiled_c,0x331478,0,NOTYPE,LOCAL,2
SLUS_204.69,__sprint,0x331478,72,FUNC,LOCAL,2
SLUS_204.69,__sbprintf,0x3314c0,180,FUNC,LOCAL,2
SLUS_204.69,blanks.0,0x4d71f0,16,OBJECT,LOCAL,10
SLUS_204.69,zeroes.1,0x4d7200,16,OBJECT,LOCAL,10
SLUS_204.69,cvt,0x332c50,448,FUNC,LOCAL,2
SLUS_204.69,exponent,0x332e10,220,FUNC,LOCAL,2
SLUS_204.69,gcc2_compiled.,0x332ef0,0,NOTYPE,LOCAL,2
SLUS_204.69,__gnu_compiled_c,0x332ef0,0,NOTYPE,LOCAL,2
SLUS_204.69,basefix.0,0x4d7400,34,OBJECT,LOCAL,10
SLUS_204.69,gcc2_compiled.,0x333c80,0,NOTYPE,LOCAL,2
SLUS_204.69,__gnu_compiled_c,0x333c80,0,NOTYPE,LOCAL,2
SLUS_204.69,gcc2_compiled.,0x333ca8,0,NOTYPE,LOCAL,2
SLUS_204.69,__gnu_compiled_c,0x333ca8,0,NOTYPE,LOCAL,2
SLUS_204.69,gcc2_compiled.,0x333d58,0,NOTYPE,LOCAL,2
SLUS_204.69,__gnu_compiled_c,0x333d58,0,NOTYPE,LOCAL,2
SLUS_204.69,gcc2_compiled.,0x333e68,0,NOTYPE,LOCAL,2
SLUS_204.69,__gnu_compiled_c,0x333e68,0,NOTYPE,LOCAL,2
SLUS_204.69,gcc2_compiled.,0x333e84,0,NOTYPE,LOCAL,2
SLUS_204.69,__gnu_compiled_c,0x333e84,0,NOTYPE,LOCAL,2
SLUS_204.69,gcc2_compiled.,0x333e88,0,NOTYPE,LOCAL,2
SLUS_204.69,__gnu_compiled_c,0x333e88,0,NOTYPE,LOCAL,2
SLUS_204.69,quorem,0x333e88,556,FUNC,LOCAL,2
SLUS_204.69,gcc2_compiled.,0x335320,0,NOTYPE,LOCAL,2
SLUS_204.69,__gnu_compiled_c,0x335320,0,NOTYPE,LOCAL,2
SLUS_204.69,gcc2_compiled.,0x335438,0,NOTYPE,LOCAL,2
SLUS_204.69,__gnu_compiled_c,0x335438,0,NOTYPE,LOCAL,2
SLUS_204.69,std,0x335438,92,FUNC,LOCAL,2
SLUS_204.69,gcc2_compiled.,0x3356d8,0,NOTYPE,LOCAL,2
SLUS_204.69,__gnu_compiled_c,0x3356d8,0,NOTYPE,LOCAL,2
SLUS_204.69,gcc2_compiled.,0x3357f8,0,NOTYPE,LOCAL,2
SLUS_204.69,__gnu_compiled_c,0x3357f8,0,NOTYPE,LOCAL,2
SLUS_204.69,gcc2_compiled.,0x335c60,0,NOTYPE,LOCAL,2
SLUS_204.69,__gnu_compiled_c,0x335c60,0,NOTYPE,LOCAL,2
SLUS_204.69,gcc2_compiled.,0x336040,0,NOTYPE,LOCAL,2
SLUS_204.69,__gnu_compiled_c,0x336040,0,NOTYPE,LOCAL,2
SLUS_204.69,gcc2_compiled.,0x3360d8,0,NOTYPE,LOCAL,2
SLUS_204.69,__gnu_compiled_c,0x3360d8,0,NOTYPE,LOCAL,2
SLUS_204.69,lconv,0x4d79d8,48,OBJECT,LOCAL,10
SLUS_204.69,gcc2_compiled.,0x3361c0,0,NOTYPE,LOCAL,2
SLUS_204.69,__gnu_compiled_c,0x3361c0,0,NOTYPE,LOCAL,2
SLUS_204.69,gcc2_compiled.,0x336318,0,NOTYPE,LOCAL,2
SLUS_204.69,__gnu_compiled_c,0x336318,0,NOTYPE,LOCAL,2
SLUS_204.69,$L2,0x3363ec,0,NOTYPE,LOCAL,2
SLUS_204.69,$L10,0x3363ac,0,NOTYPE,LOCAL,2
SLUS_204.69,$L20,0x33641c,0,NOTYPE,LOCAL,2
SLUS_204.69,$L31,0x336424,0,NOTYPE,LOCAL,2
SLUS_204.69,$L21,0x336408,0,NOTYPE,LOCAL,2
SLUS_204.69,gcc2_compiled.,0x336430,0,NOTYPE,LOCAL,2
SLUS_204.69,__gnu_compiled_c,0x336430,0,NOTYPE,LOCAL,2
SLUS_204.69,p05.0,0x4d7a20,12,OBJECT,LOCAL,10
SLUS_204.69,gcc2_compiled.,0x337448,0,NOTYPE,LOCAL,2
SLUS_204.69,__gnu_compiled_c,0x337448,0,NOTYPE,LOCAL,2
SLUS_204.69,lflush,0x337448,52,FUNC,LOCAL,2
SLUS_204.69,gcc2_compiled.,0x3375fc,0,NOTYPE,LOCAL,2
SLUS_204.69,__gnu_compiled_c,0x3375fc,0,NOTYPE,LOCAL,2
SLUS_204.69,gcc2_compiled.,0x337600,0,NOTYPE,LOCAL,2
SLUS_204.69,__gnu_compiled_c,0x337600,0,NOTYPE,LOCAL,2
SLUS_204.69,gcc2_compiled.,0x337648,0,NOTYPE,LOCAL,2
SLUS_204.69,__gnu_compiled_c,0x337648,0,NOTYPE,LOCAL,2
SLUS_204.69,gcc2_compiled.,0x337688,0,NOTYPE,LOCAL,2
SLUS_204.69,__gnu_compiled_c,0x337688,0,NOTYPE,LOCAL,2
SLUS_204.69,gcc2_compiled.,0x3377f8,0,NOTYPE,LOCAL,2
SLUS_204.69,__gnu_compiled_c,0x3377f8,0,NOTYPE,LOCAL,2
SLUS_204.69,gcc2_compiled.,0x337a58,0,NOTYPE,LOCAL,2
SLUS_204.69,__gnu_compiled_c,0x337a58,0,NOTYPE,LOCAL,2
SLUS_204.69,gcc2_compiled.,0x337cc8,0,NOTYPE,LOCAL,2
SLUS_204.69,__gnu_compiled_c,0x337cc8,0,NOTYPE,LOCAL,2
SLUS_204.69,gcc2_compiled.,0x337d28,0,NOTYPE,LOCAL,2
SLUS_204.69,__gnu_compiled_c,0x337d28,0,NOTYPE,LOCAL,2
SLUS_204.69,gcc2_compiled.,0x337de0,0,NOTYPE,LOCAL,2
SLUS_204.69,__gnu_compiled_c,0x337de0,0,NOTYPE,LOCAL,2
SLUS_204.69,gcc2_compiled.,0x337e38,0,NOTYPE,LOCAL,2
SLUS_204.69,__gnu_compiled_c,0x337e38,0,NOTYPE,LOCAL,2
SLUS_204.69,gcc2_compiled.,0x337e98,0,NOTYPE,LOCAL,2
SLUS_204.69,__gnu_compiled_c,0x337e98,0,NOTYPE,LOCAL,2
SLUS_204.69,gcc2_compiled.,0x337ef8,0,NOTYPE,LOCAL,2
SLUS_204.69,__gnu_compiled_c,0x337ef8,0,NOTYPE,LOCAL,2
SLUS_204.69,gcc2_compiled.,0x337f58,0,NOTYPE,LOCAL,2
SLUS_204.69,__gnu_compiled_c,0x337f58,0,NOTYPE,LOCAL,2
SLUS_204.69,gcc2_compiled.,0x3384f8,0,NOTYPE,LOCAL,2
SLUS_204.69,__gnu_compiled_c,0x3384f8,0,NOTYPE,LOCAL,2
SLUS_204.69,CurrentOffset,0x400,0,NOTYPE,LOCAL,65521
SLUS_204.69,Vu1MemModelMatrix,0x0,0,NOTYPE,LOCAL,65521
SLUS_204.69,Vu1MemTransMatrix,0x4,0,NOTYPE,LOCAL,65521
SLUS_204.69,Vu1MemLight0Matrix,0x8,0,NOTYPE,LOCAL,65521
SLUS_204.69,Vu1MemLight1Matrix,0xc,0,NOTYPE,LOCAL,65521
SLUS_204.69,Vu1MemLight2Matrix,0x10,0,NOTYPE,LOCAL,65521
SLUS_204.69,Vu1MemLight3Matrix,0x14,0,NOTYPE,LOCAL,65521
SLUS_204.69,Vu1MemScreenTrans,0x18,0,NOTYPE,LOCAL,65521
SLUS_204.69,Vu1MemScreenScale,0x19,0,NOTYPE,LOCAL,65521
SLUS_204.69,Vu1MemCallShape00,0x1a,0,NOTYPE,LOCAL,65521
SLUS_204.69,Vu1MemCallShape01,0x1b,0,NOTYPE,LOCAL,65521
SLUS_204.69,Vu1MemViewClipFlag,0x1c,0,NOTYPE,LOCAL,65521
SLUS_204.69,Vu1MemAmbiRate,0x1d,0,NOTYPE,LOCAL,65521
SLUS_204.69,Vu1MemDiffRate,0x1e,0,NOTYPE,LOCAL,65521
SLUS_204.69,Vu1MemSpecRate,0x1f,0,NOTYPE,LOCAL,65521
SLUS_204.69,Vu1MemGifPktD00Tag,0x20,0,NOTYPE,LOCAL,65521
SLUS_204.69,Vu1MemGifPktD00Data,0x21,0,NOTYPE,LOCAL,65521
SLUS_204.69,Vu1MemGifPktD01Tag,0x29,0,NOTYPE,LOCAL,65521
SLUS_204.69,Vu1MemGifPktD01Data,0x2a,0,NOTYPE,LOCAL,65521
SLUS_204.69,Vu1MemGifPktM00Tag,0x32,0,NOTYPE,LOCAL,65521
SLUS_204.69,Vu1MemGifPktM00Data,0x33,0,NOTYPE,LOCAL,65521
SLUS_204.69,Vu1MemWeightMatrix,0xc3,0,NOTYPE,LOCAL,65521
SLUS_204.69,Vu1MemGifPktM01Tag,0x153,0,NOTYPE,LOCAL,65521
SLUS_204.69,Vu1MemGifPktM01Data,0x154,0,NOTYPE,LOCAL,65521
SLUS_204.69,Vu1MemVifPktV00Data,0x27c,0,NOTYPE,LOCAL,65521
SLUS_204.69,Vu1MemVifPktN00Data,0x294,0,NOTYPE,LOCAL,65521
SLUS_204.69,Vu1MemVifPktC00Data,0x2ac,0,NOTYPE,LOCAL,65521
SLUS_204.69,Vu1MemVifPktT00Data,0x2c4,0,NOTYPE,LOCAL,65521
SLUS_204.69,Vu1MemVifPktI00Data,0x2dc,0,NOTYPE,LOCAL,65521
SLUS_204.69,Vu1MemVifPktW00Data,0x30c,0,NOTYPE,LOCAL,65521
SLUS_204.69,Vu1MemGifTagE00Data,0x33c,0,NOTYPE,LOCAL,65521
SLUS_204.69,Vu1MemGifTagR00Data,0x33d,0,NOTYPE,LOCAL,65521
SLUS_204.69,Vu1MemVifPktV01Data,0x33e,0,NOTYPE,LOCAL,65521
SLUS_204.69,Vu1MemVifPktN01Data,0x356,0,NOTYPE,LOCAL,65521
SLUS_204.69,Vu1MemVifPktC01Data,0x36e,0,NOTYPE,LOCAL,65521
SLUS_204.69,Vu1MemVifPktT01Data,0x386,0,NOTYPE,LOCAL,65521
SLUS_204.69,Vu1MemVifPktI01Data,0x39e,0,NOTYPE,LOCAL,65521
SLUS_204.69,Vu1MemVifPktW01Data,0x3ce,0,NOTYPE,LOCAL,65521
SLUS_204.69,Vu1MemGifTagE01Data,0x3fe,0,NOTYPE,LOCAL,65521
SLUS_204.69,Vu1MemGifTagR01Data,0x3ff,0,NOTYPE,LOCAL,65521
SLUS_204.69,Vu1MemDblBufBase,0x27c,0,NOTYPE,LOCAL,65521
SLUS_204.69,Vu1MemDblBufOffset,0xc2,0,NOTYPE,LOCAL,65521
SLUS_204.69,Vu1MemVifPktV00Offset,0x0,0,NOTYPE,LOCAL,65521
SLUS_204.69,Vu1MemVifPktN00Offset,0x18,0,NOTYPE,LOCAL,65521
SLUS_204.69,Vu1MemVifPktC00Offset,0x30,0,NOTYPE,LOCAL,65521
SLUS_204.69,Vu1MemVifPktT00Offset,0x48,0,NOTYPE,LOCAL,65521
SLUS_204.69,Vu1MemVifPktI00Offset,0x60,0,NOTYPE,LOCAL,65521
SLUS_204.69,Vu1MemVifPktW00Offset,0x90,0,NOTYPE,LOCAL,65521
SLUS_204.69,Vu1MemGifTagE00Offset,0xc0,0,NOTYPE,LOCAL,65521
SLUS_204.69,Vu1MemGifTagR00Offset,0xc1,0,NOTYPE,LOCAL,65521
SLUS_204.69,PacketBottomVu0MicroCode,0x4ae5a0,0,NOTYPE,LOCAL,9
SLUS_204.69,.dma.1,0x4ade80,0,NOTYPE,LOCAL,9
SLUS_204.69,.vif.2,0x4ade88,0,NOTYPE,LOCAL,9
SLUS_204.69,Vu0MicroCodeStart,0x0,0,NOTYPE,LOCAL,19
SLUS_204.69,__start_.DVP.overlay..0x0.211395.12.0,0x0,0,NOTYPE,LOCAL,19
SLUS_204.69,_$Vu0MicroCodeStart,0x4ade90,0,NOTYPE,LOCAL,9
SLUS_204.69,Vu0Ready,0x0,0,NOTYPE,LOCAL,19
SLUS_204.69,_$Vu0Ready,0x4ade90,0,NOTYPE,LOCAL,9
SLUS_204.69,.vu.5,0x4ade90,0,NOTYPE,LOCAL,9
SLUS_204.69,_$Vu0CallSin,0x4adeb0,0,NOTYPE,LOCAL,9
SLUS_204.69,.vu.6,0x4adeb0,0,NOTYPE,LOCAL,9
SLUS_204.69,Vu0Sin,0x28,0,NOTYPE,LOCAL,19
SLUS_204.69,_$Vu0Sin,0x4adeb8,0,NOTYPE,LOCAL,9
SLUS_204.69,.vu.7,0x4adeb8,0,NOTYPE,LOCAL,9
SLUS_204.69,Vu0SinSkip00,0x68,0,NOTYPE,LOCAL,19
SLUS_204.69,_$Vu0SinSkip00,0x4adef8,0,NOTYPE,LOCAL,9
SLUS_204.69,.vu.8,0x4adef8,0,NOTYPE,LOCAL,9
SLUS_204.69,Vu0SinSkip01,0xd8,0,NOTYPE,LOCAL,19
SLUS_204.69,_$Vu0SinSkip01,0x4adf68,0,NOTYPE,LOCAL,9
SLUS_204.69,.vu.9,0x4adf68,0,NOTYPE,LOCAL,9
SLUS_204.69,_$Vu0CallCos,0x4adf78,0,NOTYPE,LOCAL,9
SLUS_204.69,.vu.10,0x4adf78,0,NOTYPE,LOCAL,9
SLUS_204.69,Vu0Cos,0xf0,0,NOTYPE,LOCAL,19
SLUS_204.69,_$Vu0Cos,0x4adf80,0,NOTYPE,LOCAL,9
SLUS_204.69,.vu.11,0x4adf80,0,NOTYPE,LOCAL,9
SLUS_204.69,_$Vu0CallMatrixStackUnit,0x4adf98,0,NOTYPE,LOCAL,9
SLUS_204.69,.vu.12,0x4adf98,0,NOTYPE,LOCAL,9
SLUS_204.69,Vu0MatrixStackUnit,0x110,0,NOTYPE,LOCAL,19
SLUS_204.69,_$Vu0MatrixStackUnit,0x4adfa0,0,NOTYPE,LOCAL,9
SLUS_204.69,.vu.13,0x4adfa0,0,NOTYPE,LOCAL,9
SLUS_204.69,_$Vu0CallMatrixStackMul,0x4adfc0,0,NOTYPE,LOCAL,9
SLUS_204.69,.vu.14,0x4adfc0,0,NOTYPE,LOCAL,9
SLUS_204.69,Vu0MatrixStackMul,0x138,0,NOTYPE,LOCAL,19
SLUS_204.69,_$Vu0MatrixStackMul,0x4adfc8,0,NOTYPE,LOCAL,9
SLUS_204.69,.vu.15,0x4adfc8,0,NOTYPE,LOCAL,9
SLUS_204.69,Vu0MatrixStackCopyExit,0x200,0,NOTYPE,LOCAL,19
SLUS_204.69,_$Vu0CallMatrixStackReverse,0x4ae048,0,NOTYPE,LOCAL,9
SLUS_204.69,.vu.16,0x4ae048,0,NOTYPE,LOCAL,9
SLUS_204.69,Vu0MatrixStackReverse,0x1c0,0,NOTYPE,LOCAL,19
SLUS_204.69,_$Vu0MatrixStackReverse,0x4ae050,0,NOTYPE,LOCAL,9
SLUS_204.69,.vu.17,0x4ae050,0,NOTYPE,LOCAL,9
SLUS_204.69,_$Vu0MatrixStackCopyExit,0x4ae090,0,NOTYPE,LOCAL,9
SLUS_204.69,.vu.18,0x4ae090,0,NOTYPE,LOCAL,9
SLUS_204.69,_$Vu0CallMatrixStackInverse,0x4ae0a8,0,NOTYPE,LOCAL,9
SLUS_204.69,.vu.19,0x4ae0a8,0,NOTYPE,LOCAL,9
SLUS_204.69,Vu0MatrixStackInverse,0x220,0,NOTYPE,LOCAL,19
SLUS_204.69,_$Vu0MatrixStackInverse,0x4ae0b0,0,NOTYPE,LOCAL,9
SLUS_204.69,.vu.20,0x4ae0b0,0,NOTYPE,LOCAL,9
SLUS_204.69,_$Vu0CallMatrixStackScale,0x4ae178,0,NOTYPE,LOCAL,9
SLUS_204.69,.vu.21,0x4ae178,0,NOTYPE,LOCAL,9
SLUS_204.69,Vu0MatrixStackScale,0x2f0,0,NOTYPE,LOCAL,19
SLUS_204.69,_$Vu0MatrixStackScale,0x4ae180,0,NOTYPE,LOCAL,9
SLUS_204.69,.vu.22,0x4ae180,0,NOTYPE,LOCAL,9
SLUS_204.69,_$Vu0CallMatrixStackTrans,0x4ae1a0,0,NOTYPE,LOCAL,9
SLUS_204.69,.vu.23,0x4ae1a0,0,NOTYPE,LOCAL,9
SLUS_204.69,Vu0MatrixStackTrans,0x318,0,NOTYPE,LOCAL,19
SLUS_204.69,_$Vu0MatrixStackTrans,0x4ae1a8,0,NOTYPE,LOCAL,9
SLUS_204.69,.vu.24,0x4ae1a8,0,NOTYPE,LOCAL,9
SLUS_204.69,_$Vu0CallMatrixStackRotV,0x4ae1c8,0,NOTYPE,LOCAL,9
SLUS_204.69,.vu.25,0x4ae1c8,0,NOTYPE,LOCAL,9
SLUS_204.69,Vu0MatrixStackRotV,0x340,0,NOTYPE,LOCAL,19
SLUS_204.69,_$Vu0MatrixStackRotV,0x4ae1d0,0,NOTYPE,LOCAL,9
SLUS_204.69,.vu.26,0x4ae1d0,0,NOTYPE,LOCAL,9
SLUS_204.69,_$Vu0CallMatrixStackRotX,0x4ae260,0,NOTYPE,LOCAL,9
SLUS_204.69,.vu.27,0x4ae260,0,NOTYPE,LOCAL,9
SLUS_204.69,Vu0MatrixStackRotX,0x3d8,0,NOTYPE,LOCAL,19
SLUS_204.69,_$Vu0MatrixStackRotX,0x4ae268,0,NOTYPE,LOCAL,9
SLUS_204.69,.vu.28,0x4ae268,0,NOTYPE,LOCAL,9
SLUS_204.69,_$Vu0CallMatrixStackRotY,0x4ae2a8,0,NOTYPE,LOCAL,9
SLUS_204.69,.vu.29,0x4ae2a8,0,NOTYPE,LOCAL,9
SLUS_204.69,Vu0MatrixStackRotY,0x420,0,NOTYPE,LOCAL,19
SLUS_204.69,_$Vu0MatrixStackRotY,0x4ae2b0,0,NOTYPE,LOCAL,9
SLUS_204.69,.vu.30,0x4ae2b0,0,NOTYPE,LOCAL,9
SLUS_204.69,_$Vu0CallMatrixStackRotZ,0x4ae2f0,0,NOTYPE,LOCAL,9
SLUS_204.69,.vu.31,0x4ae2f0,0,NOTYPE,LOCAL,9
SLUS_204.69,Vu0MatrixStackRotZ,0x468,0,NOTYPE,LOCAL,19
SLUS_204.69,_$Vu0MatrixStackRotZ,0x4ae2f8,0,NOTYPE,LOCAL,9
SLUS_204.69,.vu.32,0x4ae2f8,0,NOTYPE,LOCAL,9
SLUS_204.69,_$Vu0CallMatrixStackFrustum,0x4ae338,0,NOTYPE,LOCAL,9
SLUS_204.69,.vu.33,0x4ae338,0,NOTYPE,LOCAL,9
SLUS_204.69,Vu0MatrixStackFrustum,0x4b0,0,NOTYPE,LOCAL,19
SLUS_204.69,_$Vu0MatrixStackFrustum,0x4ae340,0,NOTYPE,LOCAL,9
SLUS_204.69,.vu.34,0x4ae340,0,NOTYPE,LOCAL,9
SLUS_204.69,_$Vu0CallMatrixStackPushUnit,0x4ae3c8,0,NOTYPE,LOCAL,9
SLUS_204.69,.vu.35,0x4ae3c8,0,NOTYPE,LOCAL,9
SLUS_204.69,Vu0MatrixStackPushUnit,0x540,0,NOTYPE,LOCAL,19
SLUS_204.69,_$Vu0MatrixStackPushUnit,0x4ae3d0,0,NOTYPE,LOCAL,9
SLUS_204.69,.vu.36,0x4ae3d0,0,NOTYPE,LOCAL,9
SLUS_204.69,_$Vu0CallMatrixStackPush,0x4ae410,0,NOTYPE,LOCAL,9
SLUS_204.69,.vu.37,0x4ae410,0,NOTYPE,LOCAL,9
SLUS_204.69,Vu0MatrixStackPush,0x588,0,NOTYPE,LOCAL,19
SLUS_204.69,_$Vu0MatrixStackPush,0x4ae418,0,NOTYPE,LOCAL,9
SLUS_204.69,.vu.38,0x4ae418,0,NOTYPE,LOCAL,9
SLUS_204.69,_$Vu0CallMatrixStackPop,0x4ae458,0,NOTYPE,LOCAL,9
SLUS_204.69,.vu.39,0x4ae458,0,NOTYPE,LOCAL,9
SLUS_204.69,Vu0MatrixStackPop,0x5d0,0,NOTYPE,LOCAL,19
SLUS_204.69,_$Vu0MatrixStackPop,0x4ae460,0,NOTYPE,LOCAL,9
SLUS_204.69,.vu.40,0x4ae460,0,NOTYPE,LOCAL,9
SLUS_204.69,_$Vu0CallMatrixStackMulVector,0x4ae4b0,0,NOTYPE,LOCAL,9
SLUS_204.69,.vu.41,0x4ae4b0,0,NOTYPE,LOCAL,9
SLUS_204.69,Vu0MatrixStackMulVector,0x628,0,NOTYPE,LOCAL,19
SLUS_204.69,_$Vu0MatrixStackMulVector,0x4ae4b8,0,NOTYPE,LOCAL,9
SLUS_204.69,.vu.42,0x4ae4b8,0,NOTYPE,LOCAL,9
SLUS_204.69,_$Vu0CallMatrixStackRTPS,0x4ae4d8,0,NOTYPE,LOCAL,9
SLUS_204.69,.vu.43,0x4ae4d8,0,NOTYPE,LOCAL,9
SLUS_204.69,Vu0MatrixStackRTPS,0x650,0,NOTYPE,LOCAL,19
SLUS_204.69,_$Vu0MatrixStackRTPS,0x4ae4e0,0,NOTYPE,LOCAL,9
SLUS_204.69,.vu.44,0x4ae4e0,0,NOTYPE,LOCAL,9
SLUS_204.69,_$Vu0CallLightCalcMatrix,0x4ae538,0,NOTYPE,LOCAL,9
SLUS_204.69,.vu.45,0x4ae538,0,NOTYPE,LOCAL,9
SLUS_204.69,.dma.qwcount..L.dvptmp.0,0x71,0,NOTYPE,LOCAL,65521
SLUS_204.69,.dma.46,0x4ae590,0,NOTYPE,LOCAL,9
SLUS_204.69,.vif.47,0x4ae598,0,NOTYPE,LOCAL,9
SLUS_204.69,CurrentOffset,0x400,0,NOTYPE,LOCAL,65521
SLUS_204.69,NewVu1Mem0_Top,0x0,0,NOTYPE,LOCAL,65521
SLUS_204.69,NewVu1Mem0_End,0xf3,0,NOTYPE,LOCAL,65521
SLUS_204.69,NewVu1Mem1_Top,0x16e,0,NOTYPE,LOCAL,65521
SLUS_204.69,NewVu1Mem1_End,0x287,0,NOTYPE,LOCAL,65521
SLUS_204.69,NewVu1MemMatrix,0x2dc,0,NOTYPE,LOCAL,65521
SLUS_204.69,NewVu1MemIndex,0x2e0,0,NOTYPE,LOCAL,65521
SLUS_204.69,NewVu1MemTransMatrix,0x3c2,0,NOTYPE,LOCAL,65521
SLUS_204.69,NewVu1MemScreenScale,0x3c6,0,NOTYPE,LOCAL,65521
SLUS_204.69,NewVu1MemScreenTrans,0x3c7,0,NOTYPE,LOCAL,65521
SLUS_204.69,NewVu1MemAmbient,0x3c8,0,NOTYPE,LOCAL,65521
SLUS_204.69,NewVu1MemTexRate,0x3c9,0,NOTYPE,LOCAL,65521
SLUS_204.69,NewVu1MemSpecular,0x3ca,0,NOTYPE,LOCAL,65521
SLUS_204.69,NewVu1MemMultiCol,0x3cb,0,NOTYPE,LOCAL,65521
SLUS_204.69,NewVu1MeminTexOffset,0x3cc,0,NOTYPE,LOCAL,65521
SLUS_204.69,NewVu1MemLightNormal,0x3cd,0,NOTYPE,LOCAL,65521
SLUS_204.69,NewVu1MemCamPos,0x3d0,0,NOTYPE,LOCAL,65521
SLUS_204.69,NewVu1MemLightColor,0x3d1,0,NOTYPE,LOCAL,65521
SLUS_204.69,NewVu1MemGsKick,0x3d5,0,NOTYPE,LOCAL,65521
SLUS_204.69,NewVu1MemReflGsKick0,0x3d5,0,NOTYPE,LOCAL,65521
SLUS_204.69,NewVu1MemReflGsKick1,0x3da,0,NOTYPE,LOCAL,65521
SLUS_204.69,NewVu1MemStripBuf,0x3df,0,NOTYPE,LOCAL,65521
SLUS_204.69,NewVu1MemStripPtr,0x3e3,0,NOTYPE,LOCAL,65521
SLUS_204.69,NewVu1MemPointBuf,0x3e4,0,NOTYPE,LOCAL,65521
SLUS_204.69,NewVu1MemFogRate,0x3e6,0,NOTYPE,LOCAL,65521
SLUS_204.69,NewVu1MemClipVal,0x3e7,0,NOTYPE,LOCAL,65521
SLUS_204.69,NewVu1MemPC,0x3e9,0,NOTYPE,LOCAL,65521
SLUS_204.69,NewVu1MemReflRot,0x3ec,0,NOTYPE,LOCAL,65521
SLUS_204.69,NewVu1MemFogPara,0x3ef,0,NOTYPE,LOCAL,65521
SLUS_204.69,NewVu1MemExponent,0x3f0,0,NOTYPE,LOCAL,65521
SLUS_204.69,NewVu1MemReflCol,0x3f1,0,NOTYPE,LOCAL,65521
SLUS_204.69,NewVu1MemGifTagRefl,0x3f2,0,NOTYPE,LOCAL,65521
SLUS_204.69,NewVu1MemGifTag,0x3f3,0,NOTYPE,LOCAL,65521
SLUS_204.69,NewVu1MemGifTagSpecular,0x3f4,0,NOTYPE,LOCAL,65521
SLUS_204.69,NewVu1MemReverseValF_0,0x3f5,0,NOTYPE,LOCAL,65521
SLUS_204.69,NewVu1MemReverseValB_0,0x3f6,0,NOTYPE,LOCAL,65521
SLUS_204.69,NewVu1MemReverseValF_1,0x3f7,0,NOTYPE,LOCAL,65521
SLUS_204.69,NewVu1MemReverseValB_1,0x3f8,0,NOTYPE,LOCAL,65521
SLUS_204.69,NewVu1MemPoint,0x3f5,0,NOTYPE,LOCAL,65521
SLUS_204.69,NewVu1MemBufWork,0x3f9,0,NOTYPE,LOCAL,65521
SLUS_204.69,NewVu1MemBasGif,0x3fa,0,NOTYPE,LOCAL,65521
SLUS_204.69,NewVu1MemTestBas,0x3fb,0,NOTYPE,LOCAL,65521
SLUS_204.69,NewVu1MemZbufBas,0x3fc,0,NOTYPE,LOCAL,65521
SLUS_204.69,NewVu1MemOrgGif,0x3fd,0,NOTYPE,LOCAL,65521
SLUS_204.69,NewVu1MemTestOrg,0x3fe,0,NOTYPE,LOCAL,65521
SLUS_204.69,NewVu1MemZbufOrg,0x3ff,0,NOTYPE,LOCAL,65521
SLUS_204.69,NewVu1MemDblBufBase,0x0,0,NOTYPE,LOCAL,65521
SLUS_204.69,NewVu1MemDblBufOffset,0x16e,0,NOTYPE,LOCAL,65521
SLUS_204.69,PacketBottomNewVu1MicroCode,0x4b0a40,0,NOTYPE,LOCAL,9
SLUS_204.69,NewVu1MicroCodeStart,0x0,0,NOTYPE,LOCAL,20
SLUS_204.69,.vif.0,0x4ae5b0,0,NOTYPE,LOCAL,9
SLUS_204.69,__start_.DVP.overlay..0x0.1693123.23.0,0x0,0,NOTYPE,LOCAL,20
SLUS_204.69,_$NewVu1MicroCodeStart,0x4ae5b8,0,NOTYPE,LOCAL,9
SLUS_204.69,_$NewVu1GsKick,0x4ae5b8,0,NOTYPE,LOCAL,9
SLUS_204.69,.vu.3,0x4ae5b8,0,NOTYPE,LOCAL,9
SLUS_204.69,_$NewVu1GsKickWide,0x4ae5e0,0,NOTYPE,LOCAL,9
SLUS_204.69,.vu.4,0x4ae5e0,0,NOTYPE,LOCAL,9
SLUS_204.69,InitConstantParams,0x50,0,NOTYPE,LOCAL,20
SLUS_204.69,_$InitConstantParams,0x4ae608,0,NOTYPE,LOCAL,9
SLUS_204.69,.vu.5,0x4ae608,0,NOTYPE,LOCAL,9
SLUS_204.69,InitOffsetParamsColor,0x160,0,NOTYPE,LOCAL,20
SLUS_204.69,_$InitOffsetParamsColor,0x4ae718,0,NOTYPE,LOCAL,9
SLUS_204.69,.vu.6,0x4ae718,0,NOTYPE,LOCAL,9
SLUS_204.69,IOPC_gsskp,0x260,0,NOTYPE,LOCAL,20
SLUS_204.69,IOPC_gsold,0x208,0,NOTYPE,LOCAL,20
SLUS_204.69,_$IOPC_gsold,0x4ae7c0,0,NOTYPE,LOCAL,9
SLUS_204.69,.vu.7,0x4ae7c0,0,NOTYPE,LOCAL,9
SLUS_204.69,IOCP_gsnm,0x250,0,NOTYPE,LOCAL,20
SLUS_204.69,_$IOCP_gsnm,0x4ae808,0,NOTYPE,LOCAL,9
SLUS_204.69,.vu.8,0x4ae808,0,NOTYPE,LOCAL,9
SLUS_204.69,_$IOPC_gsskp,0x4ae818,0,NOTYPE,LOCAL,9
SLUS_204.69,.vu.9,0x4ae818,0,NOTYPE,LOCAL,9
SLUS_204.69,IOPC_lp,0x2f8,0,NOTYPE,LOCAL,20
SLUS_204.69,_$IOPC_lp,0x4ae8b0,0,NOTYPE,LOCAL,9
SLUS_204.69,.vu.10,0x4ae8b0,0,NOTYPE,LOCAL,9
SLUS_204.69,IOPC_skp,0x320,0,NOTYPE,LOCAL,20
SLUS_204.69,_$IOPC_skp,0x4ae8d8,0,NOTYPE,LOCAL,9
SLUS_204.69,.vu.11,0x4ae8d8,0,NOTYPE,LOCAL,9
SLUS_204.69,IVPW_spex,0x3f8,0,NOTYPE,LOCAL,20
SLUS_204.69,IVPW_splp,0x3c0,0,NOTYPE,LOCAL,20
SLUS_204.69,_$IVPW_splp,0x4ae978,0,NOTYPE,LOCAL,9
SLUS_204.69,.vu.12,0x4ae978,0,NOTYPE,LOCAL,9
SLUS_204.69,_$IVPW_spex,0x4ae9b0,0,NOTYPE,LOCAL,9
SLUS_204.69,.vu.13,0x4ae9b0,0,NOTYPE,LOCAL,9
SLUS_204.69,InitOffsetParamsColorIndex,0x408,0,NOTYPE,LOCAL,20
SLUS_204.69,_$InitOffsetParamsColorIndex,0x4ae9c0,0,NOTYPE,LOCAL,9
SLUS_204.69,.vu.14,0x4ae9c0,0,NOTYPE,LOCAL,9
SLUS_204.69,IOPCI_gsskp,0x508,0,NOTYPE,LOCAL,20
SLUS_204.69,IOPCI_gsold,0x4b0,0,NOTYPE,LOCAL,20
SLUS_204.69,_$IOPCI_gsold,0x4aea68,0,NOTYPE,LOCAL,9
SLUS_204.69,.vu.15,0x4aea68,0,NOTYPE,LOCAL,9
SLUS_204.69,IOCPI_gsnm,0x4f8,0,NOTYPE,LOCAL,20
SLUS_204.69,_$IOCPI_gsnm,0x4aeab0,0,NOTYPE,LOCAL,9
SLUS_204.69,.vu.16,0x4aeab0,0,NOTYPE,LOCAL,9
SLUS_204.69,_$IOPCI_gsskp,0x4aeac0,0,NOTYPE,LOCAL,9
SLUS_204.69,.vu.17,0x4aeac0,0,NOTYPE,LOCAL,9
SLUS_204.69,IOPCI_lp,0x598,0,NOTYPE,LOCAL,20
SLUS_204.69,_$IOPCI_lp,0x4aeb50,0,NOTYPE,LOCAL,9
SLUS_204.69,.vu.18,0x4aeb50,0,NOTYPE,LOCAL,9
SLUS_204.69,IOPCI_skp,0x5c8,0,NOTYPE,LOCAL,20
SLUS_204.69,_$IOPCI_skp,0x4aeb80,0,NOTYPE,LOCAL,9
SLUS_204.69,.vu.19,0x4aeb80,0,NOTYPE,LOCAL,9
SLUS_204.69,InitOffsetParams,0x5d8,0,NOTYPE,LOCAL,20
SLUS_204.69,_$InitOffsetParams,0x4aeb90,0,NOTYPE,LOCAL,9
SLUS_204.69,.vu.20,0x4aeb90,0,NOTYPE,LOCAL,9
SLUS_204.69,IOPCV_gsskp,0x6d8,0,NOTYPE,LOCAL,20
SLUS_204.69,IOPCV_gsold,0x680,0,NOTYPE,LOCAL,20
SLUS_204.69,_$IOPCV_gsold,0x4aec38,0,NOTYPE,LOCAL,9
SLUS_204.69,.vu.21,0x4aec38,0,NOTYPE,LOCAL,9
SLUS_204.69,IOCPV_gsnm,0x6c8,0,NOTYPE,LOCAL,20
SLUS_204.69,_$IOCPV_gsnm,0x4aec80,0,NOTYPE,LOCAL,9
SLUS_204.69,.vu.22,0x4aec80,0,NOTYPE,LOCAL,9
SLUS_204.69,_$IOPCV_gsskp,0x4aec90,0,NOTYPE,LOCAL,9
SLUS_204.69,.vu.23,0x4aec90,0,NOTYPE,LOCAL,9
SLUS_204.69,IOPW_ex,0x798,0,NOTYPE,LOCAL,20
SLUS_204.69,IOPW_lp,0x778,0,NOTYPE,LOCAL,20
SLUS_204.69,_$IOPW_lp,0x4aed30,0,NOTYPE,LOCAL,9
SLUS_204.69,.vu.24,0x4aed30,0,NOTYPE,LOCAL,9
SLUS_204.69,_$IOPW_ex,0x4aed50,0,NOTYPE,LOCAL,9
SLUS_204.69,.vu.25,0x4aed50,0,NOTYPE,LOCAL,9
SLUS_204.69,IOPW_spex,0x870,0,NOTYPE,LOCAL,21
SLUS_204.69,.vif.26,0x4aedb8,0,NOTYPE,LOCAL,9
SLUS_204.69,__start_.DVP.overlay..unknvma.49981963.400.1,0x800,0,NOTYPE,LOCAL,21
SLUS_204.69,.vu.29,0x4aedc0,0,NOTYPE,LOCAL,9
SLUS_204.69,IOPW_splp,0x838,0,NOTYPE,LOCAL,21
SLUS_204.69,_$IOPW_splp,0x4aedf8,0,NOTYPE,LOCAL,9
SLUS_204.69,.vu.30,0x4aedf8,0,NOTYPE,LOCAL,9
SLUS_204.69,_$IOPW_spex,0x4aee30,0,NOTYPE,LOCAL,9
SLUS_204.69,.vu.31,0x4aee30,0,NOTYPE,LOCAL,9
SLUS_204.69,CalcVertexcolParamsIndex,0x888,0,NOTYPE,LOCAL,21
SLUS_204.69,_$CalcVertexcolParamsIndex,0x4aee48,0,NOTYPE,LOCAL,9
SLUS_204.69,.vu.32,0x4aee48,0,NOTYPE,LOCAL,9
SLUS_204.69,CalcTranslationFaceParams,0x900,0,NOTYPE,LOCAL,21
SLUS_204.69,_$CalcTranslationFaceParams,0x4aeec0,0,NOTYPE,LOCAL,9
SLUS_204.69,.vu.33,0x4aeec0,0,NOTYPE,LOCAL,9
SLUS_204.69,CalcTranslationBackParams,0x9f8,0,NOTYPE,LOCAL,21
SLUS_204.69,_$CalcTranslationBackParams,0x4aefb8,0,NOTYPE,LOCAL,9
SLUS_204.69,.vu.34,0x4aefb8,0,NOTYPE,LOCAL,9
SLUS_204.69,CalcFaceBackStrip,0xaf0,0,NOTYPE,LOCAL,21
SLUS_204.69,_$CalcFaceBackStrip,0x4af0b0,0,NOTYPE,LOCAL,9
SLUS_204.69,.vu.35,0x4af0b0,0,NOTYPE,LOCAL,9
SLUS_204.69,CFBS_exit,0xbc8,0,NOTYPE,LOCAL,21
SLUS_204.69,_$CFBS_exit,0x4af188,0,NOTYPE,LOCAL,9
SLUS_204.69,.vu.36,0x4af188,0,NOTYPE,LOCAL,9
SLUS_204.69,_$NewVu1VertcolTexStrip,0x4af198,0,NOTYPE,LOCAL,9
SLUS_204.69,.vu.37,0x4af198,0,NOTYPE,LOCAL,9
SLUS_204.69,NVVTS_StripLoop,0xbf8,0,NOTYPE,LOCAL,21
SLUS_204.69,_$NVVTS_StripLoop,0x4af1b8,0,NOTYPE,LOCAL,9
SLUS_204.69,.vu.38,0x4af1b8,0,NOTYPE,LOCAL,9
SLUS_204.69,NVVTS_PointLoop,0xcc8,0,NOTYPE,LOCAL,21
SLUS_204.69,_$NVVTS_PointLoop,0x4af288,0,NOTYPE,LOCAL,9
SLUS_204.69,.vu.39,0x4af288,0,NOTYPE,LOCAL,9
SLUS_204.69,_$NewVu1VertcolTexIndexStrip,0x4af3a0,0,NOTYPE,LOCAL,9
SLUS_204.69,.vu.40,0x4af3a0,0,NOTYPE,LOCAL,9
SLUS_204.69,NVVTIS_StripLoop,0xe00,0,NOTYPE,LOCAL,21
SLUS_204.69,_$NVVTIS_StripLoop,0x4af3c0,0,NOTYPE,LOCAL,9
SLUS_204.69,.vu.41,0x4af3c0,0,NOTYPE,LOCAL,9
SLUS_204.69,NVVTIS_PointLoop,0xec0,0,NOTYPE,LOCAL,21
SLUS_204.69,_$NVVTIS_PointLoop,0x4af480,0,NOTYPE,LOCAL,9
SLUS_204.69,.vu.42,0x4af480,0,NOTYPE,LOCAL,9
SLUS_204.69,_$NewVu1VertcolTexFaceStrip,0x4af550,0,NOTYPE,LOCAL,9
SLUS_204.69,.vu.43,0x4af550,0,NOTYPE,LOCAL,9
SLUS_204.69,NVVTFS_StripLoop,0xfb0,0,NOTYPE,LOCAL,21
SLUS_204.69,_$NVVTFS_StripLoop,0x4af570,0,NOTYPE,LOCAL,9
SLUS_204.69,.vu.44,0x4af570,0,NOTYPE,LOCAL,9
SLUS_204.69,.vif.45,0x4af5c0,0,NOTYPE,LOCAL,9
SLUS_204.69,__start_.DVP.overlay..unknvma.49981963.703.2,0x1000,0,NOTYPE,LOCAL,22
SLUS_204.69,.vu.48,0x4af5c8,0,NOTYPE,LOCAL,9
SLUS_204.69,NVVTFS_PointLoop,0x1098,0,NOTYPE,LOCAL,22
SLUS_204.69,_$NVVTFS_PointLoop,0x4af660,0,NOTYPE,LOCAL,9
SLUS_204.69,.vu.49,0x4af660,0,NOTYPE,LOCAL,9
SLUS_204.69,_$NewVu1VertcolTexIndexFaceStrip,0x4af7a8,0,NOTYPE,LOCAL,9
SLUS_204.69,.vu.50,0x4af7a8,0,NOTYPE,LOCAL,9
SLUS_204.69,NVVTIFS_StripLoop,0x1200,0,NOTYPE,LOCAL,22
SLUS_204.69,_$NVVTIFS_StripLoop,0x4af7c8,0,NOTYPE,LOCAL,9
SLUS_204.69,.vu.51,0x4af7c8,0,NOTYPE,LOCAL,9
SLUS_204.69,NVVTIFS_PointLoop,0x1220,0,NOTYPE,LOCAL,22
SLUS_204.69,_$NVVTIFS_PointLoop,0x4af7e8,0,NOTYPE,LOCAL,9
SLUS_204.69,.vu.52,0x4af7e8,0,NOTYPE,LOCAL,9
SLUS_204.69,_$NewVu1VertcolTexBackStrip,0x4af8a0,0,NOTYPE,LOCAL,9
SLUS_204.69,.vu.53,0x4af8a0,0,NOTYPE,LOCAL,9
SLUS_204.69,_$NewVu1VertcolTexIndexBackStrip,0x4af8e8,0,NOTYPE,LOCAL,9
SLUS_204.69,.vu.54,0x4af8e8,0,NOTYPE,LOCAL,9
SLUS_204.69,NVVTIBS_StripLoop,0x1340,0,NOTYPE,LOCAL,22
SLUS_204.69,_$NVVTIBS_StripLoop,0x4af908,0,NOTYPE,LOCAL,9
SLUS_204.69,.vu.55,0x4af908,0,NOTYPE,LOCAL,9
SLUS_204.69,NVVTIBS_PointLoop,0x1360,0,NOTYPE,LOCAL,22
SLUS_204.69,_$NVVTIBS_PointLoop,0x4af928,0,NOTYPE,LOCAL,9
SLUS_204.69,.vu.56,0x4af928,0,NOTYPE,LOCAL,9
SLUS_204.69,_$NewVu1LightTexStrip,0x4af9e0,0,NOTYPE,LOCAL,9
SLUS_204.69,.vu.57,0x4af9e0,0,NOTYPE,LOCAL,9
SLUS_204.69,NVLTS_StripLoop,0x1438,0,NOTYPE,LOCAL,22
SLUS_204.69,_$NVLTS_StripLoop,0x4afa00,0,NOTYPE,LOCAL,9
SLUS_204.69,.vu.58,0x4afa00,0,NOTYPE,LOCAL,9
SLUS_204.69,NVLTS_PointLoop,0x14d8,0,NOTYPE,LOCAL,22
SLUS_204.69,_$NVLTS_PointLoop,0x4afaa0,0,NOTYPE,LOCAL,9
SLUS_204.69,.vu.59,0x4afaa0,0,NOTYPE,LOCAL,9
SLUS_204.69,_$NewVu1LightTexFaceStrip,0x4afc10,0,NOTYPE,LOCAL,9
SLUS_204.69,.vu.60,0x4afc10,0,NOTYPE,LOCAL,9
SLUS_204.69,_$NewVu1LightTexBackStrip,0x4afc68,0,NOTYPE,LOCAL,9
SLUS_204.69,.vu.61,0x4afc68,0,NOTYPE,LOCAL,9
SLUS_204.69,_$NewVu1LightTexSpecStrip,0x4afcc0,0,NOTYPE,LOCAL,9
SLUS_204.69,.vu.62,0x4afcc0,0,NOTYPE,LOCAL,9
SLUS_204.69,NVLTSS_StripLoop,0x1718,0,NOTYPE,LOCAL,22
SLUS_204.69,_$NVLTSS_StripLoop,0x4afce0,0,NOTYPE,LOCAL,9
SLUS_204.69,.vu.63,0x4afce0,0,NOTYPE,LOCAL,9
SLUS_204.69,NVLTSS_Pointloop,0x1768,0,NOTYPE,LOCAL,22
SLUS_204.69,_$NVLTSS_Pointloop,0x4afd30,0,NOTYPE,LOCAL,9
SLUS_204.69,.vu.64,0x4afd30,0,NOTYPE,LOCAL,9
SLUS_204.69,NVLTSS_nmsk,0x17b8,0,NOTYPE,LOCAL,22
SLUS_204.69,_$NVLTSS_nmsk,0x4afd80,0,NOTYPE,LOCAL,9
SLUS_204.69,.vu.65,0x4afd80,0,NOTYPE,LOCAL,9
SLUS_204.69,.vif.66,0x4afdc8,0,NOTYPE,LOCAL,9
SLUS_204.69,__start_.DVP.overlay..unknvma.49981963.959.3,0x1800,0,NOTYPE,LOCAL,23
SLUS_204.69,.vu.69,0x4afdd0,0,NOTYPE,LOCAL,9
SLUS_204.69,NVLTSS_lp,0x1958,0,NOTYPE,LOCAL,23
SLUS_204.69,_$NVLTSS_lp,0x4aff28,0,NOTYPE,LOCAL,9
SLUS_204.69,.vu.70,0x4aff28,0,NOTYPE,LOCAL,9
SLUS_204.69,NVLTSS_kick,0x1a48,0,NOTYPE,LOCAL,23
SLUS_204.69,_$NVLTSS_kick,0x4b0018,0,NOTYPE,LOCAL,9
SLUS_204.69,.vu.71,0x4b0018,0,NOTYPE,LOCAL,9
SLUS_204.69,_$NewVu1LightTexSpecFaceStrip,0x4b0028,0,NOTYPE,LOCAL,9
SLUS_204.69,.vu.72,0x4b0028,0,NOTYPE,LOCAL,9
SLUS_204.69,_$NewVu1LightTexSpecBackStrip,0x4b0080,0,NOTYPE,LOCAL,9
SLUS_204.69,.vu.73,0x4b0080,0,NOTYPE,LOCAL,9
SLUS_204.69,_$NewVu1LightTexMultiSpecStrip,0x4b00d8,0,NOTYPE,LOCAL,9
SLUS_204.69,.vu.74,0x4b00d8,0,NOTYPE,LOCAL,9
SLUS_204.69,NVLTMSS_StripLoop,0x1b28,0,NOTYPE,LOCAL,23
SLUS_204.69,_$NVLTMSS_StripLoop,0x4b00f8,0,NOTYPE,LOCAL,9
SLUS_204.69,.vu.75,0x4b00f8,0,NOTYPE,LOCAL,9
SLUS_204.69,NVLTMSS_Pointloop,0x1bc0,0,NOTYPE,LOCAL,23
SLUS_204.69,_$NVLTMSS_Pointloop,0x4b0190,0,NOTYPE,LOCAL,9
SLUS_204.69,.vu.76,0x4b0190,0,NOTYPE,LOCAL,9
SLUS_204.69,NVLTMSS_nmsk,0x1c10,0,NOTYPE,LOCAL,23
SLUS_204.69,_$NVLTMSS_nmsk,0x4b01e0,0,NOTYPE,LOCAL,9
SLUS_204.69,.vu.77,0x4b01e0,0,NOTYPE,LOCAL,9
SLUS_204.69,NVLTMSS_lp0,0x1db8,0,NOTYPE,LOCAL,23
SLUS_204.69,_$NVLTMSS_lp0,0x4b0388,0,NOTYPE,LOCAL,9
SLUS_204.69,.vu.78,0x4b0388,0,NOTYPE,LOCAL,9
SLUS_204.69,NVLTMSS_kick,0x1e90,0,NOTYPE,LOCAL,23
SLUS_204.69,_$NVLTMSS_kick,0x4b0460,0,NOTYPE,LOCAL,9
SLUS_204.69,.vu.79,0x4b0460,0,NOTYPE,LOCAL,9
SLUS_204.69,_$NewVu1LightTexMultiSpecFaceStrip,0x4b0480,0,NOTYPE,LOCAL,9
SLUS_204.69,.vu.80,0x4b0480,0,NOTYPE,LOCAL,9
SLUS_204.69,_$NewVu1LightTexMultiSpecBackStrip,0x4b04d8,0,NOTYPE,LOCAL,9
SLUS_204.69,.vu.81,0x4b04d8,0,NOTYPE,LOCAL,9
SLUS_204.69,_$NewVu1LightTexReflSpecStrip,0x4b0530,0,NOTYPE,LOCAL,9
SLUS_204.69,.vu.82,0x4b0530,0,NOTYPE,LOCAL,9
SLUS_204.69,NVLTRSS_StripLoop,0x1f80,0,NOTYPE,LOCAL,23
SLUS_204.69,_$NVLTRSS_StripLoop,0x4b0550,0,NOTYPE,LOCAL,9
SLUS_204.69,.vu.83,0x4b0550,0,NOTYPE,LOCAL,9
SLUS_204.69,.vif.84,0x4b05d0,0,NOTYPE,LOCAL,9
SLUS_204.69,__start_.DVP.overlay..unknvma.49981963.1239.4,0x2000,0,NOTYPE,LOCAL,24
SLUS_204.69,.vu.87,0x4b05d8,0,NOTYPE,LOCAL,9
SLUS_204.69,NVLTRSS_Pointloop,0x2010,0,NOTYPE,LOCAL,24
SLUS_204.69,_$NVLTRSS_Pointloop,0x4b05e8,0,NOTYPE,LOCAL,9
SLUS_204.69,.vu.88,0x4b05e8,0,NOTYPE,LOCAL,9
SLUS_204.69,NVLTRSS_nmsk,0x2060,0,NOTYPE,LOCAL,24
SLUS_204.69,_$NVLTRSS_nmsk,0x4b0638,0,NOTYPE,LOCAL,9
SLUS_204.69,.vu.89,0x4b0638,0,NOTYPE,LOCAL,9
SLUS_204.69,NVLTRSS_lp,0x2220,0,NOTYPE,LOCAL,24
SLUS_204.69,_$NVLTRSS_lp,0x4b07f8,0,NOTYPE,LOCAL,9
SLUS_204.69,.vu.90,0x4b07f8,0,NOTYPE,LOCAL,9
SLUS_204.69,NVLTRSS_kick,0x2340,0,NOTYPE,LOCAL,24
SLUS_204.69,_$NVLTRSS_kick,0x4b0918,0,NOTYPE,LOCAL,9
SLUS_204.69,.vu.91,0x4b0918,0,NOTYPE,LOCAL,9
SLUS_204.69,_$NewVu1LightTexReflSpecFaceStrip,0x4b0980,0,NOTYPE,LOCAL,9
SLUS_204.69,.vu.92,0x4b0980,0,NOTYPE,LOCAL,9
SLUS_204.69,_$NewVu1LightTexReflSpecBackStrip,0x4b09d8,0,NOTYPE,LOCAL,9
SLUS_204.69,.vu.93,0x4b09d8,0,NOTYPE,LOCAL,9
SLUS_204.69,.vif.94,0x4b0a30,0,NOTYPE,LOCAL,9
SLUS_204.69,CurrentOffset,0x400,0,NOTYPE,LOCAL,65521
SLUS_204.69,NewVu1Mem0_Top,0x0,0,NOTYPE,LOCAL,65521
SLUS_204.69,NewVu1Mem0_End,0xf3,0,NOTYPE,LOCAL,65521
SLUS_204.69,NewVu1Mem1_Top,0x16e,0,NOTYPE,LOCAL,65521
SLUS_204.69,NewVu1Mem1_End,0x287,0,NOTYPE,LOCAL,65521
SLUS_204.69,NewVu1MemMatrix,0x2dc,0,NOTYPE,LOCAL,65521
SLUS_204.69,NewVu1MemIndex,0x2e0,0,NOTYPE,LOCAL,65521
SLUS_204.69,NewVu1MemTransMatrix,0x3c2,0,NOTYPE,LOCAL,65521
SLUS_204.69,NewVu1MemScreenScale,0x3c6,0,NOTYPE,LOCAL,65521
SLUS_204.69,NewVu1MemScreenTrans,0x3c7,0,NOTYPE,LOCAL,65521
SLUS_204.69,NewVu1MemAmbient,0x3c8,0,NOTYPE,LOCAL,65521
SLUS_204.69,NewVu1MemTexRate,0x3c9,0,NOTYPE,LOCAL,65521
SLUS_204.69,NewVu1MemSpecular,0x3ca,0,NOTYPE,LOCAL,65521
SLUS_204.69,NewVu1MemMultiCol,0x3cb,0,NOTYPE,LOCAL,65521
SLUS_204.69,NewVu1MeminTexOffset,0x3cc,0,NOTYPE,LOCAL,65521
SLUS_204.69,NewVu1MemLightNormal,0x3cd,0,NOTYPE,LOCAL,65521
SLUS_204.69,NewVu1MemCamPos,0x3d0,0,NOTYPE,LOCAL,65521
SLUS_204.69,NewVu1MemLightColor,0x3d1,0,NOTYPE,LOCAL,65521
SLUS_204.69,NewVu1MemGsKick,0x3d5,0,NOTYPE,LOCAL,65521
SLUS_204.69,NewVu1MemReflGsKick0,0x3d5,0,NOTYPE,LOCAL,65521
SLUS_204.69,NewVu1MemReflGsKick1,0x3da,0,NOTYPE,LOCAL,65521
SLUS_204.69,NewVu1MemStripBuf,0x3df,0,NOTYPE,LOCAL,65521
SLUS_204.69,NewVu1MemStripPtr,0x3e3,0,NOTYPE,LOCAL,65521
SLUS_204.69,NewVu1MemPointBuf,0x3e4,0,NOTYPE,LOCAL,65521
SLUS_204.69,NewVu1MemFogRate,0x3e6,0,NOTYPE,LOCAL,65521
SLUS_204.69,NewVu1MemClipVal,0x3e7,0,NOTYPE,LOCAL,65521
SLUS_204.69,NewVu1MemPC,0x3e9,0,NOTYPE,LOCAL,65521
SLUS_204.69,NewVu1MemReflRot,0x3ec,0,NOTYPE,LOCAL,65521
SLUS_204.69,NewVu1MemFogPara,0x3ef,0,NOTYPE,LOCAL,65521
SLUS_204.69,NewVu1MemExponent,0x3f0,0,NOTYPE,LOCAL,65521
SLUS_204.69,NewVu1MemReflCol,0x3f1,0,NOTYPE,LOCAL,65521
SLUS_204.69,NewVu1MemGifTagRefl,0x3f2,0,NOTYPE,LOCAL,65521
SLUS_204.69,NewVu1MemGifTag,0x3f3,0,NOTYPE,LOCAL,65521
SLUS_204.69,NewVu1MemGifTagSpecular,0x3f4,0,NOTYPE,LOCAL,65521
SLUS_204.69,NewVu1MemReverseValF_0,0x3f5,0,NOTYPE,LOCAL,65521
SLUS_204.69,NewVu1MemReverseValB_0,0x3f6,0,NOTYPE,LOCAL,65521
SLUS_204.69,NewVu1MemReverseValF_1,0x3f7,0,NOTYPE,LOCAL,65521
SLUS_204.69,NewVu1MemReverseValB_1,0x3f8,0,NOTYPE,LOCAL,65521
SLUS_204.69,NewVu1MemPoint,0x3f5,0,NOTYPE,LOCAL,65521
SLUS_204.69,NewVu1MemBufWork,0x3f9,0,NOTYPE,LOCAL,65521
SLUS_204.69,NewVu1MemBasGif,0x3fa,0,NOTYPE,LOCAL,65521
SLUS_204.69,NewVu1MemTestBas,0x3fb,0,NOTYPE,LOCAL,65521
SLUS_204.69,NewVu1MemZbufBas,0x3fc,0,NOTYPE,LOCAL,65521
SLUS_204.69,NewVu1MemOrgGif,0x3fd,0,NOTYPE,LOCAL,65521
SLUS_204.69,NewVu1MemTestOrg,0x3fe,0,NOTYPE,LOCAL,65521
SLUS_204.69,NewVu1MemZbufOrg,0x3ff,0,NOTYPE,LOCAL,65521
SLUS_204.69,NewVu1MemDblBufBase,0x0,0,NOTYPE,LOCAL,65521
SLUS_204.69,NewVu1MemDblBufOffset,0x16e,0,NOTYPE,LOCAL,65521
SLUS_204.69,PacketBottomNewVu1TexEnvMicroCode,0x4b19e0,0,NOTYPE,LOCAL,9
SLUS_204.69,NewVu1TexEnvMicroCodeStart,0x0,0,NOTYPE,LOCAL,25
SLUS_204.69,.vif.0,0x4b0a50,0,NOTYPE,LOCAL,9
SLUS_204.69,__start_.DVP.overlay..0x0.108384179.19.0,0x0,0,NOTYPE,LOCAL,25
SLUS_204.69,_$NewVu1TexEnvMicroCodeStart,0x4b0a58,0,NOTYPE,LOCAL,9
SLUS_204.69,_$NewVu1TexEnvGsKick,0x4b0a58,0,NOTYPE,LOCAL,9
SLUS_204.69,.vu.3,0x4b0a58,0,NOTYPE,LOCAL,9
SLUS_204.69,_$NewVu1TexEnvGsKickWide,0x4b0a80,0,NOTYPE,LOCAL,9
SLUS_204.69,.vu.4,0x4b0a80,0,NOTYPE,LOCAL,9
SLUS_204.69,InitConstantParams,0x50,0,NOTYPE,LOCAL,25
SLUS_204.69,_$InitConstantParams,0x4b0aa8,0,NOTYPE,LOCAL,9
SLUS_204.69,.vu.5,0x4b0aa8,0,NOTYPE,LOCAL,9
SLUS_204.69,InitOffsetParams,0x178,0,NOTYPE,LOCAL,25
SLUS_204.69,_$InitOffsetParams,0x4b0bd0,0,NOTYPE,LOCAL,9
SLUS_204.69,.vu.6,0x4b0bd0,0,NOTYPE,LOCAL,9
SLUS_204.69,IOPCV_gsskp,0x278,0,NOTYPE,LOCAL,25
SLUS_204.69,IOPCV_gsold,0x220,0,NOTYPE,LOCAL,25
SLUS_204.69,_$IOPCV_gsold,0x4b0c78,0,NOTYPE,LOCAL,9
SLUS_204.69,.vu.7,0x4b0c78,0,NOTYPE,LOCAL,9
SLUS_204.69,IOCPV_gsnm,0x268,0,NOTYPE,LOCAL,25
SLUS_204.69,_$IOCPV_gsnm,0x4b0cc0,0,NOTYPE,LOCAL,9
SLUS_204.69,.vu.8,0x4b0cc0,0,NOTYPE,LOCAL,9
SLUS_204.69,_$IOPCV_gsskp,0x4b0cd0,0,NOTYPE,LOCAL,9
SLUS_204.69,.vu.9,0x4b0cd0,0,NOTYPE,LOCAL,9
SLUS_204.69,IOPW_ex,0x338,0,NOTYPE,LOCAL,25
SLUS_204.69,IOPW_lp,0x318,0,NOTYPE,LOCAL,25
SLUS_204.69,_$IOPW_lp,0x4b0d70,0,NOTYPE,LOCAL,9
SLUS_204.69,.vu.10,0x4b0d70,0,NOTYPE,LOCAL,9
SLUS_204.69,_$IOPW_ex,0x4b0d90,0,NOTYPE,LOCAL,9
SLUS_204.69,.vu.11,0x4b0d90,0,NOTYPE,LOCAL,9
SLUS_204.69,IOPW_spex,0x410,0,NOTYPE,LOCAL,25
SLUS_204.69,IOPW_splp,0x3d8,0,NOTYPE,LOCAL,25
SLUS_204.69,_$IOPW_splp,0x4b0e30,0,NOTYPE,LOCAL,9
SLUS_204.69,.vu.12,0x4b0e30,0,NOTYPE,LOCAL,9
SLUS_204.69,_$IOPW_spex,0x4b0e68,0,NOTYPE,LOCAL,9
SLUS_204.69,.vu.13,0x4b0e68,0,NOTYPE,LOCAL,9
SLUS_204.69,InitOffsetParamsWeight,0x428,0,NOTYPE,LOCAL,25
SLUS_204.69,_$InitOffsetParamsWeight,0x4b0e80,0,NOTYPE,LOCAL,9
SLUS_204.69,.vu.14,0x4b0e80,0,NOTYPE,LOCAL,9
SLUS_204.69,IOPCE_gsskp,0x528,0,NOTYPE,LOCAL,25
SLUS_204.69,IOPCE_gsold,0x4d0,0,NOTYPE,LOCAL,25
SLUS_204.69,_$IOPCE_gsold,0x4b0f28,0,NOTYPE,LOCAL,9
SLUS_204.69,.vu.15,0x4b0f28,0,NOTYPE,LOCAL,9
SLUS_204.69,IOCPE_gsnm,0x518,0,NOTYPE,LOCAL,25
SLUS_204.69,_$IOCPE_gsnm,0x4b0f70,0,NOTYPE,LOCAL,9
SLUS_204.69,.vu.16,0x4b0f70,0,NOTYPE,LOCAL,9
SLUS_204.69,_$IOPCE_gsskp,0x4b0f80,0,NOTYPE,LOCAL,9
SLUS_204.69,.vu.17,0x4b0f80,0,NOTYPE,LOCAL,9
SLUS_204.69,IOPWE_ex,0x600,0,NOTYPE,LOCAL,25
SLUS_204.69,IOPWE_lp,0x5e0,0,NOTYPE,LOCAL,25
SLUS_204.69,_$IOPWE_lp,0x4b1038,0,NOTYPE,LOCAL,9
SLUS_204.69,.vu.18,0x4b1038,0,NOTYPE,LOCAL,9
SLUS_204.69,_$IOPWE_ex,0x4b1058,0,NOTYPE,LOCAL,9
SLUS_204.69,.vu.19,0x4b1058,0,NOTYPE,LOCAL,9
SLUS_204.69,IOPWE_spex,0x6e0,0,NOTYPE,LOCAL,25
SLUS_204.69,IOPWE_splp,0x6a8,0,NOTYPE,LOCAL,25
SLUS_204.69,_$IOPWE_splp,0x4b1100,0,NOTYPE,LOCAL,9
SLUS_204.69,.vu.20,0x4b1100,0,NOTYPE,LOCAL,9
SLUS_204.69,_$IOPWE_spex,0x4b1138,0,NOTYPE,LOCAL,9
SLUS_204.69,.vu.21,0x4b1138,0,NOTYPE,LOCAL,9
SLUS_204.69,_$NewVu1TexEnvStrip,0x4b1148,0,NOTYPE,LOCAL,9
SLUS_204.69,.vu.22,0x4b1148,0,NOTYPE,LOCAL,9
SLUS_204.69,NVLTES_StripLoop,0x710,0,NOTYPE,LOCAL,25
SLUS_204.69,_$NVLTES_StripLoop,0x4b1168,0,NOTYPE,LOCAL,9
SLUS_204.69,.vu.23,0x4b1168,0,NOTYPE,LOCAL,9
SLUS_204.69,NVLTES_Pointloop,0x798,0,NOTYPE,LOCAL,25
SLUS_204.69,_$NVLTES_Pointloop,0x4b11f0,0,NOTYPE,LOCAL,9
SLUS_204.69,NVLTES_wlp,0x798,0,NOTYPE,LOCAL,25
SLUS_204.69,_$NVLTES_wlp,0x4b11f0,0,NOTYPE,LOCAL,9
SLUS_204.69,.vu.24,0x4b11f0,0,NOTYPE,LOCAL,9
SLUS_204.69,NVLTES_wex,0x7e8,0,NOTYPE,LOCAL,25
SLUS_204.69,_$NVLTES_wex,0x4b1240,0,NOTYPE,LOCAL,9
SLUS_204.69,.vu.25,0x4b1240,0,NOTYPE,LOCAL,9
SLUS_204.69,.vif.26,0x4b1258,0,NOTYPE,LOCAL,9
SLUS_204.69,__start_.DVP.overlay..unknvma.3198951435.390.1,0x800,0,NOTYPE,LOCAL,26
SLUS_204.69,.vu.29,0x4b1260,0,NOTYPE,LOCAL,9
SLUS_204.69,_$NewVu1TexEnvStrip1,0x4b1310,0,NOTYPE,LOCAL,9
SLUS_204.69,.vu.30,0x4b1310,0,NOTYPE,LOCAL,9
SLUS_204.69,NVLTES1_StripLoop,0x8d0,0,NOTYPE,LOCAL,26
SLUS_204.69,_$NVLTES1_StripLoop,0x4b1330,0,NOTYPE,LOCAL,9
SLUS_204.69,.vu.31,0x4b1330,0,NOTYPE,LOCAL,9
SLUS_204.69,NVLTES1_Pointloop,0x980,0,NOTYPE,LOCAL,26
SLUS_204.69,_$NVLTES1_Pointloop,0x4b13e0,0,NOTYPE,LOCAL,9
SLUS_204.69,.vu.32,0x4b13e0,0,NOTYPE,LOCAL,9
SLUS_204.69,_$NewVu1TexEnvStrip2,0x4b1518,0,NOTYPE,LOCAL,9
SLUS_204.69,.vu.33,0x4b1518,0,NOTYPE,LOCAL,9
SLUS_204.69,NVLTES2_StripLoop,0xad8,0,NOTYPE,LOCAL,26
SLUS_204.69,_$NVLTES2_StripLoop,0x4b1538,0,NOTYPE,LOCAL,9
SLUS_204.69,.vu.34,0x4b1538,0,NOTYPE,LOCAL,9
SLUS_204.69,NVLTES2_Pointloop,0xbe0,0,NOTYPE,LOCAL,26
SLUS_204.69,_$NVLTES2_Pointloop,0x4b1640,0,NOTYPE,LOCAL,9
SLUS_204.69,.vu.35,0x4b1640,0,NOTYPE,LOCAL,9
SLUS_204.69,_$NewVu1TexStrip,0x4b17c8,0,NOTYPE,LOCAL,9
SLUS_204.69,.vu.36,0x4b17c8,0,NOTYPE,LOCAL,9
SLUS_204.69,NVLTS_StripLoop,0xd88,0,NOTYPE,LOCAL,26
SLUS_204.69,_$NVLTS_StripLoop,0x4b17e8,0,NOTYPE,LOCAL,9
SLUS_204.69,.vu.37,0x4b17e8,0,NOTYPE,LOCAL,9
SLUS_204.69,NVLTS_PointLoop,0xe28,0,NOTYPE,LOCAL,26
SLUS_204.69,_$NVLTS_PointLoop,0x4b1888,0,NOTYPE,LOCAL,9
SLUS_204.69,.vu.38,0x4b1888,0,NOTYPE,LOCAL,9
SLUS_204.69,.vif.39,0x4b19d8,0,NOTYPE,LOCAL,9
SLUS_204.69,CurrentOffset,0x400,0,NOTYPE,LOCAL,65521
SLUS_204.69,NewVu1Mem0_Top,0x0,0,NOTYPE,LOCAL,65521
SLUS_204.69,NewVu1Mem0_End,0xf3,0,NOTYPE,LOCAL,65521
SLUS_204.69,NewVu1Mem1_Top,0x16e,0,NOTYPE,LOCAL,65521
SLUS_204.69,NewVu1Mem1_End,0x287,0,NOTYPE,LOCAL,65521
SLUS_204.69,NewVu1MemMatrix,0x2dc,0,NOTYPE,LOCAL,65521
SLUS_204.69,NewVu1MemIndex,0x2e0,0,NOTYPE,LOCAL,65521
SLUS_204.69,NewVu1MemTransMatrix,0x3c2,0,NOTYPE,LOCAL,65521
SLUS_204.69,NewVu1MemScreenScale,0x3c6,0,NOTYPE,LOCAL,65521
SLUS_204.69,NewVu1MemScreenTrans,0x3c7,0,NOTYPE,LOCAL,65521
SLUS_204.69,NewVu1MemAmbient,0x3c8,0,NOTYPE,LOCAL,65521
SLUS_204.69,NewVu1MemTexRate,0x3c9,0,NOTYPE,LOCAL,65521
SLUS_204.69,NewVu1MemSpecular,0x3ca,0,NOTYPE,LOCAL,65521
SLUS_204.69,NewVu1MemMultiCol,0x3cb,0,NOTYPE,LOCAL,65521
SLUS_204.69,NewVu1MeminTexOffset,0x3cc,0,NOTYPE,LOCAL,65521
SLUS_204.69,NewVu1MemLightNormal,0x3cd,0,NOTYPE,LOCAL,65521
SLUS_204.69,NewVu1MemCamPos,0x3d0,0,NOTYPE,LOCAL,65521
SLUS_204.69,NewVu1MemLightColor,0x3d1,0,NOTYPE,LOCAL,65521
SLUS_204.69,NewVu1MemGsKick,0x3d5,0,NOTYPE,LOCAL,65521
SLUS_204.69,NewVu1MemReflGsKick0,0x3d5,0,NOTYPE,LOCAL,65521
SLUS_204.69,NewVu1MemReflGsKick1,0x3da,0,NOTYPE,LOCAL,65521
SLUS_204.69,NewVu1MemStripBuf,0x3df,0,NOTYPE,LOCAL,65521
SLUS_204.69,NewVu1MemStripPtr,0x3e3,0,NOTYPE,LOCAL,65521
SLUS_204.69,NewVu1MemPointBuf,0x3e4,0,NOTYPE,LOCAL,65521
SLUS_204.69,NewVu1MemFogRate,0x3e6,0,NOTYPE,LOCAL,65521
SLUS_204.69,NewVu1MemClipVal,0x3e7,0,NOTYPE,LOCAL,65521
SLUS_204.69,NewVu1MemPC,0x3e9,0,NOTYPE,LOCAL,65521
SLUS_204.69,NewVu1MemReflRot,0x3ec,0,NOTYPE,LOCAL,65521
SLUS_204.69,NewVu1MemFogPara,0x3ef,0,NOTYPE,LOCAL,65521
SLUS_204.69,NewVu1MemExponent,0x3f0,0,NOTYPE,LOCAL,65521
SLUS_204.69,NewVu1MemReflCol,0x3f1,0,NOTYPE,LOCAL,65521
SLUS_204.69,NewVu1MemGifTagRefl,0x3f2,0,NOTYPE,LOCAL,65521
SLUS_204.69,NewVu1MemGifTag,0x3f3,0,NOTYPE,LOCAL,65521
SLUS_204.69,NewVu1MemGifTagSpecular,0x3f4,0,NOTYPE,LOCAL,65521
SLUS_204.69,NewVu1MemReverseValF_0,0x3f5,0,NOTYPE,LOCAL,65521
SLUS_204.69,NewVu1MemReverseValB_0,0x3f6,0,NOTYPE,LOCAL,65521
SLUS_204.69,NewVu1MemReverseValF_1,0x3f7,0,NOTYPE,LOCAL,65521
SLUS_204.69,NewVu1MemReverseValB_1,0x3f8,0,NOTYPE,LOCAL,65521
SLUS_204.69,NewVu1MemPoint,0x3f5,0,NOTYPE,LOCAL,65521
SLUS_204.69,NewVu1MemBufWork,0x3f9,0,NOTYPE,LOCAL,65521
SLUS_204.69,NewVu1MemBasGif,0x3fa,0,NOTYPE,LOCAL,65521
SLUS_204.69,NewVu1MemTestBas,0x3fb,0,NOTYPE,LOCAL,65521
SLUS_204.69,NewVu1MemZbufBas,0x3fc,0,NOTYPE,LOCAL,65521
SLUS_204.69,NewVu1MemOrgGif,0x3fd,0,NOTYPE,LOCAL,65521
SLUS_204.69,NewVu1MemTestOrg,0x3fe,0,NOTYPE,LOCAL,65521
SLUS_204.69,NewVu1MemZbufOrg,0x3ff,0,NOTYPE,LOCAL,65521
SLUS_204.69,NewVu1MemDblBufBase,0x0,0,NOTYPE,LOCAL,65521
SLUS_204.69,NewVu1MemDblBufOffset,0x16e,0,NOTYPE,LOCAL,65521
SLUS_204.69,PacketBottomNewVu1EnvMicroCode,0x4b54a0,0,NOTYPE,LOCAL,9
SLUS_204.69,NewVu1EnvMicroCodeStart,0x0,0,NOTYPE,LOCAL,27
SLUS_204.69,.vif.0,0x4b19f0,0,NOTYPE,LOCAL,9
SLUS_204.69,__start_.DVP.overlay..0x0.13547059.19.0,0x0,0,NOTYPE,LOCAL,27
SLUS_204.69,_$NewVu1EnvMicroCodeStart,0x4b19f8,0,NOTYPE,LOCAL,9
SLUS_204.69,_$NewVu1EnvGsKick,0x4b19f8,0,NOTYPE,LOCAL,9
SLUS_204.69,.vu.3,0x4b19f8,0,NOTYPE,LOCAL,9
SLUS_204.69,_$NewVu1EnvGsKickWide,0x4b1a20,0,NOTYPE,LOCAL,9
SLUS_204.69,.vu.4,0x4b1a20,0,NOTYPE,LOCAL,9
SLUS_204.69,InitConstantParams,0x50,0,NOTYPE,LOCAL,27
SLUS_204.69,_$InitConstantParams,0x4b1a48,0,NOTYPE,LOCAL,9
SLUS_204.69,.vu.5,0x4b1a48,0,NOTYPE,LOCAL,9
SLUS_204.69,InitOffsetParamsWeight,0x178,0,NOTYPE,LOCAL,27
SLUS_204.69,_$InitOffsetParamsWeight,0x4b1b70,0,NOTYPE,LOCAL,9
SLUS_204.69,.vu.6,0x4b1b70,0,NOTYPE,LOCAL,9
SLUS_204.69,IOPC_gsskp,0x278,0,NOTYPE,LOCAL,27
SLUS_204.69,IOPC_gsold,0x220,0,NOTYPE,LOCAL,27
SLUS_204.69,_$IOPC_gsold,0x4b1c18,0,NOTYPE,LOCAL,9
SLUS_204.69,.vu.7,0x4b1c18,0,NOTYPE,LOCAL,9
SLUS_204.69,IOCP_gsnm,0x268,0,NOTYPE,LOCAL,27
SLUS_204.69,_$IOCP_gsnm,0x4b1c60,0,NOTYPE,LOCAL,9
SLUS_204.69,.vu.8,0x4b1c60,0,NOTYPE,LOCAL,9
SLUS_204.69,_$IOPC_gsskp,0x4b1c70,0,NOTYPE,LOCAL,9
SLUS_204.69,.vu.9,0x4b1c70,0,NOTYPE,LOCAL,9
SLUS_204.69,IOPW_ex,0x350,0,NOTYPE,LOCAL,27
SLUS_204.69,IOPW_lp,0x330,0,NOTYPE,LOCAL,27
SLUS_204.69,_$IOPW_lp,0x4b1d28,0,NOTYPE,LOCAL,9
SLUS_204.69,.vu.10,0x4b1d28,0,NOTYPE,LOCAL,9
SLUS_204.69,_$IOPW_ex,0x4b1d48,0,NOTYPE,LOCAL,9
SLUS_204.69,.vu.11,0x4b1d48,0,NOTYPE,LOCAL,9
SLUS_204.69,IOPW_spex,0x430,0,NOTYPE,LOCAL,27
SLUS_204.69,IOPW_splp,0x3f8,0,NOTYPE,LOCAL,27
SLUS_204.69,_$IOPW_splp,0x4b1df0,0,NOTYPE,LOCAL,9
SLUS_204.69,.vu.12,0x4b1df0,0,NOTYPE,LOCAL,9
SLUS_204.69,_$IOPW_spex,0x4b1e28,0,NOTYPE,LOCAL,9
SLUS_204.69,.vu.13,0x4b1e28,0,NOTYPE,LOCAL,9
SLUS_204.69,CalcFaceBackStrip,0x440,0,NOTYPE,LOCAL,27
SLUS_204.69,_$CalcFaceBackStrip,0x4b1e38,0,NOTYPE,LOCAL,9
SLUS_204.69,.vu.14,0x4b1e38,0,NOTYPE,LOCAL,9
SLUS_204.69,CFBS_fb,0x478,0,NOTYPE,LOCAL,27
SLUS_204.69,_$CFBS_fb,0x4b1e70,0,NOTYPE,LOCAL,9
SLUS_204.69,.vu.15,0x4b1e70,0,NOTYPE,LOCAL,9
SLUS_204.69,CFBS_exit,0x5a0,0,NOTYPE,LOCAL,27
SLUS_204.69,OPML_src,0x530,0,NOTYPE,LOCAL,27
SLUS_204.69,OPML_calc,0x540,0,NOTYPE,LOCAL,27
SLUS_204.69,_$OPML_src,0x4b1f28,0,NOTYPE,LOCAL,9
SLUS_204.69,.vu.16,0x4b1f28,0,NOTYPE,LOCAL,9
SLUS_204.69,_$OPML_calc,0x4b1f38,0,NOTYPE,LOCAL,9
SLUS_204.69,.vu.17,0x4b1f38,0,NOTYPE,LOCAL,9
SLUS_204.69,_$CFBS_exit,0x4b1f98,0,NOTYPE,LOCAL,9
SLUS_204.69,.vu.18,0x4b1f98,0,NOTYPE,LOCAL,9
SLUS_204.69,_$NewVu1LightTexEnvStrip,0x4b1fa8,0,NOTYPE,LOCAL,9
SLUS_204.69,.vu.19,0x4b1fa8,0,NOTYPE,LOCAL,9
SLUS_204.69,NVLTES_StripLoop,0x5d0,0,NOTYPE,LOCAL,27
SLUS_204.69,_$NVLTES_StripLoop,0x4b1fc8,0,NOTYPE,LOCAL,9
SLUS_204.69,.vu.20,0x4b1fc8,0,NOTYPE,LOCAL,9
SLUS_204.69,NVLTES_Pointloop,0x670,0,NOTYPE,LOCAL,27
SLUS_204.69,_$NVLTES_Pointloop,0x4b2068,0,NOTYPE,LOCAL,9
SLUS_204.69,.vu.21,0x4b2068,0,NOTYPE,LOCAL,9
SLUS_204.69,NVLTES_wlp,0x678,0,NOTYPE,LOCAL,27
SLUS_204.69,_$NVLTES_wlp,0x4b2070,0,NOTYPE,LOCAL,9
SLUS_204.69,.vu.22,0x4b2070,0,NOTYPE,LOCAL,9
SLUS_204.69,NVLTES_wex,0x6d8,0,NOTYPE,LOCAL,27
SLUS_204.69,_$NVLTES_wex,0x4b20d0,0,NOTYPE,LOCAL,9
SLUS_204.69,.vu.23,0x4b20d0,0,NOTYPE,LOCAL,9
SLUS_204.69,NVLTES_nmsk,0x708,0,NOTYPE,LOCAL,27
SLUS_204.69,_$NVLTES_nmsk,0x4b2100,0,NOTYPE,LOCAL,9
SLUS_204.69,.vu.24,0x4b2100,0,NOTYPE,LOCAL,9
SLUS_204.69,.vif.25,0x4b21f8,0,NOTYPE,LOCAL,9
SLUS_204.69,__start_.DVP.overlay..unknvma.399847435.414.1,0x800,0,NOTYPE,LOCAL,28
SLUS_204.69,.vu.28,0x4b2200,0,NOTYPE,LOCAL,9
SLUS_204.69,NVLTES_kick,0x860,0,NOTYPE,LOCAL,28
SLUS_204.69,_$NVLTES_kick,0x4b2260,0,NOTYPE,LOCAL,9
SLUS_204.69,.vu.29,0x4b2260,0,NOTYPE,LOCAL,9
SLUS_204.69,_$NewVu1LightTexEnvFaceStrip,0x4b2270,0,NOTYPE,LOCAL,9
SLUS_204.69,.vu.30,0x4b2270,0,NOTYPE,LOCAL,9
SLUS_204.69,_$NewVu1LightTexEnvBackStrip,0x4b22a8,0,NOTYPE,LOCAL,9
SLUS_204.69,.vu.31,0x4b22a8,0,NOTYPE,LOCAL,9
SLUS_204.69,_$NewVu1LightTexSpecEnvStrip,0x4b22e0,0,NOTYPE,LOCAL,9
SLUS_204.69,.vu.32,0x4b22e0,0,NOTYPE,LOCAL,9
SLUS_204.69,NVLTSES_StripLoop,0x900,0,NOTYPE,LOCAL,28
SLUS_204.69,_$NVLTSES_StripLoop,0x4b2300,0,NOTYPE,LOCAL,9
SLUS_204.69,.vu.33,0x4b2300,0,NOTYPE,LOCAL,9
SLUS_204.69,NVLTSES_Pointloop,0x998,0,NOTYPE,LOCAL,28
SLUS_204.69,_$NVLTSES_Pointloop,0x4b2398,0,NOTYPE,LOCAL,9
SLUS_204.69,.vu.34,0x4b2398,0,NOTYPE,LOCAL,9
SLUS_204.69,NVLTSES_wlp,0x9a0,0,NOTYPE,LOCAL,28
SLUS_204.69,_$NVLTSES_wlp,0x4b23a0,0,NOTYPE,LOCAL,9
SLUS_204.69,.vu.35,0x4b23a0,0,NOTYPE,LOCAL,9
SLUS_204.69,NVLTSES_wex,0xa00,0,NOTYPE,LOCAL,28
SLUS_204.69,_$NVLTSES_wex,0x4b2400,0,NOTYPE,LOCAL,9
SLUS_204.69,.vu.36,0x4b2400,0,NOTYPE,LOCAL,9
SLUS_204.69,NVLTSES_nmsk,0xa30,0,NOTYPE,LOCAL,28
SLUS_204.69,_$NVLTSES_nmsk,0x4b2430,0,NOTYPE,LOCAL,9
SLUS_204.69,.vu.37,0x4b2430,0,NOTYPE,LOCAL,9
SLUS_204.69,NVLTSES_lp0,0xbf0,0,NOTYPE,LOCAL,28
SLUS_204.69,_$NVLTSES_lp0,0x4b25f0,0,NOTYPE,LOCAL,9
SLUS_204.69,.vu.38,0x4b25f0,0,NOTYPE,LOCAL,9
SLUS_204.69,NVLTSES_kick,0xce0,0,NOTYPE,LOCAL,28
SLUS_204.69,_$NVLTSES_kick,0x4b26e0,0,NOTYPE,LOCAL,9
SLUS_204.69,.vu.39,0x4b26e0,0,NOTYPE,LOCAL,9
SLUS_204.69,_$NewVu1LightTexSpecEnvFaceStrip,0x4b26f0,0,NOTYPE,LOCAL,9
SLUS_204.69,.vu.40,0x4b26f0,0,NOTYPE,LOCAL,9
SLUS_204.69,_$NewVu1LightTexSpecEnvBackStrip,0x4b2728,0,NOTYPE,LOCAL,9
SLUS_204.69,.vu.41,0x4b2728,0,NOTYPE,LOCAL,9
SLUS_204.69,_$NewVu1LightTexMultiSpecEnvStrip,0x4b2760,0,NOTYPE,LOCAL,9
SLUS_204.69,.vu.42,0x4b2760,0,NOTYPE,LOCAL,9
SLUS_204.69,NVLTMSES_StripLoop,0xd80,0,NOTYPE,LOCAL,28
SLUS_204.69,_$NVLTMSES_StripLoop,0x4b2780,0,NOTYPE,LOCAL,9
SLUS_204.69,.vu.43,0x4b2780,0,NOTYPE,LOCAL,9
SLUS_204.69,NVLTMSES_Pointloop,0xe60,0,NOTYPE,LOCAL,28
SLUS_204.69,_$NVLTMSES_Pointloop,0x4b2860,0,NOTYPE,LOCAL,9
SLUS_204.69,.vu.44,0x4b2860,0,NOTYPE,LOCAL,9
SLUS_204.69,NVLTMSES_wlp,0xe68,0,NOTYPE,LOCAL,28
SLUS_204.69,_$NVLTMSES_wlp,0x4b2868,0,NOTYPE,LOCAL,9
SLUS_204.69,.vu.45,0x4b2868,0,NOTYPE,LOCAL,9
SLUS_204.69,NVLTMSES_wex,0xec8,0,NOTYPE,LOCAL,28
SLUS_204.69,_$NVLTMSES_wex,0x4b28c8,0,NOTYPE,LOCAL,9
SLUS_204.69,.vu.46,0x4b28c8,0,NOTYPE,LOCAL,9
SLUS_204.69,NVLTMSES_nmsk,0xef8,0,NOTYPE,LOCAL,28
SLUS_204.69,_$NVLTMSES_nmsk,0x4b28f8,0,NOTYPE,LOCAL,9
SLUS_204.69,.vu.47,0x4b28f8,0,NOTYPE,LOCAL,9
SLUS_204.69,.vif.48,0x4b2a00,0,NOTYPE,LOCAL,9
SLUS_204.69,__start_.DVP.overlay..unknvma.399847435.684.2,0x1000,0,NOTYPE,LOCAL,29
SLUS_204.69,.vu.51,0x4b2a08,0,NOTYPE,LOCAL,9
SLUS_204.69,NVLTMSES_lp0,0x10c0,0,NOTYPE,LOCAL,29
SLUS_204.69,_$NVLTMSES_lp0,0x4b2ac8,0,NOTYPE,LOCAL,9
SLUS_204.69,.vu.52,0x4b2ac8,0,NOTYPE,LOCAL,9
SLUS_204.69,NVLTMSES_kick,0x1198,0,NOTYPE,LOCAL,29
SLUS_204.69,_$NVLTMSES_kick,0x4b2ba0,0,NOTYPE,LOCAL,9
SLUS_204.69,.vu.53,0x4b2ba0,0,NOTYPE,LOCAL,9
SLUS_204.69,_$NewVu1LightTexMultiSpecEnvFaceStrip,0x4b2bc0,0,NOTYPE,LOCAL,9
SLUS_204.69,.vu.54,0x4b2bc0,0,NOTYPE,LOCAL,9
SLUS_204.69,_$NewVu1LightTexMultiSpecEnvBackStrip,0x4b2bf8,0,NOTYPE,LOCAL,9
SLUS_204.69,.vu.55,0x4b2bf8,0,NOTYPE,LOCAL,9
SLUS_204.69,_$NewVu1LightTexReflSpecEnvStrip,0x4b2c30,0,NOTYPE,LOCAL,9
SLUS_204.69,.vu.56,0x4b2c30,0,NOTYPE,LOCAL,9
SLUS_204.69,NVLTRSES_StripLoop,0x1248,0,NOTYPE,LOCAL,29
SLUS_204.69,_$NVLTRSES_StripLoop,0x4b2c50,0,NOTYPE,LOCAL,9
SLUS_204.69,.vu.57,0x4b2c50,0,NOTYPE,LOCAL,9
SLUS_204.69,NVLTRSES_Pointloop,0x1328,0,NOTYPE,LOCAL,29
SLUS_204.69,_$NVLTRSES_Pointloop,0x4b2d30,0,NOTYPE,LOCAL,9
SLUS_204.69,.vu.58,0x4b2d30,0,NOTYPE,LOCAL,9
SLUS_204.69,NVLTRSES_wlp,0x1330,0,NOTYPE,LOCAL,29
SLUS_204.69,_$NVLTRSES_wlp,0x4b2d38,0,NOTYPE,LOCAL,9
SLUS_204.69,.vu.59,0x4b2d38,0,NOTYPE,LOCAL,9
SLUS_204.69,NVLTRSES_wex,0x1390,0,NOTYPE,LOCAL,29
SLUS_204.69,_$NVLTRSES_wex,0x4b2d98,0,NOTYPE,LOCAL,9
SLUS_204.69,.vu.60,0x4b2d98,0,NOTYPE,LOCAL,9
SLUS_204.69,NVLTRSES_nmsk,0x13c0,0,NOTYPE,LOCAL,29
SLUS_204.69,_$NVLTRSES_nmsk,0x4b2dc8,0,NOTYPE,LOCAL,9
SLUS_204.69,.vu.61,0x4b2dc8,0,NOTYPE,LOCAL,9
SLUS_204.69,NVLTRSES_lp0,0x15a0,0,NOTYPE,LOCAL,29
SLUS_204.69,_$NVLTRSES_lp0,0x4b2fa8,0,NOTYPE,LOCAL,9
SLUS_204.69,.vu.62,0x4b2fa8,0,NOTYPE,LOCAL,9
SLUS_204.69,NVLTRSES_kick,0x16b8,0,NOTYPE,LOCAL,29
SLUS_204.69,_$NVLTRSES_kick,0x4b30c0,0,NOTYPE,LOCAL,9
SLUS_204.69,.vu.63,0x4b30c0,0,NOTYPE,LOCAL,9
SLUS_204.69,_$NewVu1LightTexReflSpecEnvFaceStrip,0x4b3128,0,NOTYPE,LOCAL,9
SLUS_204.69,.vu.64,0x4b3128,0,NOTYPE,LOCAL,9
SLUS_204.69,_$NewVu1LightTexReflSpecEnvBackStrip,0x4b3160,0,NOTYPE,LOCAL,9
SLUS_204.69,.vu.65,0x4b3160,0,NOTYPE,LOCAL,9
SLUS_204.69,_$NewVu1LightTexEnvStrip1,0x4b3198,0,NOTYPE,LOCAL,9
SLUS_204.69,.vu.66,0x4b3198,0,NOTYPE,LOCAL,9
SLUS_204.69,NVLTES_StripLoop1,0x17b0,0,NOTYPE,LOCAL,29
SLUS_204.69,_$NVLTES_StripLoop1,0x4b31b8,0,NOTYPE,LOCAL,9
SLUS_204.69,.vu.67,0x4b31b8,0,NOTYPE,LOCAL,9
SLUS_204.69,.vif.68,0x4b3208,0,NOTYPE,LOCAL,9
SLUS_204.69,__start_.DVP.overlay..unknvma.399847435.960.3,0x1800,0,NOTYPE,LOCAL,30
SLUS_204.69,.vu.71,0x4b3210,0,NOTYPE,LOCAL,9
SLUS_204.69,NVLTES_Pointloop1,0x1840,0,NOTYPE,LOCAL,30
SLUS_204.69,_$NVLTES_Pointloop1,0x4b3250,0,NOTYPE,LOCAL,9
SLUS_204.69,.vu.72,0x4b3250,0,NOTYPE,LOCAL,9
SLUS_204.69,NVLTES_nmsk1,0x18b0,0,NOTYPE,LOCAL,30
SLUS_204.69,_$NVLTES_nmsk1,0x4b32c0,0,NOTYPE,LOCAL,9
SLUS_204.69,.vu.73,0x4b32c0,0,NOTYPE,LOCAL,9
SLUS_204.69,NVLTES_kick1,0x1a08,0,NOTYPE,LOCAL,30
SLUS_204.69,_$NVLTES_kick1,0x4b3418,0,NOTYPE,LOCAL,9
SLUS_204.69,.vu.74,0x4b3418,0,NOTYPE,LOCAL,9
SLUS_204.69,_$NewVu1LightTexEnvFaceStrip1,0x4b3428,0,NOTYPE,LOCAL,9
SLUS_204.69,.vu.75,0x4b3428,0,NOTYPE,LOCAL,9
SLUS_204.69,_$NewVu1LightTexEnvBackStrip1,0x4b3460,0,NOTYPE,LOCAL,9
SLUS_204.69,.vu.76,0x4b3460,0,NOTYPE,LOCAL,9
SLUS_204.69,_$NewVu1LightTexSpecEnvStrip1,0x4b3498,0,NOTYPE,LOCAL,9
SLUS_204.69,.vu.77,0x4b3498,0,NOTYPE,LOCAL,9
SLUS_204.69,NVLTSES_StripLoop1,0x1aa8,0,NOTYPE,LOCAL,30
SLUS_204.69,_$NVLTSES_StripLoop1,0x4b34b8,0,NOTYPE,LOCAL,9
SLUS_204.69,.vu.78,0x4b34b8,0,NOTYPE,LOCAL,9
SLUS_204.69,NVLTSES_Pointloop1,0x1b20,0,NOTYPE,LOCAL,30
SLUS_204.69,_$NVLTSES_Pointloop1,0x4b3530,0,NOTYPE,LOCAL,9
SLUS_204.69,.vu.79,0x4b3530,0,NOTYPE,LOCAL,9
SLUS_204.69,NVLTSES_nmsk1,0x1b90,0,NOTYPE,LOCAL,30
SLUS_204.69,_$NVLTSES_nmsk1,0x4b35a0,0,NOTYPE,LOCAL,9
SLUS_204.69,.vu.80,0x4b35a0,0,NOTYPE,LOCAL,9
SLUS_204.69,NVLTSES_lp1,0x1d50,0,NOTYPE,LOCAL,30
SLUS_204.69,_$NVLTSES_lp1,0x4b3760,0,NOTYPE,LOCAL,9
SLUS_204.69,.vu.81,0x4b3760,0,NOTYPE,LOCAL,9
SLUS_204.69,NVLTSES_kick1,0x1e40,0,NOTYPE,LOCAL,30
SLUS_204.69,_$NVLTSES_kick1,0x4b3850,0,NOTYPE,LOCAL,9
SLUS_204.69,.vu.82,0x4b3850,0,NOTYPE,LOCAL,9
SLUS_204.69,_$NewVu1LightTexSpecEnvFaceStrip1,0x4b3860,0,NOTYPE,LOCAL,9
SLUS_204.69,.vu.83,0x4b3860,0,NOTYPE,LOCAL,9
SLUS_204.69,_$NewVu1LightTexSpecEnvBackStrip1,0x4b3898,0,NOTYPE,LOCAL,9
SLUS_204.69,.vu.84,0x4b3898,0,NOTYPE,LOCAL,9
SLUS_204.69,_$NewVu1LightTexMultiSpecEnvStrip1,0x4b38d0,0,NOTYPE,LOCAL,9
SLUS_204.69,.vu.85,0x4b38d0,0,NOTYPE,LOCAL,9
SLUS_204.69,NVLTMSES_StripLoop1,0x1ee0,0,NOTYPE,LOCAL,30
SLUS_204.69,_$NVLTMSES_StripLoop1,0x4b38f0,0,NOTYPE,LOCAL,9
SLUS_204.69,.vu.86,0x4b38f0,0,NOTYPE,LOCAL,9
SLUS_204.69,NVLTMSES_Pointloop1,0x1f98,0,NOTYPE,LOCAL,30
SLUS_204.69,_$NVLTMSES_Pointloop1,0x4b39a8,0,NOTYPE,LOCAL,9
SLUS_204.69,.vu.87,0x4b39a8,0,NOTYPE,LOCAL,9
SLUS_204.69,NVLTMSES_nmsk1,0x2008,0,NOTYPE,LOCAL,31
SLUS_204.69,.vif.88,0x4b3a10,0,NOTYPE,LOCAL,9
SLUS_204.69,__start_.DVP.overlay..unknvma.399847435.1249.4,0x2000,0,NOTYPE,LOCAL,31
SLUS_204.69,.vu.91,0x4b3a18,0,NOTYPE,LOCAL,9
SLUS_204.69,_$NVLTMSES_nmsk1,0x4b3a20,0,NOTYPE,LOCAL,9
SLUS_204.69,.vu.92,0x4b3a20,0,NOTYPE,LOCAL,9
SLUS_204.69,NVLTMSES_lp1,0x21d0,0,NOTYPE,LOCAL,31
SLUS_204.69,_$NVLTMSES_lp1,0x4b3be8,0,NOTYPE,LOCAL,9
SLUS_204.69,.vu.93,0x4b3be8,0,NOTYPE,LOCAL,9
SLUS_204.69,NVLTMSES_kick1,0x22a8,0,NOTYPE,LOCAL,31
SLUS_204.69,_$NVLTMSES_kick1,0x4b3cc0,0,NOTYPE,LOCAL,9
SLUS_204.69,.vu.94,0x4b3cc0,0,NOTYPE,LOCAL,9
SLUS_204.69,_$NewVu1LightTexMultiSpecEnvFaceStrip1,0x4b3ce0,0,NOTYPE,LOCAL,9
SLUS_204.69,.vu.95,0x4b3ce0,0,NOTYPE,LOCAL,9
SLUS_204.69,_$NewVu1LightTexMultiSpecEnvBackStrip1,0x4b3d18,0,NOTYPE,LOCAL,9
SLUS_204.69,.vu.96,0x4b3d18,0,NOTYPE,LOCAL,9
SLUS_204.69,_$NewVu1LightTexReflSpecEnvStrip1,0x4b3d50,0,NOTYPE,LOCAL,9
SLUS_204.69,.vu.97,0x4b3d50,0,NOTYPE,LOCAL,9
SLUS_204.69,NVLTRSES_StripLoop1,0x2358,0,NOTYPE,LOCAL,31
SLUS_204.69,_$NVLTRSES_StripLoop1,0x4b3d70,0,NOTYPE,LOCAL,9
SLUS_204.69,.vu.98,0x4b3d70,0,NOTYPE,LOCAL,9
SLUS_204.69,NVLTRSES_Pointloop1,0x2410,0,NOTYPE,LOCAL,31
SLUS_204.69,_$NVLTRSES_Pointloop1,0x4b3e28,0,NOTYPE,LOCAL,9
SLUS_204.69,.vu.99,0x4b3e28,0,NOTYPE,LOCAL,9
SLUS_204.69,NVLTRSES_nmsk1,0x2480,0,NOTYPE,LOCAL,31
SLUS_204.69,_$NVLTRSES_nmsk1,0x4b3e98,0,NOTYPE,LOCAL,9
SLUS_204.69,.vu.100,0x4b3e98,0,NOTYPE,LOCAL,9
SLUS_204.69,NVLTRSES_lp1,0x2660,0,NOTYPE,LOCAL,31
SLUS_204.69,_$NVLTRSES_lp1,0x4b4078,0,NOTYPE,LOCAL,9
SLUS_204.69,.vu.101,0x4b4078,0,NOTYPE,LOCAL,9
SLUS_204.69,NVLTRSES_kick1,0x2778,0,NOTYPE,LOCAL,31
SLUS_204.69,_$NVLTRSES_kick1,0x4b4190,0,NOTYPE,LOCAL,9
SLUS_204.69,.vu.102,0x4b4190,0,NOTYPE,LOCAL,9
SLUS_204.69,_$NewVu1LightTexReflSpecEnvFaceStrip1,0x4b41f8,0,NOTYPE,LOCAL,9
SLUS_204.69,.vu.103,0x4b41f8,0,NOTYPE,LOCAL,9
SLUS_204.69,.vif.104,0x4b4218,0,NOTYPE,LOCAL,9
SLUS_204.69,__start_.DVP.overlay..unknvma.399847435.1526.5,0x2800,0,NOTYPE,LOCAL,32
SLUS_204.69,.vu.107,0x4b4220,0,NOTYPE,LOCAL,9
SLUS_204.69,_$NewVu1LightTexReflSpecEnvBackStrip1,0x4b4238,0,NOTYPE,LOCAL,9
SLUS_204.69,.vu.108,0x4b4238,0,NOTYPE,LOCAL,9
SLUS_204.69,_$NewVu1LightTexEnvStrip2,0x4b4270,0,NOTYPE,LOCAL,9
SLUS_204.69,.vu.109,0x4b4270,0,NOTYPE,LOCAL,9
SLUS_204.69,NVLTES2_StripLoop,0x2870,0,NOTYPE,LOCAL,32
SLUS_204.69,_$NVLTES2_StripLoop,0x4b4290,0,NOTYPE,LOCAL,9
SLUS_204.69,.vu.110,0x4b4290,0,NOTYPE,LOCAL,9
SLUS_204.69,NVLTES2_Pointloop,0x2978,0,NOTYPE,LOCAL,32
SLUS_204.69,_$NVLTES2_Pointloop,0x4b4398,0,NOTYPE,LOCAL,9
SLUS_204.69,.vu.111,0x4b4398,0,NOTYPE,LOCAL,9
SLUS_204.69,NVLTES2_nmsk,0x29b8,0,NOTYPE,LOCAL,32
SLUS_204.69,_$NVLTES2_nmsk,0x4b43d8,0,NOTYPE,LOCAL,9
SLUS_204.69,.vu.112,0x4b43d8,0,NOTYPE,LOCAL,9
SLUS_204.69,NVLTES2_kick,0x2b68,0,NOTYPE,LOCAL,32
SLUS_204.69,_$NVLTES2_kick,0x4b4588,0,NOTYPE,LOCAL,9
SLUS_204.69,.vu.113,0x4b4588,0,NOTYPE,LOCAL,9
SLUS_204.69,_$NewVu1LightTexEnvFaceStrip2,0x4b4598,0,NOTYPE,LOCAL,9
SLUS_204.69,.vu.114,0x4b4598,0,NOTYPE,LOCAL,9
SLUS_204.69,_$NewVu1LightTexEnvBackStrip2,0x4b45d0,0,NOTYPE,LOCAL,9
SLUS_204.69,.vu.115,0x4b45d0,0,NOTYPE,LOCAL,9
SLUS_204.69,_$NewVu1LightTexSpecEnvStrip2,0x4b4608,0,NOTYPE,LOCAL,9
SLUS_204.69,.vu.116,0x4b4608,0,NOTYPE,LOCAL,9
SLUS_204.69,NVLTSES_StripLoop2,0x2c08,0,NOTYPE,LOCAL,32
SLUS_204.69,_$NVLTSES_StripLoop2,0x4b4628,0,NOTYPE,LOCAL,9
SLUS_204.69,.vu.117,0x4b4628,0,NOTYPE,LOCAL,9
SLUS_204.69,NVLTSES_Pointloop2,0x2c90,0,NOTYPE,LOCAL,32
SLUS_204.69,_$NVLTSES_Pointloop2,0x4b46b0,0,NOTYPE,LOCAL,9
SLUS_204.69,.vu.118,0x4b46b0,0,NOTYPE,LOCAL,9
SLUS_204.69,NVLTSES_wlp2,0x2c98,0,NOTYPE,LOCAL,32
SLUS_204.69,_$NVLTSES_wlp2,0x4b46b8,0,NOTYPE,LOCAL,9
SLUS_204.69,.vu.119,0x4b46b8,0,NOTYPE,LOCAL,9
SLUS_204.69,NVLTSES_wex2,0x2cf8,0,NOTYPE,LOCAL,32
SLUS_204.69,_$NVLTSES_wex2,0x4b4718,0,NOTYPE,LOCAL,9
SLUS_204.69,.vu.120,0x4b4718,0,NOTYPE,LOCAL,9
SLUS_204.69,NVLTSES_nmsk2,0x2d28,0,NOTYPE,LOCAL,32
SLUS_204.69,_$NVLTSES_nmsk2,0x4b4748,0,NOTYPE,LOCAL,9
SLUS_204.69,.vu.121,0x4b4748,0,NOTYPE,LOCAL,9
SLUS_204.69,NVLTSES_lp2,0x2ee8,0,NOTYPE,LOCAL,32
SLUS_204.69,_$NVLTSES_lp2,0x4b4908,0,NOTYPE,LOCAL,9
SLUS_204.69,.vu.122,0x4b4908,0,NOTYPE,LOCAL,9
SLUS_204.69,NVLTSES_kick2,0x2fd8,0,NOTYPE,LOCAL,32
SLUS_204.69,_$NVLTSES_kick2,0x4b49f8,0,NOTYPE,LOCAL,9
SLUS_204.69,.vu.123,0x4b49f8,0,NOTYPE,LOCAL,9
SLUS_204.69,_$NewVu1LightTexSpecEnvFaceStrip2,0x4b4a08,0,NOTYPE,LOCAL,9
SLUS_204.69,.vu.124,0x4b4a08,0,NOTYPE,LOCAL,9
SLUS_204.69,.vif.125,0x4b4a20,0,NOTYPE,LOCAL,9
SLUS_204.69,__start_.DVP.overlay..unknvma.399847435.1798.6,0x3000,0,NOTYPE,LOCAL,33
SLUS_204.69,.vu.128,0x4b4a28,0,NOTYPE,LOCAL,9
SLUS_204.69,_$NewVu1LightTexSpecEnvBackStrip2,0x4b4a48,0,NOTYPE,LOCAL,9
SLUS_204.69,.vu.129,0x4b4a48,0,NOTYPE,LOCAL,9
SLUS_204.69,_$NewVu1LightTexMultiSpecEnvStrip2,0x4b4a80,0,NOTYPE,LOCAL,9
SLUS_204.69,.vu.130,0x4b4a80,0,NOTYPE,LOCAL,9
SLUS_204.69,NVLTMSES_StripLoop2,0x3078,0,NOTYPE,LOCAL,33
SLUS_204.69,_$NVLTMSES_StripLoop2,0x4b4aa0,0,NOTYPE,LOCAL,9
SLUS_204.69,.vu.131,0x4b4aa0,0,NOTYPE,LOCAL,9
SLUS_204.69,NVLTMSES_Pointloop2,0x3148,0,NOTYPE,LOCAL,33
SLUS_204.69,_$NVLTMSES_Pointloop2,0x4b4b70,0,NOTYPE,LOCAL,9
SLUS_204.69,.vu.132,0x4b4b70,0,NOTYPE,LOCAL,9
SLUS_204.69,NVLTMSES_wlp2,0x3150,0,NOTYPE,LOCAL,33
SLUS_204.69,_$NVLTMSES_wlp2,0x4b4b78,0,NOTYPE,LOCAL,9
SLUS_204.69,.vu.133,0x4b4b78,0,NOTYPE,LOCAL,9
SLUS_204.69,NVLTMSES_wex2,0x31b0,0,NOTYPE,LOCAL,33
SLUS_204.69,_$NVLTMSES_wex2,0x4b4bd8,0,NOTYPE,LOCAL,9
SLUS_204.69,.vu.134,0x4b4bd8,0,NOTYPE,LOCAL,9
SLUS_204.69,NVLTMSES_nmsk2,0x31e0,0,NOTYPE,LOCAL,33
SLUS_204.69,_$NVLTMSES_nmsk2,0x4b4c08,0,NOTYPE,LOCAL,9
SLUS_204.69,.vu.135,0x4b4c08,0,NOTYPE,LOCAL,9
SLUS_204.69,NVLTMSES_lp2,0x33a8,0,NOTYPE,LOCAL,33
SLUS_204.69,_$NVLTMSES_lp2,0x4b4dd0,0,NOTYPE,LOCAL,9
SLUS_204.69,.vu.136,0x4b4dd0,0,NOTYPE,LOCAL,9
SLUS_204.69,NVLTMSES_kick2,0x3480,0,NOTYPE,LOCAL,33
SLUS_204.69,_$NVLTMSES_kick2,0x4b4ea8,0,NOTYPE,LOCAL,9
SLUS_204.69,.vu.137,0x4b4ea8,0,NOTYPE,LOCAL,9
SLUS_204.69,_$NewVu1LightTexMultiSpecEnvFaceStrip2,0x4b4ec8,0,NOTYPE,LOCAL,9
SLUS_204.69,.vu.138,0x4b4ec8,0,NOTYPE,LOCAL,9
SLUS_204.69,_$NewVu1LightTexMultiSpecEnvBackStrip2,0x4b4f00,0,NOTYPE,LOCAL,9
SLUS_204.69,.vu.139,0x4b4f00,0,NOTYPE,LOCAL,9
SLUS_204.69,_$NewVu1LightTexReflSpecEnvStrip2,0x4b4f38,0,NOTYPE,LOCAL,9
SLUS_204.69,.vu.140,0x4b4f38,0,NOTYPE,LOCAL,9
SLUS_204.69,NVLTRSES_StripLoop2,0x3530,0,NOTYPE,LOCAL,33
SLUS_204.69,_$NVLTRSES_StripLoop2,0x4b4f58,0,NOTYPE,LOCAL,9
SLUS_204.69,.vu.141,0x4b4f58,0,NOTYPE,LOCAL,9
SLUS_204.69,NVLTRSES_Pointloop2,0x3600,0,NOTYPE,LOCAL,33
SLUS_204.69,_$NVLTRSES_Pointloop2,0x4b5028,0,NOTYPE,LOCAL,9
SLUS_204.69,.vu.142,0x4b5028,0,NOTYPE,LOCAL,9
SLUS_204.69,NVLTRSES_wlp2,0x3608,0,NOTYPE,LOCAL,33
SLUS_204.69,_$NVLTRSES_wlp2,0x4b5030,0,NOTYPE,LOCAL,9
SLUS_204.69,.vu.143,0x4b5030,0,NOTYPE,LOCAL,9
SLUS_204.69,NVLTRSES_wex2,0x3668,0,NOTYPE,LOCAL,33
SLUS_204.69,_$NVLTRSES_wex2,0x4b5090,0,NOTYPE,LOCAL,9
SLUS_204.69,.vu.144,0x4b5090,0,NOTYPE,LOCAL,9
SLUS_204.69,NVLTRSES_nmsk2,0x3698,0,NOTYPE,LOCAL,33
SLUS_204.69,_$NVLTRSES_nmsk2,0x4b50c0,0,NOTYPE,LOCAL,9
SLUS_204.69,.vu.145,0x4b50c0,0,NOTYPE,LOCAL,9
SLUS_204.69,.vif.146,0x4b5228,0,NOTYPE,LOCAL,9
SLUS_204.69,__start_.DVP.overlay..unknvma.399847435.2084.7,0x3800,0,NOTYPE,LOCAL,34
SLUS_204.69,.vu.149,0x4b5230,0,NOTYPE,LOCAL,9
SLUS_204.69,NVLTRSES_lp2,0x3878,0,NOTYPE,LOCAL,34
SLUS_204.69,_$NVLTRSES_lp2,0x4b52a8,0,NOTYPE,LOCAL,9
SLUS_204.69,.vu.150,0x4b52a8,0,NOTYPE,LOCAL,9
SLUS_204.69,NVLTRSES_kick2,0x3990,0,NOTYPE,LOCAL,34
SLUS_204.69,_$NVLTRSES_kick2,0x4b53c0,0,NOTYPE,LOCAL,9
SLUS_204.69,.vu.151,0x4b53c0,0,NOTYPE,LOCAL,9
SLUS_204.69,_$NewVu1LightTexReflSpecEnvFaceStrip2,0x4b5428,0,NOTYPE,LOCAL,9
SLUS_204.69,.vu.152,0x4b5428,0,NOTYPE,LOCAL,9
SLUS_204.69,_$NewVu1LightTexReflSpecEnvBackStrip2,0x4b5460,0,NOTYPE,LOCAL,9
SLUS_204.69,.vu.153,0x4b5460,0,NOTYPE,LOCAL,9
SLUS_204.69,.vif.154,0x4b5498,0,NOTYPE,LOCAL,9
SLUS_204.69,CurrentOffset,0x400,0,NOTYPE,LOCAL,65521
SLUS_204.69,NewVu1Mem0_Top,0x0,0,NOTYPE,LOCAL,65521
SLUS_204.69,NewVu1Mem0_End,0xf3,0,NOTYPE,LOCAL,65521
SLUS_204.69,NewVu1Mem1_Top,0x16e,0,NOTYPE,LOCAL,65521
SLUS_204.69,NewVu1Mem1_End,0x287,0,NOTYPE,LOCAL,65521
SLUS_204.69,NewVu1MemMatrix,0x2dc,0,NOTYPE,LOCAL,65521
SLUS_204.69,NewVu1MemIndex,0x2e0,0,NOTYPE,LOCAL,65521
SLUS_204.69,NewVu1MemTransMatrix,0x3c2,0,NOTYPE,LOCAL,65521
SLUS_204.69,NewVu1MemScreenScale,0x3c6,0,NOTYPE,LOCAL,65521
SLUS_204.69,NewVu1MemScreenTrans,0x3c7,0,NOTYPE,LOCAL,65521
SLUS_204.69,NewVu1MemAmbient,0x3c8,0,NOTYPE,LOCAL,65521
SLUS_204.69,NewVu1MemTexRate,0x3c9,0,NOTYPE,LOCAL,65521
SLUS_204.69,NewVu1MemSpecular,0x3ca,0,NOTYPE,LOCAL,65521
SLUS_204.69,NewVu1MemMultiCol,0x3cb,0,NOTYPE,LOCAL,65521
SLUS_204.69,NewVu1MeminTexOffset,0x3cc,0,NOTYPE,LOCAL,65521
SLUS_204.69,NewVu1MemLightNormal,0x3cd,0,NOTYPE,LOCAL,65521
SLUS_204.69,NewVu1MemCamPos,0x3d0,0,NOTYPE,LOCAL,65521
SLUS_204.69,NewVu1MemLightColor,0x3d1,0,NOTYPE,LOCAL,65521
SLUS_204.69,NewVu1MemGsKick,0x3d5,0,NOTYPE,LOCAL,65521
SLUS_204.69,NewVu1MemReflGsKick0,0x3d5,0,NOTYPE,LOCAL,65521
SLUS_204.69,NewVu1MemReflGsKick1,0x3da,0,NOTYPE,LOCAL,65521
SLUS_204.69,NewVu1MemStripBuf,0x3df,0,NOTYPE,LOCAL,65521
SLUS_204.69,NewVu1MemStripPtr,0x3e3,0,NOTYPE,LOCAL,65521
SLUS_204.69,NewVu1MemPointBuf,0x3e4,0,NOTYPE,LOCAL,65521
SLUS_204.69,NewVu1MemFogRate,0x3e6,0,NOTYPE,LOCAL,65521
SLUS_204.69,NewVu1MemClipVal,0x3e7,0,NOTYPE,LOCAL,65521
SLUS_204.69,NewVu1MemPC,0x3e9,0,NOTYPE,LOCAL,65521
SLUS_204.69,NewVu1MemReflRot,0x3ec,0,NOTYPE,LOCAL,65521
SLUS_204.69,NewVu1MemFogPara,0x3ef,0,NOTYPE,LOCAL,65521
SLUS_204.69,NewVu1MemExponent,0x3f0,0,NOTYPE,LOCAL,65521
SLUS_204.69,NewVu1MemReflCol,0x3f1,0,NOTYPE,LOCAL,65521
SLUS_204.69,NewVu1MemGifTagRefl,0x3f2,0,NOTYPE,LOCAL,65521
SLUS_204.69,NewVu1MemGifTag,0x3f3,0,NOTYPE,LOCAL,65521
SLUS_204.69,NewVu1MemGifTagSpecular,0x3f4,0,NOTYPE,LOCAL,65521
SLUS_204.69,NewVu1MemReverseValF_0,0x3f5,0,NOTYPE,LOCAL,65521
SLUS_204.69,NewVu1MemReverseValB_0,0x3f6,0,NOTYPE,LOCAL,65521
SLUS_204.69,NewVu1MemReverseValF_1,0x3f7,0,NOTYPE,LOCAL,65521
SLUS_204.69,NewVu1MemReverseValB_1,0x3f8,0,NOTYPE,LOCAL,65521
SLUS_204.69,NewVu1MemPoint,0x3f5,0,NOTYPE,LOCAL,65521
SLUS_204.69,NewVu1MemBufWork,0x3f9,0,NOTYPE,LOCAL,65521
SLUS_204.69,NewVu1MemBasGif,0x3fa,0,NOTYPE,LOCAL,65521
SLUS_204.69,NewVu1MemTestBas,0x3fb,0,NOTYPE,LOCAL,65521
SLUS_204.69,NewVu1MemZbufBas,0x3fc,0,NOTYPE,LOCAL,65521
SLUS_204.69,NewVu1MemOrgGif,0x3fd,0,NOTYPE,LOCAL,65521
SLUS_204.69,NewVu1MemTestOrg,0x3fe,0,NOTYPE,LOCAL,65521
SLUS_204.69,NewVu1MemZbufOrg,0x3ff,0,NOTYPE,LOCAL,65521
SLUS_204.69,NewVu1MemDblBufBase,0x0,0,NOTYPE,LOCAL,65521
SLUS_204.69,NewVu1MemDblBufOffset,0x16e,0,NOTYPE,LOCAL,65521
SLUS_204.69,PacketBottomNewVu1ProMicroCode,0x4b6f70,0,NOTYPE,LOCAL,9
SLUS_204.69,NewVu1ProMicroCodeStart,0x0,0,NOTYPE,LOCAL,35
SLUS_204.69,.vif.0,0x4b54b0,0,NOTYPE,LOCAL,9
SLUS_204.69,__start_.DVP.overlay..0x0.13547779.19.0,0x0,0,NOTYPE,LOCAL,35
SLUS_204.69,_$NewVu1ProMicroCodeStart,0x4b54b8,0,NOTYPE,LOCAL,9
SLUS_204.69,_$NewVu1ProGsKick,0x4b54b8,0,NOTYPE,LOCAL,9
SLUS_204.69,.vu.3,0x4b54b8,0,NOTYPE,LOCAL,9
SLUS_204.69,_$NewVu1ProGsKickWide,0x4b54e0,0,NOTYPE,LOCAL,9
SLUS_204.69,.vu.4,0x4b54e0,0,NOTYPE,LOCAL,9
SLUS_204.69,InitConstantParams,0x50,0,NOTYPE,LOCAL,35
SLUS_204.69,_$InitConstantParams,0x4b5508,0,NOTYPE,LOCAL,9
SLUS_204.69,.vu.5,0x4b5508,0,NOTYPE,LOCAL,9
SLUS_204.69,InitOffsetParams,0x130,0,NOTYPE,LOCAL,35
SLUS_204.69,_$InitOffsetParams,0x4b55e8,0,NOTYPE,LOCAL,9
SLUS_204.69,.vu.6,0x4b55e8,0,NOTYPE,LOCAL,9
SLUS_204.69,IOPC_gsskp,0x230,0,NOTYPE,LOCAL,35
SLUS_204.69,IOPCV_gsold,0x1d8,0,NOTYPE,LOCAL,35
SLUS_204.69,_$IOPCV_gsold,0x4b5690,0,NOTYPE,LOCAL,9
SLUS_204.69,.vu.7,0x4b5690,0,NOTYPE,LOCAL,9
SLUS_204.69,IOCP_gsnm,0x220,0,NOTYPE,LOCAL,35
SLUS_204.69,_$IOCP_gsnm,0x4b56d8,0,NOTYPE,LOCAL,9
SLUS_204.69,.vu.8,0x4b56d8,0,NOTYPE,LOCAL,9
SLUS_204.69,_$IOPC_gsskp,0x4b56e8,0,NOTYPE,LOCAL,9
SLUS_204.69,.vu.9,0x4b56e8,0,NOTYPE,LOCAL,9
SLUS_204.69,IOPWP_ex,0x2f0,0,NOTYPE,LOCAL,35
SLUS_204.69,IOPWP_lp,0x2d0,0,NOTYPE,LOCAL,35
SLUS_204.69,_$IOPWP_lp,0x4b5788,0,NOTYPE,LOCAL,9
SLUS_204.69,.vu.10,0x4b5788,0,NOTYPE,LOCAL,9
SLUS_204.69,_$IOPWP_ex,0x4b57a8,0,NOTYPE,LOCAL,9
SLUS_204.69,.vu.11,0x4b57a8,0,NOTYPE,LOCAL,9
SLUS_204.69,IOPWP_spex,0x3c8,0,NOTYPE,LOCAL,35
SLUS_204.69,IOPWP_splp,0x390,0,NOTYPE,LOCAL,35
SLUS_204.69,_$IOPWP_splp,0x4b5848,0,NOTYPE,LOCAL,9
SLUS_204.69,.vu.12,0x4b5848,0,NOTYPE,LOCAL,9
SLUS_204.69,_$IOPWP_spex,0x4b5880,0,NOTYPE,LOCAL,9
SLUS_204.69,.vu.13,0x4b5880,0,NOTYPE,LOCAL,9
SLUS_204.69,InitOffsetParamsWeight,0x3d8,0,NOTYPE,LOCAL,35
SLUS_204.69,_$InitOffsetParamsWeight,0x4b5890,0,NOTYPE,LOCAL,9
SLUS_204.69,.vu.14,0x4b5890,0,NOTYPE,LOCAL,9
SLUS_204.69,IOPCE_gsskp,0x4d8,0,NOTYPE,LOCAL,35
SLUS_204.69,IOPCE_gsold,0x480,0,NOTYPE,LOCAL,35
SLUS_204.69,_$IOPCE_gsold,0x4b5938,0,NOTYPE,LOCAL,9
SLUS_204.69,.vu.15,0x4b5938,0,NOTYPE,LOCAL,9
SLUS_204.69,IOCPE_gsnm,0x4c8,0,NOTYPE,LOCAL,35
SLUS_204.69,_$IOCPE_gsnm,0x4b5980,0,NOTYPE,LOCAL,9
SLUS_204.69,.vu.16,0x4b5980,0,NOTYPE,LOCAL,9
SLUS_204.69,_$IOPCE_gsskp,0x4b5990,0,NOTYPE,LOCAL,9
SLUS_204.69,.vu.17,0x4b5990,0,NOTYPE,LOCAL,9
SLUS_204.69,IOPW_ex,0x5c0,0,NOTYPE,LOCAL,35
SLUS_204.69,IOPW_lp,0x5a0,0,NOTYPE,LOCAL,35
SLUS_204.69,_$IOPW_lp,0x4b5a58,0,NOTYPE,LOCAL,9
SLUS_204.69,.vu.18,0x4b5a58,0,NOTYPE,LOCAL,9
SLUS_204.69,_$IOPW_ex,0x4b5a78,0,NOTYPE,LOCAL,9
SLUS_204.69,.vu.19,0x4b5a78,0,NOTYPE,LOCAL,9
SLUS_204.69,IOPW_spex,0x6a0,0,NOTYPE,LOCAL,35
SLUS_204.69,IOPW_splp,0x668,0,NOTYPE,LOCAL,35
SLUS_204.69,_$IOPW_splp,0x4b5b20,0,NOTYPE,LOCAL,9
SLUS_204.69,.vu.20,0x4b5b20,0,NOTYPE,LOCAL,9
SLUS_204.69,_$IOPW_spex,0x4b5b58,0,NOTYPE,LOCAL,9
SLUS_204.69,.vu.21,0x4b5b58,0,NOTYPE,LOCAL,9
SLUS_204.69,CalcFaceBackStrip,0x6b8,0,NOTYPE,LOCAL,35
SLUS_204.69,_$CalcFaceBackStrip,0x4b5b70,0,NOTYPE,LOCAL,9
SLUS_204.69,.vu.22,0x4b5b70,0,NOTYPE,LOCAL,9
SLUS_204.69,CFBS_exit,0x7f0,0,NOTYPE,LOCAL,35
SLUS_204.69,OPML_src,0x780,0,NOTYPE,LOCAL,35
SLUS_204.69,OPML_calc,0x790,0,NOTYPE,LOCAL,35
SLUS_204.69,_$OPML_src,0x4b5c38,0,NOTYPE,LOCAL,9
SLUS_204.69,.vu.23,0x4b5c38,0,NOTYPE,LOCAL,9
SLUS_204.69,_$OPML_calc,0x4b5c48,0,NOTYPE,LOCAL,9
SLUS_204.69,.vu.24,0x4b5c48,0,NOTYPE,LOCAL,9
SLUS_204.69,_$CFBS_exit,0x4b5ca8,0,NOTYPE,LOCAL,9
SLUS_204.69,.vu.25,0x4b5ca8,0,NOTYPE,LOCAL,9
SLUS_204.69,InitOffsetParamsColor,0x800,0,NOTYPE,LOCAL,35
SLUS_204.69,_$InitOffsetParamsColor,0x4b5cc0,0,NOTYPE,LOCAL,9
SLUS_204.69,.vif.26,0x4b5cb8,0,NOTYPE,LOCAL,9
SLUS_204.69,__start_.DVP.overlay..unknvma.399870475.395.1,0x800,0,NOTYPE,LOCAL,36
SLUS_204.69,.vu.29,0x4b5cc0,0,NOTYPE,LOCAL,9
SLUS_204.69,_$NewVu1LightTexProStrip,0x4b5d68,0,NOTYPE,LOCAL,9
SLUS_204.69,.vu.30,0x4b5d68,0,NOTYPE,LOCAL,9
SLUS_204.69,NVLTPS_StripLoop,0x8c8,0,NOTYPE,LOCAL,36
SLUS_204.69,_$NVLTPS_StripLoop,0x4b5d88,0,NOTYPE,LOCAL,9
SLUS_204.69,.vu.31,0x4b5d88,0,NOTYPE,LOCAL,9
SLUS_204.69,NVLTPS_Pointloop,0x958,0,NOTYPE,LOCAL,36
SLUS_204.69,_$NVLTPS_Pointloop,0x4b5e18,0,NOTYPE,LOCAL,9
SLUS_204.69,.vu.32,0x4b5e18,0,NOTYPE,LOCAL,9
SLUS_204.69,NVLTPS_wlp,0x960,0,NOTYPE,LOCAL,36
SLUS_204.69,_$NVLTPS_wlp,0x4b5e20,0,NOTYPE,LOCAL,9
SLUS_204.69,.vu.33,0x4b5e20,0,NOTYPE,LOCAL,9
SLUS_204.69,NVLTPS_wex,0x9c0,0,NOTYPE,LOCAL,36
SLUS_204.69,_$NVLTPS_wex,0x4b5e80,0,NOTYPE,LOCAL,9
SLUS_204.69,.vu.34,0x4b5e80,0,NOTYPE,LOCAL,9
SLUS_204.69,_$NewVu1LightTexProFaceStrip,0x4b6008,0,NOTYPE,LOCAL,9
SLUS_204.69,.vu.35,0x4b6008,0,NOTYPE,LOCAL,9
SLUS_204.69,_$NewVu1LightTexProBackStrip,0x4b6040,0,NOTYPE,LOCAL,9
SLUS_204.69,.vu.36,0x4b6040,0,NOTYPE,LOCAL,9
SLUS_204.69,_$NewVu1LightTexProStrip1,0x4b6078,0,NOTYPE,LOCAL,9
SLUS_204.69,.vu.37,0x4b6078,0,NOTYPE,LOCAL,9
SLUS_204.69,NVLTPS1_StripLoop,0xbd8,0,NOTYPE,LOCAL,36
SLUS_204.69,_$NVLTPS1_StripLoop,0x4b6098,0,NOTYPE,LOCAL,9
SLUS_204.69,.vu.38,0x4b6098,0,NOTYPE,LOCAL,9
SLUS_204.69,NVLTPS1_Pointloop,0xc80,0,NOTYPE,LOCAL,36
SLUS_204.69,_$NVLTPS1_Pointloop,0x4b6140,0,NOTYPE,LOCAL,9
SLUS_204.69,.vu.39,0x4b6140,0,NOTYPE,LOCAL,9
SLUS_204.69,_$NewVu1LightTexProFaceStrip1,0x4b62c8,0,NOTYPE,LOCAL,9
SLUS_204.69,.vu.40,0x4b62c8,0,NOTYPE,LOCAL,9
SLUS_204.69,_$NewVu1LightTexProBackStrip1,0x4b6300,0,NOTYPE,LOCAL,9
SLUS_204.69,.vu.41,0x4b6300,0,NOTYPE,LOCAL,9
SLUS_204.69,_$NewVu1LightTexProStrip2,0x4b6338,0,NOTYPE,LOCAL,9
SLUS_204.69,.vu.42,0x4b6338,0,NOTYPE,LOCAL,9
SLUS_204.69,NVLTPS2_StripLoop,0xe98,0,NOTYPE,LOCAL,36
SLUS_204.69,_$NVLTPS2_StripLoop,0x4b6358,0,NOTYPE,LOCAL,9
SLUS_204.69,.vu.43,0x4b6358,0,NOTYPE,LOCAL,9
SLUS_204.69,NVLTPS2_Pointloop,0xf98,0,NOTYPE,LOCAL,36
SLUS_204.69,_$NVLTPS2_Pointloop,0x4b6458,0,NOTYPE,LOCAL,9
SLUS_204.69,.vu.44,0x4b6458,0,NOTYPE,LOCAL,9
SLUS_204.69,.vif.45,0x4b64c0,0,NOTYPE,LOCAL,9
SLUS_204.69,__start_.DVP.overlay..unknvma.399870475.674.2,0x1000,0,NOTYPE,LOCAL,37
SLUS_204.69,.vu.48,0x4b64c8,0,NOTYPE,LOCAL,9
SLUS_204.69,_$NewVu1LightTexProFaceStrip2,0x4b6640,0,NOTYPE,LOCAL,9
SLUS_204.69,.vu.49,0x4b6640,0,NOTYPE,LOCAL,9
SLUS_204.69,_$NewVu1LightTexProBackStrip2,0x4b6678,0,NOTYPE,LOCAL,9
SLUS_204.69,.vu.50,0x4b6678,0,NOTYPE,LOCAL,9
SLUS_204.69,_$NewVu1VertcolTexProStrip,0x4b66b0,0,NOTYPE,LOCAL,9
SLUS_204.69,.vu.51,0x4b66b0,0,NOTYPE,LOCAL,9
SLUS_204.69,NVVTPS_StripLoop,0x1208,0,NOTYPE,LOCAL,37
SLUS_204.69,_$NVVTPS_StripLoop,0x4b66d0,0,NOTYPE,LOCAL,9
SLUS_204.69,.vu.52,0x4b66d0,0,NOTYPE,LOCAL,9
SLUS_204.69,NVVTPS_PointLoop,0x1340,0,NOTYPE,LOCAL,37
SLUS_204.69,_$NVVTPS_PointLoop,0x4b6808,0,NOTYPE,LOCAL,9
SLUS_204.69,.vu.53,0x4b6808,0,NOTYPE,LOCAL,9
SLUS_204.69,_$NewVu1VertcolTexProStripNoShade,0x4b6960,0,NOTYPE,LOCAL,9
SLUS_204.69,.vu.54,0x4b6960,0,NOTYPE,LOCAL,9
SLUS_204.69,NVVTPSNS_StripLoop,0x14b8,0,NOTYPE,LOCAL,37
SLUS_204.69,_$NVVTPSNS_StripLoop,0x4b6980,0,NOTYPE,LOCAL,9
SLUS_204.69,.vu.55,0x4b6980,0,NOTYPE,LOCAL,9
SLUS_204.69,NVVTPSNS_PointLoop,0x1678,0,NOTYPE,LOCAL,37
SLUS_204.69,_$NVVTPSNS_PointLoop,0x4b6b40,0,NOTYPE,LOCAL,9
SLUS_204.69,.vu.56,0x4b6b40,0,NOTYPE,LOCAL,9
SLUS_204.69,.vif.57,0x4b6cc8,0,NOTYPE,LOCAL,9
SLUS_204.69,__start_.DVP.overlay..unknvma.399870475.948.3,0x1800,0,NOTYPE,LOCAL,38
SLUS_204.69,.vu.60,0x4b6cd0,0,NOTYPE,LOCAL,9
SLUS_204.69,_$NewVu1ProStrip,0x4b6d08,0,NOTYPE,LOCAL,9
SLUS_204.69,.vu.61,0x4b6d08,0,NOTYPE,LOCAL,9
SLUS_204.69,NVLTS_StripLoop,0x1858,0,NOTYPE,LOCAL,38
SLUS_204.69,_$NVLTS_StripLoop,0x4b6d28,0,NOTYPE,LOCAL,9
SLUS_204.69,.vu.62,0x4b6d28,0,NOTYPE,LOCAL,9
SLUS_204.69,NVLTS_PointLoop,0x1910,0,NOTYPE,LOCAL,38
SLUS_204.69,_$NVLTS_PointLoop,0x4b6de0,0,NOTYPE,LOCAL,9
SLUS_204.69,.vu.63,0x4b6de0,0,NOTYPE,LOCAL,9
SLUS_204.69,.vif.64,0x4b6f60,0,NOTYPE,LOCAL,9
SLUS_204.69,CurrentOffset,0x400,0,NOTYPE,LOCAL,65521
SLUS_204.69,NewVu1Mem0_Top,0x0,0,NOTYPE,LOCAL,65521
SLUS_204.69,NewVu1Mem0_End,0xf3,0,NOTYPE,LOCAL,65521
SLUS_204.69,NewVu1Mem1_Top,0x16e,0,NOTYPE,LOCAL,65521
SLUS_204.69,NewVu1Mem1_End,0x287,0,NOTYPE,LOCAL,65521
SLUS_204.69,NewVu1MemMatrix,0x2dc,0,NOTYPE,LOCAL,65521
SLUS_204.69,NewVu1MemIndex,0x2e0,0,NOTYPE,LOCAL,65521
SLUS_204.69,NewVu1MemTransMatrix,0x3c2,0,NOTYPE,LOCAL,65521
SLUS_204.69,NewVu1MemScreenScale,0x3c6,0,NOTYPE,LOCAL,65521
SLUS_204.69,NewVu1MemScreenTrans,0x3c7,0,NOTYPE,LOCAL,65521
SLUS_204.69,NewVu1MemAmbient,0x3c8,0,NOTYPE,LOCAL,65521
SLUS_204.69,NewVu1MemTexRate,0x3c9,0,NOTYPE,LOCAL,65521
SLUS_204.69,NewVu1MemSpecular,0x3ca,0,NOTYPE,LOCAL,65521
SLUS_204.69,NewVu1MemMultiCol,0x3cb,0,NOTYPE,LOCAL,65521
SLUS_204.69,NewVu1MeminTexOffset,0x3cc,0,NOTYPE,LOCAL,65521
SLUS_204.69,NewVu1MemLightNormal,0x3cd,0,NOTYPE,LOCAL,65521
SLUS_204.69,NewVu1MemCamPos,0x3d0,0,NOTYPE,LOCAL,65521
SLUS_204.69,NewVu1MemLightColor,0x3d1,0,NOTYPE,LOCAL,65521
SLUS_204.69,NewVu1MemGsKick,0x3d5,0,NOTYPE,LOCAL,65521
SLUS_204.69,NewVu1MemReflGsKick0,0x3d5,0,NOTYPE,LOCAL,65521
SLUS_204.69,NewVu1MemReflGsKick1,0x3da,0,NOTYPE,LOCAL,65521
SLUS_204.69,NewVu1MemStripBuf,0x3df,0,NOTYPE,LOCAL,65521
SLUS_204.69,NewVu1MemStripPtr,0x3e3,0,NOTYPE,LOCAL,65521
SLUS_204.69,NewVu1MemPointBuf,0x3e4,0,NOTYPE,LOCAL,65521
SLUS_204.69,NewVu1MemFogRate,0x3e6,0,NOTYPE,LOCAL,65521
SLUS_204.69,NewVu1MemClipVal,0x3e7,0,NOTYPE,LOCAL,65521
SLUS_204.69,NewVu1MemPC,0x3e9,0,NOTYPE,LOCAL,65521
SLUS_204.69,NewVu1MemReflRot,0x3ec,0,NOTYPE,LOCAL,65521
SLUS_204.69,NewVu1MemFogPara,0x3ef,0,NOTYPE,LOCAL,65521
SLUS_204.69,NewVu1MemExponent,0x3f0,0,NOTYPE,LOCAL,65521
SLUS_204.69,NewVu1MemReflCol,0x3f1,0,NOTYPE,LOCAL,65521
SLUS_204.69,NewVu1MemGifTagRefl,0x3f2,0,NOTYPE,LOCAL,65521
SLUS_204.69,NewVu1MemGifTag,0x3f3,0,NOTYPE,LOCAL,65521
SLUS_204.69,NewVu1MemGifTagSpecular,0x3f4,0,NOTYPE,LOCAL,65521
SLUS_204.69,NewVu1MemReverseValF_0,0x3f5,0,NOTYPE,LOCAL,65521
SLUS_204.69,NewVu1MemReverseValB_0,0x3f6,0,NOTYPE,LOCAL,65521
SLUS_204.69,NewVu1MemReverseValF_1,0x3f7,0,NOTYPE,LOCAL,65521
SLUS_204.69,NewVu1MemReverseValB_1,0x3f8,0,NOTYPE,LOCAL,65521
SLUS_204.69,NewVu1MemPoint,0x3f5,0,NOTYPE,LOCAL,65521
SLUS_204.69,NewVu1MemBufWork,0x3f9,0,NOTYPE,LOCAL,65521
SLUS_204.69,NewVu1MemBasGif,0x3fa,0,NOTYPE,LOCAL,65521
SLUS_204.69,NewVu1MemTestBas,0x3fb,0,NOTYPE,LOCAL,65521
SLUS_204.69,NewVu1MemZbufBas,0x3fc,0,NOTYPE,LOCAL,65521
SLUS_204.69,NewVu1MemOrgGif,0x3fd,0,NOTYPE,LOCAL,65521
SLUS_204.69,NewVu1MemTestOrg,0x3fe,0,NOTYPE,LOCAL,65521
SLUS_204.69,NewVu1MemZbufOrg,0x3ff,0,NOTYPE,LOCAL,65521
SLUS_204.69,NewVu1MemDblBufBase,0x0,0,NOTYPE,LOCAL,65521
SLUS_204.69,NewVu1MemDblBufOffset,0x16e,0,NOTYPE,LOCAL,65521
SLUS_204.69,PacketBottomNewVu1AddMicroCode,0x4b9700,0,NOTYPE,LOCAL,9
SLUS_204.69,NewVu1AddMicroCodeStart,0x0,0,NOTYPE,LOCAL,39
SLUS_204.69,.vif.0,0x4b6f80,0,NOTYPE,LOCAL,9
SLUS_204.69,__start_.DVP.overlay..0x0.13546195.23.0,0x0,0,NOTYPE,LOCAL,39
SLUS_204.69,_$NewVu1AddMicroCodeStart,0x4b6f88,0,NOTYPE,LOCAL,9
SLUS_204.69,_$NewVu1AddGsKick,0x4b6f88,0,NOTYPE,LOCAL,9
SLUS_204.69,.vu.3,0x4b6f88,0,NOTYPE,LOCAL,9
SLUS_204.69,_$NewVu1AddGsKickWide,0x4b6fb0,0,NOTYPE,LOCAL,9
SLUS_204.69,.vu.4,0x4b6fb0,0,NOTYPE,LOCAL,9
SLUS_204.69,InitConstantParams,0x50,0,NOTYPE,LOCAL,39
SLUS_204.69,_$InitConstantParams,0x4b6fd8,0,NOTYPE,LOCAL,9
SLUS_204.69,.vu.5,0x4b6fd8,0,NOTYPE,LOCAL,9
SLUS_204.69,InitOffsetParamsColor,0x120,0,NOTYPE,LOCAL,39
SLUS_204.69,_$InitOffsetParamsColor,0x4b70a8,0,NOTYPE,LOCAL,9
SLUS_204.69,.vu.6,0x4b70a8,0,NOTYPE,LOCAL,9
SLUS_204.69,IOPC_gsskp,0x220,0,NOTYPE,LOCAL,39
SLUS_204.69,IOPC_gsold,0x1c8,0,NOTYPE,LOCAL,39
SLUS_204.69,_$IOPC_gsold,0x4b7150,0,NOTYPE,LOCAL,9
SLUS_204.69,.vu.7,0x4b7150,0,NOTYPE,LOCAL,9
SLUS_204.69,IOCP_gsnm,0x210,0,NOTYPE,LOCAL,39
SLUS_204.69,_$IOCP_gsnm,0x4b7198,0,NOTYPE,LOCAL,9
SLUS_204.69,.vu.8,0x4b7198,0,NOTYPE,LOCAL,9
SLUS_204.69,_$IOPC_gsskp,0x4b71a8,0,NOTYPE,LOCAL,9
SLUS_204.69,.vu.9,0x4b71a8,0,NOTYPE,LOCAL,9
SLUS_204.69,IOPC_lp,0x2c8,0,NOTYPE,LOCAL,39
SLUS_204.69,_$IOPC_lp,0x4b7250,0,NOTYPE,LOCAL,9
SLUS_204.69,.vu.10,0x4b7250,0,NOTYPE,LOCAL,9
SLUS_204.69,IOPC_skp,0x2f0,0,NOTYPE,LOCAL,39
SLUS_204.69,_$IOPC_skp,0x4b7278,0,NOTYPE,LOCAL,9
SLUS_204.69,.vu.11,0x4b7278,0,NOTYPE,LOCAL,9
SLUS_204.69,IVPW_spex,0x3c8,0,NOTYPE,LOCAL,39
SLUS_204.69,IVPW_splp,0x390,0,NOTYPE,LOCAL,39
SLUS_204.69,_$IVPW_splp,0x4b7318,0,NOTYPE,LOCAL,9
SLUS_204.69,.vu.12,0x4b7318,0,NOTYPE,LOCAL,9
SLUS_204.69,_$IVPW_spex,0x4b7350,0,NOTYPE,LOCAL,9
SLUS_204.69,.vu.13,0x4b7350,0,NOTYPE,LOCAL,9
SLUS_204.69,InitOffsetParams,0x3d8,0,NOTYPE,LOCAL,39
SLUS_204.69,_$InitOffsetParams,0x4b7360,0,NOTYPE,LOCAL,9
SLUS_204.69,.vu.14,0x4b7360,0,NOTYPE,LOCAL,9
SLUS_204.69,IOPCV_gsskp,0x4d8,0,NOTYPE,LOCAL,39
SLUS_204.69,IOPCV_gsold,0x480,0,NOTYPE,LOCAL,39
SLUS_204.69,_$IOPCV_gsold,0x4b7408,0,NOTYPE,LOCAL,9
SLUS_204.69,.vu.15,0x4b7408,0,NOTYPE,LOCAL,9
SLUS_204.69,IOCPV_gsnm,0x4c8,0,NOTYPE,LOCAL,39
SLUS_204.69,_$IOCPV_gsnm,0x4b7450,0,NOTYPE,LOCAL,9
SLUS_204.69,.vu.16,0x4b7450,0,NOTYPE,LOCAL,9
SLUS_204.69,_$IOPCV_gsskp,0x4b7460,0,NOTYPE,LOCAL,9
SLUS_204.69,.vu.17,0x4b7460,0,NOTYPE,LOCAL,9
SLUS_204.69,IOPW_ex,0x598,0,NOTYPE,LOCAL,39
SLUS_204.69,IOPW_lp,0x578,0,NOTYPE,LOCAL,39
SLUS_204.69,_$IOPW_lp,0x4b7500,0,NOTYPE,LOCAL,9
SLUS_204.69,.vu.18,0x4b7500,0,NOTYPE,LOCAL,9
SLUS_204.69,_$IOPW_ex,0x4b7520,0,NOTYPE,LOCAL,9
SLUS_204.69,.vu.19,0x4b7520,0,NOTYPE,LOCAL,9
SLUS_204.69,IOPW_spex,0x640,0,NOTYPE,LOCAL,39
SLUS_204.69,IOPW_splp,0x608,0,NOTYPE,LOCAL,39
SLUS_204.69,_$IOPW_splp,0x4b7590,0,NOTYPE,LOCAL,9
SLUS_204.69,.vu.20,0x4b7590,0,NOTYPE,LOCAL,9
SLUS_204.69,_$IOPW_spex,0x4b75c8,0,NOTYPE,LOCAL,9
SLUS_204.69,.vu.21,0x4b75c8,0,NOTYPE,LOCAL,9
SLUS_204.69,CalcPcolor,0x658,0,NOTYPE,LOCAL,39
SLUS_204.69,_$CalcPcolor,0x4b75e0,0,NOTYPE,LOCAL,9
SLUS_204.69,.vu.22,0x4b75e0,0,NOTYPE,LOCAL,9
SLUS_204.69,CalcLambertLightParams,0x7a0,0,NOTYPE,LOCAL,39
SLUS_204.69,_$CalcLambertLightParams,0x4b7728,0,NOTYPE,LOCAL,9
SLUS_204.69,.vu.23,0x4b7728,0,NOTYPE,LOCAL,9
SLUS_204.69,.vif.24,0x4b7788,0,NOTYPE,LOCAL,9
SLUS_204.69,__start_.DVP.overlay..unknvma.399819787.396.1,0x800,0,NOTYPE,LOCAL,40
SLUS_204.69,.vu.27,0x4b7790,0,NOTYPE,LOCAL,9
SLUS_204.69,CalcLambertLightSpecParams,0x878,0,NOTYPE,LOCAL,40
SLUS_204.69,_$CalcLambertLightSpecParams,0x4b7808,0,NOTYPE,LOCAL,9
SLUS_204.69,.vu.28,0x4b7808,0,NOTYPE,LOCAL,9
SLUS_204.69,CLLSP_lp0,0x9e8,0,NOTYPE,LOCAL,40
SLUS_204.69,_$CLLSP_lp0,0x4b7978,0,NOTYPE,LOCAL,9
SLUS_204.69,.vu.29,0x4b7978,0,NOTYPE,LOCAL,9
SLUS_204.69,CalcTranslationFaceParams,0xab0,0,NOTYPE,LOCAL,40
SLUS_204.69,_$CalcTranslationFaceParams,0x4b7a40,0,NOTYPE,LOCAL,9
SLUS_204.69,.vu.30,0x4b7a40,0,NOTYPE,LOCAL,9
SLUS_204.69,CalcTranslationBackParams,0xba8,0,NOTYPE,LOCAL,40
SLUS_204.69,_$CalcTranslationBackParams,0x4b7b38,0,NOTYPE,LOCAL,9
SLUS_204.69,.vu.31,0x4b7b38,0,NOTYPE,LOCAL,9
SLUS_204.69,_$NewVu1AddVertcolTexStrip,0x4b7c30,0,NOTYPE,LOCAL,9
SLUS_204.69,.vu.32,0x4b7c30,0,NOTYPE,LOCAL,9
SLUS_204.69,NVAVTS_StripLoop,0xcc0,0,NOTYPE,LOCAL,40
SLUS_204.69,_$NVAVTS_StripLoop,0x4b7c50,0,NOTYPE,LOCAL,9
SLUS_204.69,.vu.33,0x4b7c50,0,NOTYPE,LOCAL,9
SLUS_204.69,NVAVTS_PointLoop,0xd68,0,NOTYPE,LOCAL,40
SLUS_204.69,_$NVAVTS_PointLoop,0x4b7cf8,0,NOTYPE,LOCAL,9
SLUS_204.69,.vu.34,0x4b7cf8,0,NOTYPE,LOCAL,9
SLUS_204.69,_$NewVu1AddVertcolTexFaceStrip,0x4b7e70,0,NOTYPE,LOCAL,9
SLUS_204.69,.vu.35,0x4b7e70,0,NOTYPE,LOCAL,9
SLUS_204.69,NVAVTFS_StripLoop,0xf00,0,NOTYPE,LOCAL,40
SLUS_204.69,_$NVAVTFS_StripLoop,0x4b7e90,0,NOTYPE,LOCAL,9
SLUS_204.69,.vu.36,0x4b7e90,0,NOTYPE,LOCAL,9
SLUS_204.69,NVAVTFS_PointLoop,0xf20,0,NOTYPE,LOCAL,40
SLUS_204.69,_$NVAVTFS_PointLoop,0x4b7eb0,0,NOTYPE,LOCAL,9
SLUS_204.69,.vu.37,0x4b7eb0,0,NOTYPE,LOCAL,9
SLUS_204.69,.vif.38,0x4b7f90,0,NOTYPE,LOCAL,9
SLUS_204.69,__start_.DVP.overlay..unknvma.399819787.685.2,0x1000,0,NOTYPE,LOCAL,41
SLUS_204.69,.vu.41,0x4b7f98,0,NOTYPE,LOCAL,9
SLUS_204.69,_$NewVu1AddVertcolTexBackStrip,0x4b80c0,0,NOTYPE,LOCAL,9
SLUS_204.69,.vu.42,0x4b80c0,0,NOTYPE,LOCAL,9
SLUS_204.69,_$NewVu1AddLightTexStrip,0x4b8108,0,NOTYPE,LOCAL,9
SLUS_204.69,.vu.43,0x4b8108,0,NOTYPE,LOCAL,9
SLUS_204.69,NVALTS_StripLoop,0x1190,0,NOTYPE,LOCAL,41
SLUS_204.69,_$NVALTS_StripLoop,0x4b8128,0,NOTYPE,LOCAL,9
SLUS_204.69,.vu.44,0x4b8128,0,NOTYPE,LOCAL,9
SLUS_204.69,NVALTS_PointLoop,0x11b0,0,NOTYPE,LOCAL,41
SLUS_204.69,_$NVALTS_PointLoop,0x4b8148,0,NOTYPE,LOCAL,9
SLUS_204.69,.vu.45,0x4b8148,0,NOTYPE,LOCAL,9
SLUS_204.69,_$NewVu1AddLightTexSpecStrip,0x4b8350,0,NOTYPE,LOCAL,9
SLUS_204.69,.vu.46,0x4b8350,0,NOTYPE,LOCAL,9
SLUS_204.69,NVALTSS_StripLoop,0x13e0,0,NOTYPE,LOCAL,41
SLUS_204.69,_$NVALTSS_StripLoop,0x4b8378,0,NOTYPE,LOCAL,9
SLUS_204.69,.vu.47,0x4b8378,0,NOTYPE,LOCAL,9
SLUS_204.69,NVALTSS_Pointloop,0x1400,0,NOTYPE,LOCAL,41
SLUS_204.69,_$NVALTSS_Pointloop,0x4b8398,0,NOTYPE,LOCAL,9
SLUS_204.69,.vu.48,0x4b8398,0,NOTYPE,LOCAL,9
SLUS_204.69,NVALTSS_nmsk,0x1470,0,NOTYPE,LOCAL,41
SLUS_204.69,_$NVALTSS_nmsk,0x4b8408,0,NOTYPE,LOCAL,9
SLUS_204.69,.vu.49,0x4b8408,0,NOTYPE,LOCAL,9
SLUS_204.69,NVALTSS_lp0,0x1628,0,NOTYPE,LOCAL,41
SLUS_204.69,_$NVALTSS_lp0,0x4b85c0,0,NOTYPE,LOCAL,9
SLUS_204.69,.vu.50,0x4b85c0,0,NOTYPE,LOCAL,9
SLUS_204.69,_$NewVu1AddLightTexMultiSpecStrip,0x4b86b0,0,NOTYPE,LOCAL,9
SLUS_204.69,.vu.51,0x4b86b0,0,NOTYPE,LOCAL,9
SLUS_204.69,NVALTMSS_StripLoop,0x1738,0,NOTYPE,LOCAL,41
SLUS_204.69,_$NVALTMSS_StripLoop,0x4b86d0,0,NOTYPE,LOCAL,9
SLUS_204.69,.vu.52,0x4b86d0,0,NOTYPE,LOCAL,9
SLUS_204.69,NVALTMSS_Pointloop,0x17a0,0,NOTYPE,LOCAL,41
SLUS_204.69,_$NVALTMSS_Pointloop,0x4b8738,0,NOTYPE,LOCAL,9
SLUS_204.69,.vu.53,0x4b8738,0,NOTYPE,LOCAL,9
SLUS_204.69,NVALTMSS_nmsk,0x1810,0,NOTYPE,LOCAL,42
SLUS_204.69,.vif.54,0x4b8798,0,NOTYPE,LOCAL,9
SLUS_204.69,__start_.DVP.overlay..unknvma.399819787.955.3,0x1800,0,NOTYPE,LOCAL,42
SLUS_204.69,.vu.57,0x4b87a0,0,NOTYPE,LOCAL,9
SLUS_204.69,_$NVALTMSS_nmsk,0x4b87b0,0,NOTYPE,LOCAL,9
SLUS_204.69,.vu.58,0x4b87b0,0,NOTYPE,LOCAL,9
SLUS_204.69,NVALTMSS_lp0,0x19c8,0,NOTYPE,LOCAL,42
SLUS_204.69,_$NVALTMSS_lp0,0x4b8968,0,NOTYPE,LOCAL,9
SLUS_204.69,.vu.59,0x4b8968,0,NOTYPE,LOCAL,9
SLUS_204.69,_$NewVu1AddLightTexReflSpecStrip,0x4b8a80,0,NOTYPE,LOCAL,9
SLUS_204.69,.vu.60,0x4b8a80,0,NOTYPE,LOCAL,9
SLUS_204.69,NVALTRSS_StripLoop,0x1b00,0,NOTYPE,LOCAL,42
SLUS_204.69,_$NVALTRSS_StripLoop,0x4b8aa0,0,NOTYPE,LOCAL,9
SLUS_204.69,.vu.61,0x4b8aa0,0,NOTYPE,LOCAL,9
SLUS_204.69,NVALTRSS_Pointloop,0x1b68,0,NOTYPE,LOCAL,42
SLUS_204.69,_$NVALTRSS_Pointloop,0x4b8b08,0,NOTYPE,LOCAL,9
SLUS_204.69,.vu.62,0x4b8b08,0,NOTYPE,LOCAL,9
SLUS_204.69,NVALTRSS_nmsk,0x1bf0,0,NOTYPE,LOCAL,42
SLUS_204.69,_$NVALTRSS_nmsk,0x4b8b90,0,NOTYPE,LOCAL,9
SLUS_204.69,.vu.63,0x4b8b90,0,NOTYPE,LOCAL,9
SLUS_204.69,NVALTRSS_lp0,0x1dd0,0,NOTYPE,LOCAL,42
SLUS_204.69,_$NVALTRSS_lp0,0x4b8d70,0,NOTYPE,LOCAL,9
SLUS_204.69,.vu.64,0x4b8d70,0,NOTYPE,LOCAL,9
SLUS_204.69,NVALTRSS_rfsk,0x1de8,0,NOTYPE,LOCAL,42
SLUS_204.69,_$NVALTRSS_rfsk,0x4b8d88,0,NOTYPE,LOCAL,9
SLUS_204.69,.vu.65,0x4b8d88,0,NOTYPE,LOCAL,9
SLUS_204.69,_$NewVu1AddLightTexFaceStrip,0x4b8ee8,0,NOTYPE,LOCAL,9
SLUS_204.69,.vu.66,0x4b8ee8,0,NOTYPE,LOCAL,9
SLUS_204.69,NVALTFS_StripLoop,0x1f68,0,NOTYPE,LOCAL,42
SLUS_204.69,_$NVALTFS_StripLoop,0x4b8f08,0,NOTYPE,LOCAL,9
SLUS_204.69,.vu.67,0x4b8f08,0,NOTYPE,LOCAL,9
SLUS_204.69,NVALTFS_PointLoop,0x1f88,0,NOTYPE,LOCAL,42
SLUS_204.69,_$NVALTFS_PointLoop,0x4b8f28,0,NOTYPE,LOCAL,9
SLUS_204.69,.vu.68,0x4b8f28,0,NOTYPE,LOCAL,9
SLUS_204.69,.vif.69,0x4b8fa0,0,NOTYPE,LOCAL,9
SLUS_204.69,__start_.DVP.overlay..unknvma.399819787.1236.4,0x2000,0,NOTYPE,LOCAL,43
SLUS_204.69,.vu.72,0x4b8fa8,0,NOTYPE,LOCAL,9
SLUS_204.69,_$NewVu1AddLightTexSpecFaceStrip,0x4b9018,0,NOTYPE,LOCAL,9
SLUS_204.69,.vu.73,0x4b9018,0,NOTYPE,LOCAL,9
SLUS_204.69,NVALTSFS_StripLoop,0x2090,0,NOTYPE,LOCAL,43
SLUS_204.69,_$NVALTSFS_StripLoop,0x4b9038,0,NOTYPE,LOCAL,9
SLUS_204.69,.vu.74,0x4b9038,0,NOTYPE,LOCAL,9
SLUS_204.69,NVALTSFS_PointLoop,0x20b0,0,NOTYPE,LOCAL,43
SLUS_204.69,_$NVALTSFS_PointLoop,0x4b9058,0,NOTYPE,LOCAL,9
SLUS_204.69,.vu.75,0x4b9058,0,NOTYPE,LOCAL,9
SLUS_204.69,_$NewVu1AddLightTexMultiSpecFaceStrip,0x4b9140,0,NOTYPE,LOCAL,9
SLUS_204.69,.vu.76,0x4b9140,0,NOTYPE,LOCAL,9
SLUS_204.69,NVALTMSFS_StripLoop,0x21b8,0,NOTYPE,LOCAL,43
SLUS_204.69,_$NVALTMSFS_StripLoop,0x4b9160,0,NOTYPE,LOCAL,9
SLUS_204.69,.vu.77,0x4b9160,0,NOTYPE,LOCAL,9
SLUS_204.69,NVALTMSFS_PointLoop,0x2220,0,NOTYPE,LOCAL,43
SLUS_204.69,_$NVALTMSFS_PointLoop,0x4b91c8,0,NOTYPE,LOCAL,9
SLUS_204.69,.vu.78,0x4b91c8,0,NOTYPE,LOCAL,9
SLUS_204.69,NVALTMSFS_lp0,0x2320,0,NOTYPE,LOCAL,43
SLUS_204.69,_$NVALTMSFS_lp0,0x4b92c8,0,NOTYPE,LOCAL,9
SLUS_204.69,.vu.79,0x4b92c8,0,NOTYPE,LOCAL,9
SLUS_204.69,_$NewVu1AddLightTexReflSpecFaceStrip,0x4b93e0,0,NOTYPE,LOCAL,9
SLUS_204.69,.vu.80,0x4b93e0,0,NOTYPE,LOCAL,9
SLUS_204.69,NVALTRSFS_StripLoop,0x2458,0,NOTYPE,LOCAL,43
SLUS_204.69,_$NVALTRSFS_StripLoop,0x4b9400,0,NOTYPE,LOCAL,9
SLUS_204.69,.vu.81,0x4b9400,0,NOTYPE,LOCAL,9
SLUS_204.69,NVALTRSFS_PointLoop,0x24c0,0,NOTYPE,LOCAL,43
SLUS_204.69,_$NVALTRSFS_PointLoop,0x4b9468,0,NOTYPE,LOCAL,9
SLUS_204.69,.vu.82,0x4b9468,0,NOTYPE,LOCAL,9
SLUS_204.69,_$NewVu1AddLightTexBackStrip,0x4b95c8,0,NOTYPE,LOCAL,9
SLUS_204.69,.vu.83,0x4b95c8,0,NOTYPE,LOCAL,9
SLUS_204.69,NVALTBS_StripLoop,0x2640,0,NOTYPE,LOCAL,43
SLUS_204.69,_$NVALTBS_StripLoop,0x4b95e8,0,NOTYPE,LOCAL,9
SLUS_204.69,.vu.84,0x4b95e8,0,NOTYPE,LOCAL,9
SLUS_204.69,NVALTBS_PointLoop,0x2660,0,NOTYPE,LOCAL,43
SLUS_204.69,_$NVALTBS_PointLoop,0x4b9608,0,NOTYPE,LOCAL,9
SLUS_204.69,.vu.85,0x4b9608,0,NOTYPE,LOCAL,9
SLUS_204.69,.vif.86,0x4b96f0,0,NOTYPE,LOCAL,9
SLUS_204.69,CurrentOffset,0x400,0,NOTYPE,LOCAL,65521
SLUS_204.69,NewVu1Mem0_Top,0x0,0,NOTYPE,LOCAL,65521
SLUS_204.69,NewVu1Mem0_End,0xf3,0,NOTYPE,LOCAL,65521
SLUS_204.69,NewVu1Mem1_Top,0x16e,0,NOTYPE,LOCAL,65521
SLUS_204.69,NewVu1Mem1_End,0x287,0,NOTYPE,LOCAL,65521
SLUS_204.69,NewVu1MemMatrix,0x2dc,0,NOTYPE,LOCAL,65521
SLUS_204.69,NewVu1MemIndex,0x2e0,0,NOTYPE,LOCAL,65521
SLUS_204.69,NewVu1MemTransMatrix,0x3c2,0,NOTYPE,LOCAL,65521
SLUS_204.69,NewVu1MemScreenScale,0x3c6,0,NOTYPE,LOCAL,65521
SLUS_204.69,NewVu1MemScreenTrans,0x3c7,0,NOTYPE,LOCAL,65521
SLUS_204.69,NewVu1MemAmbient,0x3c8,0,NOTYPE,LOCAL,65521
SLUS_204.69,NewVu1MemTexRate,0x3c9,0,NOTYPE,LOCAL,65521
SLUS_204.69,NewVu1MemSpecular,0x3ca,0,NOTYPE,LOCAL,65521
SLUS_204.69,NewVu1MemMultiCol,0x3cb,0,NOTYPE,LOCAL,65521
SLUS_204.69,NewVu1MeminTexOffset,0x3cc,0,NOTYPE,LOCAL,65521
SLUS_204.69,NewVu1MemLightNormal,0x3cd,0,NOTYPE,LOCAL,65521
SLUS_204.69,NewVu1MemCamPos,0x3d0,0,NOTYPE,LOCAL,65521
SLUS_204.69,NewVu1MemLightColor,0x3d1,0,NOTYPE,LOCAL,65521
SLUS_204.69,NewVu1MemGsKick,0x3d5,0,NOTYPE,LOCAL,65521
SLUS_204.69,NewVu1MemReflGsKick0,0x3d5,0,NOTYPE,LOCAL,65521
SLUS_204.69,NewVu1MemReflGsKick1,0x3da,0,NOTYPE,LOCAL,65521
SLUS_204.69,NewVu1MemStripBuf,0x3df,0,NOTYPE,LOCAL,65521
SLUS_204.69,NewVu1MemStripPtr,0x3e3,0,NOTYPE,LOCAL,65521
SLUS_204.69,NewVu1MemPointBuf,0x3e4,0,NOTYPE,LOCAL,65521
SLUS_204.69,NewVu1MemFogRate,0x3e6,0,NOTYPE,LOCAL,65521
SLUS_204.69,NewVu1MemClipVal,0x3e7,0,NOTYPE,LOCAL,65521
SLUS_204.69,NewVu1MemPC,0x3e9,0,NOTYPE,LOCAL,65521
SLUS_204.69,NewVu1MemReflRot,0x3ec,0,NOTYPE,LOCAL,65521
SLUS_204.69,NewVu1MemFogPara,0x3ef,0,NOTYPE,LOCAL,65521
SLUS_204.69,NewVu1MemExponent,0x3f0,0,NOTYPE,LOCAL,65521
SLUS_204.69,NewVu1MemReflCol,0x3f1,0,NOTYPE,LOCAL,65521
SLUS_204.69,NewVu1MemGifTagRefl,0x3f2,0,NOTYPE,LOCAL,65521
SLUS_204.69,NewVu1MemGifTag,0x3f3,0,NOTYPE,LOCAL,65521
SLUS_204.69,NewVu1MemGifTagSpecular,0x3f4,0,NOTYPE,LOCAL,65521
SLUS_204.69,NewVu1MemReverseValF_0,0x3f5,0,NOTYPE,LOCAL,65521
SLUS_204.69,NewVu1MemReverseValB_0,0x3f6,0,NOTYPE,LOCAL,65521
SLUS_204.69,NewVu1MemReverseValF_1,0x3f7,0,NOTYPE,LOCAL,65521
SLUS_204.69,NewVu1MemReverseValB_1,0x3f8,0,NOTYPE,LOCAL,65521
SLUS_204.69,NewVu1MemPoint,0x3f5,0,NOTYPE,LOCAL,65521
SLUS_204.69,NewVu1MemBufWork,0x3f9,0,NOTYPE,LOCAL,65521
SLUS_204.69,NewVu1MemBasGif,0x3fa,0,NOTYPE,LOCAL,65521
SLUS_204.69,NewVu1MemTestBas,0x3fb,0,NOTYPE,LOCAL,65521
SLUS_204.69,NewVu1MemZbufBas,0x3fc,0,NOTYPE,LOCAL,65521
SLUS_204.69,NewVu1MemOrgGif,0x3fd,0,NOTYPE,LOCAL,65521
SLUS_204.69,NewVu1MemTestOrg,0x3fe,0,NOTYPE,LOCAL,65521
SLUS_204.69,NewVu1MemZbufOrg,0x3ff,0,NOTYPE,LOCAL,65521
SLUS_204.69,NewVu1MemDblBufBase,0x0,0,NOTYPE,LOCAL,65521
SLUS_204.69,NewVu1MemDblBufOffset,0x16e,0,NOTYPE,LOCAL,65521
SLUS_204.69,PacketBottomNewVu1AddEnvMicroCode,0x4bd490,0,NOTYPE,LOCAL,9
SLUS_204.69,NewVu1AddEnvMicroCodeStart,0x0,0,NOTYPE,LOCAL,44
SLUS_204.69,.vif.0,0x4b9710,0,NOTYPE,LOCAL,9
SLUS_204.69,__start_.DVP.overlay..0x0.108371635.23.0,0x0,0,NOTYPE,LOCAL,44
SLUS_204.69,_$NewVu1AddEnvMicroCodeStart,0x4b9718,0,NOTYPE,LOCAL,9
SLUS_204.69,_$NewVu1AddEnvGsKick,0x4b9718,0,NOTYPE,LOCAL,9
SLUS_204.69,.vu.3,0x4b9718,0,NOTYPE,LOCAL,9
SLUS_204.69,_$NewVu1AddEnvGsKickWide,0x4b9740,0,NOTYPE,LOCAL,9
SLUS_204.69,.vu.4,0x4b9740,0,NOTYPE,LOCAL,9
SLUS_204.69,InitConstantParams,0x50,0,NOTYPE,LOCAL,44
SLUS_204.69,_$InitConstantParams,0x4b9768,0,NOTYPE,LOCAL,9
SLUS_204.69,.vu.5,0x4b9768,0,NOTYPE,LOCAL,9
SLUS_204.69,InitOffsetParamsWeight,0x178,0,NOTYPE,LOCAL,44
SLUS_204.69,_$InitOffsetParamsWeight,0x4b9890,0,NOTYPE,LOCAL,9
SLUS_204.69,.vu.6,0x4b9890,0,NOTYPE,LOCAL,9
SLUS_204.69,IOPC_gsskp,0x278,0,NOTYPE,LOCAL,44
SLUS_204.69,IOPC_gsold,0x220,0,NOTYPE,LOCAL,44
SLUS_204.69,_$IOPC_gsold,0x4b9938,0,NOTYPE,LOCAL,9
SLUS_204.69,.vu.7,0x4b9938,0,NOTYPE,LOCAL,9
SLUS_204.69,IOCP_gsnm,0x268,0,NOTYPE,LOCAL,44
SLUS_204.69,_$IOCP_gsnm,0x4b9980,0,NOTYPE,LOCAL,9
SLUS_204.69,.vu.8,0x4b9980,0,NOTYPE,LOCAL,9
SLUS_204.69,_$IOPC_gsskp,0x4b9990,0,NOTYPE,LOCAL,9
SLUS_204.69,.vu.9,0x4b9990,0,NOTYPE,LOCAL,9
SLUS_204.69,IOPW_ex,0x350,0,NOTYPE,LOCAL,44
SLUS_204.69,IOPW_lp,0x330,0,NOTYPE,LOCAL,44
SLUS_204.69,_$IOPW_lp,0x4b9a48,0,NOTYPE,LOCAL,9
SLUS_204.69,.vu.10,0x4b9a48,0,NOTYPE,LOCAL,9
SLUS_204.69,_$IOPW_ex,0x4b9a68,0,NOTYPE,LOCAL,9
SLUS_204.69,.vu.11,0x4b9a68,0,NOTYPE,LOCAL,9
SLUS_204.69,IOPW_spex,0x430,0,NOTYPE,LOCAL,44
SLUS_204.69,IOPW_splp,0x3f8,0,NOTYPE,LOCAL,44
SLUS_204.69,_$IOPW_splp,0x4b9b10,0,NOTYPE,LOCAL,9
SLUS_204.69,.vu.12,0x4b9b10,0,NOTYPE,LOCAL,9
SLUS_204.69,_$IOPW_spex,0x4b9b48,0,NOTYPE,LOCAL,9
SLUS_204.69,.vu.13,0x4b9b48,0,NOTYPE,LOCAL,9
SLUS_204.69,CalcFaceBackStrip,0x440,0,NOTYPE,LOCAL,44
SLUS_204.69,_$CalcFaceBackStrip,0x4b9b58,0,NOTYPE,LOCAL,9
SLUS_204.69,.vu.14,0x4b9b58,0,NOTYPE,LOCAL,9
SLUS_204.69,CFBS_fb,0x478,0,NOTYPE,LOCAL,44
SLUS_204.69,_$CFBS_fb,0x4b9b90,0,NOTYPE,LOCAL,9
SLUS_204.69,.vu.15,0x4b9b90,0,NOTYPE,LOCAL,9
SLUS_204.69,CFBS_exit,0x5a0,0,NOTYPE,LOCAL,44
SLUS_204.69,OPML_src,0x530,0,NOTYPE,LOCAL,44
SLUS_204.69,OPML_calc,0x540,0,NOTYPE,LOCAL,44
SLUS_204.69,_$OPML_src,0x4b9c48,0,NOTYPE,LOCAL,9
SLUS_204.69,.vu.16,0x4b9c48,0,NOTYPE,LOCAL,9
SLUS_204.69,_$OPML_calc,0x4b9c58,0,NOTYPE,LOCAL,9
SLUS_204.69,.vu.17,0x4b9c58,0,NOTYPE,LOCAL,9
SLUS_204.69,_$CFBS_exit,0x4b9cb8,0,NOTYPE,LOCAL,9
SLUS_204.69,.vu.18,0x4b9cb8,0,NOTYPE,LOCAL,9
SLUS_204.69,CalcPcolor,0x5b0,0,NOTYPE,LOCAL,44
SLUS_204.69,_$CalcPcolor,0x4b9cc8,0,NOTYPE,LOCAL,9
SLUS_204.69,.vu.19,0x4b9cc8,0,NOTYPE,LOCAL,9
SLUS_204.69,_$NewVu1LightTexAddEnvStrip,0x4b9e10,0,NOTYPE,LOCAL,9
SLUS_204.69,.vu.20,0x4b9e10,0,NOTYPE,LOCAL,9
SLUS_204.69,NVLTAES_StripLoop,0x718,0,NOTYPE,LOCAL,44
SLUS_204.69,_$NVLTAES_StripLoop,0x4b9e30,0,NOTYPE,LOCAL,9
SLUS_204.69,.vu.21,0x4b9e30,0,NOTYPE,LOCAL,9
SLUS_204.69,NVLTES_Pointloop,0x7b8,0,NOTYPE,LOCAL,44
SLUS_204.69,_$NVLTES_Pointloop,0x4b9ed0,0,NOTYPE,LOCAL,9
SLUS_204.69,.vu.22,0x4b9ed0,0,NOTYPE,LOCAL,9
SLUS_204.69,NVLTES_wlp,0x7c0,0,NOTYPE,LOCAL,44
SLUS_204.69,_$NVLTES_wlp,0x4b9ed8,0,NOTYPE,LOCAL,9
SLUS_204.69,.vu.23,0x4b9ed8,0,NOTYPE,LOCAL,9
SLUS_204.69,NVLTES_wex,0x820,0,NOTYPE,LOCAL,45
SLUS_204.69,.vif.24,0x4b9f18,0,NOTYPE,LOCAL,9
SLUS_204.69,__start_.DVP.overlay..unknvma.3198550027.425.1,0x800,0,NOTYPE,LOCAL,45
SLUS_204.69,.vu.27,0x4b9f20,0,NOTYPE,LOCAL,9
SLUS_204.69,_$NVLTES_wex,0x4b9f40,0,NOTYPE,LOCAL,9
SLUS_204.69,.vu.28,0x4b9f40,0,NOTYPE,LOCAL,9
SLUS_204.69,NVLTES_nmsk,0x850,0,NOTYPE,LOCAL,45
SLUS_204.69,_$NVLTES_nmsk,0x4b9f70,0,NOTYPE,LOCAL,9
SLUS_204.69,.vu.29,0x4b9f70,0,NOTYPE,LOCAL,9
SLUS_204.69,NVLTES_kick,0x9c8,0,NOTYPE,LOCAL,45
SLUS_204.69,_$NVLTES_kick,0x4ba0e8,0,NOTYPE,LOCAL,9
SLUS_204.69,.vu.30,0x4ba0e8,0,NOTYPE,LOCAL,9
SLUS_204.69,_$NewVu1LightTexAddEnvFaceStrip,0x4ba0f8,0,NOTYPE,LOCAL,9
SLUS_204.69,.vu.31,0x4ba0f8,0,NOTYPE,LOCAL,9
SLUS_204.69,_$NewVu1LightTexAddEnvBackStrip,0x4ba130,0,NOTYPE,LOCAL,9
SLUS_204.69,.vu.32,0x4ba130,0,NOTYPE,LOCAL,9
SLUS_204.69,_$NewVu1LightTexSpecAddEnvStrip,0x4ba168,0,NOTYPE,LOCAL,9
SLUS_204.69,.vu.33,0x4ba168,0,NOTYPE,LOCAL,9
SLUS_204.69,NVLTSAES_StripLoop,0xa68,0,NOTYPE,LOCAL,45
SLUS_204.69,_$NVLTSAES_StripLoop,0x4ba188,0,NOTYPE,LOCAL,9
SLUS_204.69,.vu.34,0x4ba188,0,NOTYPE,LOCAL,9
SLUS_204.69,NVLTSES_Pointloop,0xb00,0,NOTYPE,LOCAL,45
SLUS_204.69,_$NVLTSES_Pointloop,0x4ba220,0,NOTYPE,LOCAL,9
SLUS_204.69,.vu.35,0x4ba220,0,NOTYPE,LOCAL,9
SLUS_204.69,NVLTSES_wlp,0xb08,0,NOTYPE,LOCAL,45
SLUS_204.69,_$NVLTSES_wlp,0x4ba228,0,NOTYPE,LOCAL,9
SLUS_204.69,.vu.36,0x4ba228,0,NOTYPE,LOCAL,9
SLUS_204.69,NVLTSES_wex,0xb68,0,NOTYPE,LOCAL,45
SLUS_204.69,_$NVLTSES_wex,0x4ba288,0,NOTYPE,LOCAL,9
SLUS_204.69,.vu.37,0x4ba288,0,NOTYPE,LOCAL,9
SLUS_204.69,NVLTSES_nmsk,0xb98,0,NOTYPE,LOCAL,45
SLUS_204.69,_$NVLTSES_nmsk,0x4ba2b8,0,NOTYPE,LOCAL,9
SLUS_204.69,.vu.38,0x4ba2b8,0,NOTYPE,LOCAL,9
SLUS_204.69,NVLTSES_lp0,0xd78,0,NOTYPE,LOCAL,45
SLUS_204.69,_$NVLTSES_lp0,0x4ba498,0,NOTYPE,LOCAL,9
SLUS_204.69,.vu.39,0x4ba498,0,NOTYPE,LOCAL,9
SLUS_204.69,NVLTSES_kick,0xe68,0,NOTYPE,LOCAL,45
SLUS_204.69,_$NVLTSES_kick,0x4ba588,0,NOTYPE,LOCAL,9
SLUS_204.69,.vu.40,0x4ba588,0,NOTYPE,LOCAL,9
SLUS_204.69,_$NewVu1LightTexSpecAddEnvFaceStrip,0x4ba598,0,NOTYPE,LOCAL,9
SLUS_204.69,.vu.41,0x4ba598,0,NOTYPE,LOCAL,9
SLUS_204.69,_$NewVu1LightTexSpecAddEnvBackStrip,0x4ba5d0,0,NOTYPE,LOCAL,9
SLUS_204.69,.vu.42,0x4ba5d0,0,NOTYPE,LOCAL,9
SLUS_204.69,_$NewVu1LightTexMultiSpecAddEnvStrip,0x4ba608,0,NOTYPE,LOCAL,9
SLUS_204.69,.vu.43,0x4ba608,0,NOTYPE,LOCAL,9
SLUS_204.69,NVLTMSAES_StripLoop,0xf08,0,NOTYPE,LOCAL,45
SLUS_204.69,_$NVLTMSAES_StripLoop,0x4ba628,0,NOTYPE,LOCAL,9
SLUS_204.69,.vu.44,0x4ba628,0,NOTYPE,LOCAL,9
SLUS_204.69,NVLTMSES_Pointloop,0xfe8,0,NOTYPE,LOCAL,45
SLUS_204.69,_$NVLTMSES_Pointloop,0x4ba708,0,NOTYPE,LOCAL,9
SLUS_204.69,.vu.45,0x4ba708,0,NOTYPE,LOCAL,9
SLUS_204.69,NVLTMSES_wlp,0xff0,0,NOTYPE,LOCAL,45
SLUS_204.69,_$NVLTMSES_wlp,0x4ba710,0,NOTYPE,LOCAL,9
SLUS_204.69,.vu.46,0x4ba710,0,NOTYPE,LOCAL,9
SLUS_204.69,NVLTMSES_wex,0x1050,0,NOTYPE,LOCAL,46
SLUS_204.69,.vif.47,0x4ba720,0,NOTYPE,LOCAL,9
SLUS_204.69,__start_.DVP.overlay..unknvma.3198550027.692.2,0x1000,0,NOTYPE,LOCAL,46
SLUS_204.69,.vu.50,0x4ba728,0,NOTYPE,LOCAL,9
SLUS_204.69,_$NVLTMSES_wex,0x4ba778,0,NOTYPE,LOCAL,9
SLUS_204.69,.vu.51,0x4ba778,0,NOTYPE,LOCAL,9
SLUS_204.69,NVLTMSES_nmsk,0x1080,0,NOTYPE,LOCAL,46
SLUS_204.69,_$NVLTMSES_nmsk,0x4ba7a8,0,NOTYPE,LOCAL,9
SLUS_204.69,.vu.52,0x4ba7a8,0,NOTYPE,LOCAL,9
SLUS_204.69,NVLTMSES_lp0,0x1268,0,NOTYPE,LOCAL,46
SLUS_204.69,_$NVLTMSES_lp0,0x4ba990,0,NOTYPE,LOCAL,9
SLUS_204.69,.vu.53,0x4ba990,0,NOTYPE,LOCAL,9
SLUS_204.69,NVLTMSES_kick,0x1340,0,NOTYPE,LOCAL,46
SLUS_204.69,_$NVLTMSES_kick,0x4baa68,0,NOTYPE,LOCAL,9
SLUS_204.69,.vu.54,0x4baa68,0,NOTYPE,LOCAL,9
SLUS_204.69,_$NewVu1LightTexMultiSpecAddEnvFaceStrip,0x4baa88,0,NOTYPE,LOCAL,9
SLUS_204.69,.vu.55,0x4baa88,0,NOTYPE,LOCAL,9
SLUS_204.69,_$NewVu1LightTexMultiSpecAddEnvBackStrip,0x4baac0,0,NOTYPE,LOCAL,9
SLUS_204.69,.vu.56,0x4baac0,0,NOTYPE,LOCAL,9
SLUS_204.69,_$NewVu1LightTexReflSpecAddEnvStrip,0x4baaf8,0,NOTYPE,LOCAL,9
SLUS_204.69,.vu.57,0x4baaf8,0,NOTYPE,LOCAL,9
SLUS_204.69,NVLTRSAES_StripLoop,0x13f0,0,NOTYPE,LOCAL,46
SLUS_204.69,_$NVLTRSAES_StripLoop,0x4bab18,0,NOTYPE,LOCAL,9
SLUS_204.69,.vu.58,0x4bab18,0,NOTYPE,LOCAL,9
SLUS_204.69,NVLTRSES_Pointloop,0x14d0,0,NOTYPE,LOCAL,46
SLUS_204.69,_$NVLTRSES_Pointloop,0x4babf8,0,NOTYPE,LOCAL,9
SLUS_204.69,.vu.59,0x4babf8,0,NOTYPE,LOCAL,9
SLUS_204.69,NVLTRSES_wlp,0x14d8,0,NOTYPE,LOCAL,46
SLUS_204.69,_$NVLTRSES_wlp,0x4bac00,0,NOTYPE,LOCAL,9
SLUS_204.69,.vu.60,0x4bac00,0,NOTYPE,LOCAL,9
SLUS_204.69,NVLTRSES_wex,0x1538,0,NOTYPE,LOCAL,46
SLUS_204.69,_$NVLTRSES_wex,0x4bac60,0,NOTYPE,LOCAL,9
SLUS_204.69,.vu.61,0x4bac60,0,NOTYPE,LOCAL,9
SLUS_204.69,NVLTRSES_nmsk,0x1568,0,NOTYPE,LOCAL,46
SLUS_204.69,_$NVLTRSES_nmsk,0x4bac90,0,NOTYPE,LOCAL,9
SLUS_204.69,.vu.62,0x4bac90,0,NOTYPE,LOCAL,9
SLUS_204.69,NVLTRSES_lp0,0x1768,0,NOTYPE,LOCAL,46
SLUS_204.69,_$NVLTRSES_lp0,0x4bae90,0,NOTYPE,LOCAL,9
SLUS_204.69,.vu.63,0x4bae90,0,NOTYPE,LOCAL,9
SLUS_204.69,.vif.64,0x4baf28,0,NOTYPE,LOCAL,9
SLUS_204.69,__start_.DVP.overlay..unknvma.3198550027.962.3,0x1800,0,NOTYPE,LOCAL,47
SLUS_204.69,.vu.67,0x4baf30,0,NOTYPE,LOCAL,9
SLUS_204.69,NVLTRSES_kick,0x1880,0,NOTYPE,LOCAL,47
SLUS_204.69,_$NVLTRSES_kick,0x4bafb0,0,NOTYPE,LOCAL,9
SLUS_204.69,.vu.68,0x4bafb0,0,NOTYPE,LOCAL,9
SLUS_204.69,_$NewVu1LightTexReflSpecAddEnvFaceStrip,0x4bb018,0,NOTYPE,LOCAL,9
SLUS_204.69,.vu.69,0x4bb018,0,NOTYPE,LOCAL,9
SLUS_204.69,_$NewVu1LightTexReflSpecAddEnvBackStrip,0x4bb050,0,NOTYPE,LOCAL,9
SLUS_204.69,.vu.70,0x4bb050,0,NOTYPE,LOCAL,9
SLUS_204.69,_$NewVu1LightTexAddEnvStrip1,0x4bb088,0,NOTYPE,LOCAL,9
SLUS_204.69,.vu.71,0x4bb088,0,NOTYPE,LOCAL,9
SLUS_204.69,NVLTAES_StripLoop1,0x1978,0,NOTYPE,LOCAL,47
SLUS_204.69,_$NVLTAES_StripLoop1,0x4bb0a8,0,NOTYPE,LOCAL,9
SLUS_204.69,.vu.72,0x4bb0a8,0,NOTYPE,LOCAL,9
SLUS_204.69,NVLTES_Pointloop1,0x1a08,0,NOTYPE,LOCAL,47
SLUS_204.69,_$NVLTES_Pointloop1,0x4bb138,0,NOTYPE,LOCAL,9
SLUS_204.69,.vu.73,0x4bb138,0,NOTYPE,LOCAL,9
SLUS_204.69,NVLTES_nmsk1,0x1a78,0,NOTYPE,LOCAL,47
SLUS_204.69,_$NVLTES_nmsk1,0x4bb1a8,0,NOTYPE,LOCAL,9
SLUS_204.69,.vu.74,0x4bb1a8,0,NOTYPE,LOCAL,9
SLUS_204.69,NVLTES_kick1,0x1bf0,0,NOTYPE,LOCAL,47
SLUS_204.69,_$NVLTES_kick1,0x4bb320,0,NOTYPE,LOCAL,9
SLUS_204.69,.vu.75,0x4bb320,0,NOTYPE,LOCAL,9
SLUS_204.69,_$NewVu1LightTexAddEnvFaceStrip1,0x4bb330,0,NOTYPE,LOCAL,9
SLUS_204.69,.vu.76,0x4bb330,0,NOTYPE,LOCAL,9
SLUS_204.69,_$NewVu1LightTexAddEnvBackStrip1,0x4bb368,0,NOTYPE,LOCAL,9
SLUS_204.69,.vu.77,0x4bb368,0,NOTYPE,LOCAL,9
SLUS_204.69,_$NewVu1LightTexSpecAddEnvStrip1,0x4bb3a0,0,NOTYPE,LOCAL,9
SLUS_204.69,.vu.78,0x4bb3a0,0,NOTYPE,LOCAL,9
SLUS_204.69,NVLTSAES_StripLoop1,0x1c90,0,NOTYPE,LOCAL,47
SLUS_204.69,_$NVLTSAES_StripLoop1,0x4bb3c0,0,NOTYPE,LOCAL,9
SLUS_204.69,.vu.79,0x4bb3c0,0,NOTYPE,LOCAL,9
SLUS_204.69,NVLTSES_Pointloop1,0x1d08,0,NOTYPE,LOCAL,47
SLUS_204.69,_$NVLTSES_Pointloop1,0x4bb438,0,NOTYPE,LOCAL,9
SLUS_204.69,.vu.80,0x4bb438,0,NOTYPE,LOCAL,9
SLUS_204.69,NVLTSES_nmsk1,0x1d78,0,NOTYPE,LOCAL,47
SLUS_204.69,_$NVLTSES_nmsk1,0x4bb4a8,0,NOTYPE,LOCAL,9
SLUS_204.69,.vu.81,0x4bb4a8,0,NOTYPE,LOCAL,9
SLUS_204.69,NVLTSES_lp1,0x1f58,0,NOTYPE,LOCAL,47
SLUS_204.69,_$NVLTSES_lp1,0x4bb688,0,NOTYPE,LOCAL,9
SLUS_204.69,.vu.82,0x4bb688,0,NOTYPE,LOCAL,9
SLUS_204.69,.vif.83,0x4bb730,0,NOTYPE,LOCAL,9
SLUS_204.69,__start_.DVP.overlay..unknvma.3198550027.1219.4,0x2000,0,NOTYPE,LOCAL,48
SLUS_204.69,.vu.86,0x4bb738,0,NOTYPE,LOCAL,9
SLUS_204.69,NVLTSES_kick1,0x2048,0,NOTYPE,LOCAL,48
SLUS_204.69,_$NVLTSES_kick1,0x4bb780,0,NOTYPE,LOCAL,9
SLUS_204.69,.vu.87,0x4bb780,0,NOTYPE,LOCAL,9
SLUS_204.69,_$NewVu1LightTexSpecAddEnvFaceStrip1,0x4bb790,0,NOTYPE,LOCAL,9
SLUS_204.69,.vu.88,0x4bb790,0,NOTYPE,LOCAL,9
SLUS_204.69,_$NewVu1LightTexSpecAddEnvBackStrip1,0x4bb7c8,0,NOTYPE,LOCAL,9
SLUS_204.69,.vu.89,0x4bb7c8,0,NOTYPE,LOCAL,9
SLUS_204.69,_$NewVu1LightTexMultiSpecAddEnvStrip1,0x4bb800,0,NOTYPE,LOCAL,9
SLUS_204.69,.vu.90,0x4bb800,0,NOTYPE,LOCAL,9
SLUS_204.69,NVLTMSAES_StripLoop1,0x20e8,0,NOTYPE,LOCAL,48
SLUS_204.69,_$NVLTMSAES_StripLoop1,0x4bb820,0,NOTYPE,LOCAL,9
SLUS_204.69,.vu.91,0x4bb820,0,NOTYPE,LOCAL,9
SLUS_204.69,NVLTMSES_Pointloop1,0x21a0,0,NOTYPE,LOCAL,48
SLUS_204.69,_$NVLTMSES_Pointloop1,0x4bb8d8,0,NOTYPE,LOCAL,9
SLUS_204.69,.vu.92,0x4bb8d8,0,NOTYPE,LOCAL,9
SLUS_204.69,NVLTMSES_nmsk1,0x2210,0,NOTYPE,LOCAL,48
SLUS_204.69,_$NVLTMSES_nmsk1,0x4bb948,0,NOTYPE,LOCAL,9
SLUS_204.69,.vu.93,0x4bb948,0,NOTYPE,LOCAL,9
SLUS_204.69,NVLTMSES_lp1,0x23f8,0,NOTYPE,LOCAL,48
SLUS_204.69,_$NVLTMSES_lp1,0x4bbb30,0,NOTYPE,LOCAL,9
SLUS_204.69,.vu.94,0x4bbb30,0,NOTYPE,LOCAL,9
SLUS_204.69,NVLTMSES_kick1,0x24d0,0,NOTYPE,LOCAL,48
SLUS_204.69,_$NVLTMSES_kick1,0x4bbc08,0,NOTYPE,LOCAL,9
SLUS_204.69,.vu.95,0x4bbc08,0,NOTYPE,LOCAL,9
SLUS_204.69,_$NewVu1LightTexMultiSpecAddEnvFaceStrip1,0x4bbc28,0,NOTYPE,LOCAL,9
SLUS_204.69,.vu.96,0x4bbc28,0,NOTYPE,LOCAL,9
SLUS_204.69,_$NewVu1LightTexMultiSpecAddEnvBackStrip1,0x4bbc60,0,NOTYPE,LOCAL,9
SLUS_204.69,.vu.97,0x4bbc60,0,NOTYPE,LOCAL,9
SLUS_204.69,_$NewVu1LightTexReflSpecAddEnvStrip1,0x4bbc98,0,NOTYPE,LOCAL,9
SLUS_204.69,.vu.98,0x4bbc98,0,NOTYPE,LOCAL,9
SLUS_204.69,NVLTRSAES_StripLoop1,0x2580,0,NOTYPE,LOCAL,48
SLUS_204.69,_$NVLTRSAES_StripLoop1,0x4bbcb8,0,NOTYPE,LOCAL,9
SLUS_204.69,.vu.99,0x4bbcb8,0,NOTYPE,LOCAL,9
SLUS_204.69,NVLTRSES_Pointloop1,0x2638,0,NOTYPE,LOCAL,48
SLUS_204.69,_$NVLTRSES_Pointloop1,0x4bbd70,0,NOTYPE,LOCAL,9
SLUS_204.69,.vu.100,0x4bbd70,0,NOTYPE,LOCAL,9
SLUS_204.69,NVLTRSES_nmsk1,0x26a8,0,NOTYPE,LOCAL,48
SLUS_204.69,_$NVLTRSES_nmsk1,0x4bbde0,0,NOTYPE,LOCAL,9
SLUS_204.69,.vu.101,0x4bbde0,0,NOTYPE,LOCAL,9
SLUS_204.69,.vif.102,0x4bbf38,0,NOTYPE,LOCAL,9
SLUS_204.69,__start_.DVP.overlay..unknvma.3198550027.1487.5,0x2800,0,NOTYPE,LOCAL,49
SLUS_204.69,.vu.105,0x4bbf40,0,NOTYPE,LOCAL,9
SLUS_204.69,NVLTRSES_lp1,0x28a8,0,NOTYPE,LOCAL,49
SLUS_204.69,_$NVLTRSES_lp1,0x4bbfe8,0,NOTYPE,LOCAL,9
SLUS_204.69,.vu.106,0x4bbfe8,0,NOTYPE,LOCAL,9
SLUS_204.69,NVLTRSES_kick1,0x29c0,0,NOTYPE,LOCAL,49
SLUS_204.69,_$NVLTRSES_kick1,0x4bc100,0,NOTYPE,LOCAL,9
SLUS_204.69,.vu.107,0x4bc100,0,NOTYPE,LOCAL,9
SLUS_204.69,_$NewVu1LightTexReflSpecAddEnvFaceStrip1,0x4bc168,0,NOTYPE,LOCAL,9
SLUS_204.69,.vu.108,0x4bc168,0,NOTYPE,LOCAL,9
SLUS_204.69,_$NewVu1LightTexReflSpecAddEnvBackStrip1,0x4bc1a0,0,NOTYPE,LOCAL,9
SLUS_204.69,.vu.109,0x4bc1a0,0,NOTYPE,LOCAL,9
SLUS_204.69,_$NewVu1LightTexAddEnvStrip2,0x4bc1d8,0,NOTYPE,LOCAL,9
SLUS_204.69,.vu.110,0x4bc1d8,0,NOTYPE,LOCAL,9
SLUS_204.69,NVLTAES2_StripLoop,0x2ab8,0,NOTYPE,LOCAL,49
SLUS_204.69,_$NVLTAES2_StripLoop,0x4bc1f8,0,NOTYPE,LOCAL,9
SLUS_204.69,.vu.111,0x4bc1f8,0,NOTYPE,LOCAL,9
SLUS_204.69,NVLTES2_Pointloop,0x2bc0,0,NOTYPE,LOCAL,49
SLUS_204.69,_$NVLTES2_Pointloop,0x4bc300,0,NOTYPE,LOCAL,9
SLUS_204.69,.vu.112,0x4bc300,0,NOTYPE,LOCAL,9
SLUS_204.69,NVLTES2_nmsk,0x2c00,0,NOTYPE,LOCAL,49
SLUS_204.69,_$NVLTES2_nmsk,0x4bc340,0,NOTYPE,LOCAL,9
SLUS_204.69,.vu.113,0x4bc340,0,NOTYPE,LOCAL,9
SLUS_204.69,NVLTES2_kick,0x2dd0,0,NOTYPE,LOCAL,49
SLUS_204.69,_$NVLTES2_kick,0x4bc510,0,NOTYPE,LOCAL,9
SLUS_204.69,.vu.114,0x4bc510,0,NOTYPE,LOCAL,9
SLUS_204.69,_$NewVu1LightTexAddEnvFaceStrip2,0x4bc520,0,NOTYPE,LOCAL,9
SLUS_204.69,.vu.115,0x4bc520,0,NOTYPE,LOCAL,9
SLUS_204.69,_$NewVu1LightTexAddEnvBackStrip2,0x4bc558,0,NOTYPE,LOCAL,9
SLUS_204.69,.vu.116,0x4bc558,0,NOTYPE,LOCAL,9
SLUS_204.69,_$NewVu1LightTexSpecAddEnvStrip2,0x4bc590,0,NOTYPE,LOCAL,9
SLUS_204.69,.vu.117,0x4bc590,0,NOTYPE,LOCAL,9
SLUS_204.69,NVLTSAES_StripLoop2,0x2e70,0,NOTYPE,LOCAL,49
SLUS_204.69,_$NVLTSAES_StripLoop2,0x4bc5b0,0,NOTYPE,LOCAL,9
SLUS_204.69,.vu.118,0x4bc5b0,0,NOTYPE,LOCAL,9
SLUS_204.69,NVLTSES_Pointloop2,0x2ef8,0,NOTYPE,LOCAL,49
SLUS_204.69,_$NVLTSES_Pointloop2,0x4bc638,0,NOTYPE,LOCAL,9
SLUS_204.69,.vu.119,0x4bc638,0,NOTYPE,LOCAL,9
SLUS_204.69,NVLTSES_wlp2,0x2f00,0,NOTYPE,LOCAL,49
SLUS_204.69,_$NVLTSES_wlp2,0x4bc640,0,NOTYPE,LOCAL,9
SLUS_204.69,.vu.120,0x4bc640,0,NOTYPE,LOCAL,9
SLUS_204.69,NVLTSES_wex2,0x2f60,0,NOTYPE,LOCAL,49
SLUS_204.69,_$NVLTSES_wex2,0x4bc6a0,0,NOTYPE,LOCAL,9
SLUS_204.69,.vu.121,0x4bc6a0,0,NOTYPE,LOCAL,9
SLUS_204.69,NVLTSES_nmsk2,0x2f90,0,NOTYPE,LOCAL,49
SLUS_204.69,_$NVLTSES_nmsk2,0x4bc6d0,0,NOTYPE,LOCAL,9
SLUS_204.69,.vu.122,0x4bc6d0,0,NOTYPE,LOCAL,9
SLUS_204.69,.vif.123,0x4bc740,0,NOTYPE,LOCAL,9
SLUS_204.69,__start_.DVP.overlay..unknvma.3198550027.1759.6,0x3000,0,NOTYPE,LOCAL,50
SLUS_204.69,.vu.126,0x4bc748,0,NOTYPE,LOCAL,9
SLUS_204.69,NVLTSES_lp2,0x3170,0,NOTYPE,LOCAL,50
SLUS_204.69,_$NVLTSES_lp2,0x4bc8b8,0,NOTYPE,LOCAL,9
SLUS_204.69,.vu.127,0x4bc8b8,0,NOTYPE,LOCAL,9
SLUS_204.69,NVLTSES_kick2,0x3260,0,NOTYPE,LOCAL,50
SLUS_204.69,_$NVLTSES_kick2,0x4bc9a8,0,NOTYPE,LOCAL,9
SLUS_204.69,.vu.128,0x4bc9a8,0,NOTYPE,LOCAL,9
SLUS_204.69,_$NewVu1LightTexSpecAddEnvFaceStrip2,0x4bc9b8,0,NOTYPE,LOCAL,9
SLUS_204.69,.vu.129,0x4bc9b8,0,NOTYPE,LOCAL,9
SLUS_204.69,_$NewVu1LightTexSpecAddEnvBackStrip2,0x4bc9f0,0,NOTYPE,LOCAL,9
SLUS_204.69,.vu.130,0x4bc9f0,0,NOTYPE,LOCAL,9
SLUS_204.69,_$NewVu1LightTexMultiSpecAddEnvStrip2,0x4bca28,0,NOTYPE,LOCAL,9
SLUS_204.69,.vu.131,0x4bca28,0,NOTYPE,LOCAL,9
SLUS_204.69,NVLTMSAES_StripLoop2,0x3300,0,NOTYPE,LOCAL,50
SLUS_204.69,_$NVLTMSAES_StripLoop2,0x4bca48,0,NOTYPE,LOCAL,9
SLUS_204.69,.vu.132,0x4bca48,0,NOTYPE,LOCAL,9
SLUS_204.69,NVLTMSES_Pointloop2,0x33d0,0,NOTYPE,LOCAL,50
SLUS_204.69,_$NVLTMSES_Pointloop2,0x4bcb18,0,NOTYPE,LOCAL,9
SLUS_204.69,.vu.133,0x4bcb18,0,NOTYPE,LOCAL,9
SLUS_204.69,NVLTMSES_wlp2,0x33d8,0,NOTYPE,LOCAL,50
SLUS_204.69,_$NVLTMSES_wlp2,0x4bcb20,0,NOTYPE,LOCAL,9
SLUS_204.69,.vu.134,0x4bcb20,0,NOTYPE,LOCAL,9
SLUS_204.69,NVLTMSES_wex2,0x3438,0,NOTYPE,LOCAL,50
SLUS_204.69,_$NVLTMSES_wex2,0x4bcb80,0,NOTYPE,LOCAL,9
SLUS_204.69,.vu.135,0x4bcb80,0,NOTYPE,LOCAL,9
SLUS_204.69,NVLTMSES_nmsk2,0x3468,0,NOTYPE,LOCAL,50
SLUS_204.69,_$NVLTMSES_nmsk2,0x4bcbb0,0,NOTYPE,LOCAL,9
SLUS_204.69,.vu.136,0x4bcbb0,0,NOTYPE,LOCAL,9
SLUS_204.69,NVLTMSES_lp2,0x3650,0,NOTYPE,LOCAL,50
SLUS_204.69,_$NVLTMSES_lp2,0x4bcd98,0,NOTYPE,LOCAL,9
SLUS_204.69,.vu.137,0x4bcd98,0,NOTYPE,LOCAL,9
SLUS_204.69,NVLTMSES_kick2,0x3728,0,NOTYPE,LOCAL,50
SLUS_204.69,_$NVLTMSES_kick2,0x4bce70,0,NOTYPE,LOCAL,9
SLUS_204.69,.vu.138,0x4bce70,0,NOTYPE,LOCAL,9
SLUS_204.69,_$NewVu1LightTexMultiSpecAddEnvFaceStrip2,0x4bce90,0,NOTYPE,LOCAL,9
SLUS_204.69,.vu.139,0x4bce90,0,NOTYPE,LOCAL,9
SLUS_204.69,_$NewVu1LightTexMultiSpecAddEnvBackStrip2,0x4bcec8,0,NOTYPE,LOCAL,9
SLUS_204.69,.vu.140,0x4bcec8,0,NOTYPE,LOCAL,9
SLUS_204.69,_$NewVu1LightTexReflSpecAddEnvStrip2,0x4bcf00,0,NOTYPE,LOCAL,9
SLUS_204.69,.vu.141,0x4bcf00,0,NOTYPE,LOCAL,9
SLUS_204.69,NVLTRSAES_StripLoop2,0x37d8,0,NOTYPE,LOCAL,50
SLUS_204.69,_$NVLTRSAES_StripLoop2,0x4bcf20,0,NOTYPE,LOCAL,9
SLUS_204.69,.vu.142,0x4bcf20,0,NOTYPE,LOCAL,9
SLUS_204.69,.vif.143,0x4bcf48,0,NOTYPE,LOCAL,9
SLUS_204.69,__start_.DVP.overlay..unknvma.3198550027.2030.7,0x3800,0,NOTYPE,LOCAL,51
SLUS_204.69,.vu.146,0x4bcf50,0,NOTYPE,LOCAL,9
SLUS_204.69,NVLTRSES_Pointloop2,0x38a8,0,NOTYPE,LOCAL,51
SLUS_204.69,_$NVLTRSES_Pointloop2,0x4bcff8,0,NOTYPE,LOCAL,9
SLUS_204.69,.vu.147,0x4bcff8,0,NOTYPE,LOCAL,9
SLUS_204.69,NVLTRSES_wlp2,0x38b0,0,NOTYPE,LOCAL,51
SLUS_204.69,_$NVLTRSES_wlp2,0x4bd000,0,NOTYPE,LOCAL,9
SLUS_204.69,.vu.148,0x4bd000,0,NOTYPE,LOCAL,9
SLUS_204.69,NVLTRSES_wex2,0x3910,0,NOTYPE,LOCAL,51
SLUS_204.69,_$NVLTRSES_wex2,0x4bd060,0,NOTYPE,LOCAL,9
SLUS_204.69,.vu.149,0x4bd060,0,NOTYPE,LOCAL,9
SLUS_204.69,NVLTRSES_nmsk2,0x3940,0,NOTYPE,LOCAL,51
SLUS_204.69,_$NVLTRSES_nmsk2,0x4bd090,0,NOTYPE,LOCAL,9
SLUS_204.69,.vu.150,0x4bd090,0,NOTYPE,LOCAL,9
SLUS_204.69,NVLTRSES_lp2,0x3b40,0,NOTYPE,LOCAL,51
SLUS_204.69,_$NVLTRSES_lp2,0x4bd290,0,NOTYPE,LOCAL,9
SLUS_204.69,.vu.151,0x4bd290,0,NOTYPE,LOCAL,9
SLUS_204.69,NVLTRSES_kick2,0x3c58,0,NOTYPE,LOCAL,51
SLUS_204.69,_$NVLTRSES_kick2,0x4bd3a8,0,NOTYPE,LOCAL,9
SLUS_204.69,.vu.152,0x4bd3a8,0,NOTYPE,LOCAL,9
SLUS_204.69,_$NewVu1LightTexReflSpecAddEnvFaceStrip2,0x4bd410,0,NOTYPE,LOCAL,9
SLUS_204.69,.vu.153,0x4bd410,0,NOTYPE,LOCAL,9
SLUS_204.69,_$NewVu1LightTexReflSpecAddEnvBackStrip2,0x4bd448,0,NOTYPE,LOCAL,9
SLUS_204.69,.vu.154,0x4bd448,0,NOTYPE,LOCAL,9
SLUS_204.69,.vif.155,0x4bd480,0,NOTYPE,LOCAL,9
SLUS_204.69,CurrentOffset,0x400,0,NOTYPE,LOCAL,65521
SLUS_204.69,NewVu1Mem0_Top,0x0,0,NOTYPE,LOCAL,65521
SLUS_204.69,NewVu1Mem0_End,0xf3,0,NOTYPE,LOCAL,65521
SLUS_204.69,NewVu1Mem1_Top,0x16e,0,NOTYPE,LOCAL,65521
SLUS_204.69,NewVu1Mem1_End,0x287,0,NOTYPE,LOCAL,65521
SLUS_204.69,NewVu1MemMatrix,0x2dc,0,NOTYPE,LOCAL,65521
SLUS_204.69,NewVu1MemIndex,0x2e0,0,NOTYPE,LOCAL,65521
SLUS_204.69,NewVu1MemTransMatrix,0x3c2,0,NOTYPE,LOCAL,65521
SLUS_204.69,NewVu1MemScreenScale,0x3c6,0,NOTYPE,LOCAL,65521
SLUS_204.69,NewVu1MemScreenTrans,0x3c7,0,NOTYPE,LOCAL,65521
SLUS_204.69,NewVu1MemAmbient,0x3c8,0,NOTYPE,LOCAL,65521
SLUS_204.69,NewVu1MemTexRate,0x3c9,0,NOTYPE,LOCAL,65521
SLUS_204.69,NewVu1MemSpecular,0x3ca,0,NOTYPE,LOCAL,65521
SLUS_204.69,NewVu1MemMultiCol,0x3cb,0,NOTYPE,LOCAL,65521
SLUS_204.69,NewVu1MeminTexOffset,0x3cc,0,NOTYPE,LOCAL,65521
SLUS_204.69,NewVu1MemLightNormal,0x3cd,0,NOTYPE,LOCAL,65521
SLUS_204.69,NewVu1MemCamPos,0x3d0,0,NOTYPE,LOCAL,65521
SLUS_204.69,NewVu1MemLightColor,0x3d1,0,NOTYPE,LOCAL,65521
SLUS_204.69,NewVu1MemGsKick,0x3d5,0,NOTYPE,LOCAL,65521
SLUS_204.69,NewVu1MemReflGsKick0,0x3d5,0,NOTYPE,LOCAL,65521
SLUS_204.69,NewVu1MemReflGsKick1,0x3da,0,NOTYPE,LOCAL,65521
SLUS_204.69,NewVu1MemStripBuf,0x3df,0,NOTYPE,LOCAL,65521
SLUS_204.69,NewVu1MemStripPtr,0x3e3,0,NOTYPE,LOCAL,65521
SLUS_204.69,NewVu1MemPointBuf,0x3e4,0,NOTYPE,LOCAL,65521
SLUS_204.69,NewVu1MemFogRate,0x3e6,0,NOTYPE,LOCAL,65521
SLUS_204.69,NewVu1MemClipVal,0x3e7,0,NOTYPE,LOCAL,65521
SLUS_204.69,NewVu1MemPC,0x3e9,0,NOTYPE,LOCAL,65521
SLUS_204.69,NewVu1MemReflRot,0x3ec,0,NOTYPE,LOCAL,65521
SLUS_204.69,NewVu1MemFogPara,0x3ef,0,NOTYPE,LOCAL,65521
SLUS_204.69,NewVu1MemExponent,0x3f0,0,NOTYPE,LOCAL,65521
SLUS_204.69,NewVu1MemReflCol,0x3f1,0,NOTYPE,LOCAL,65521
SLUS_204.69,NewVu1MemGifTagRefl,0x3f2,0,NOTYPE,LOCAL,65521
SLUS_204.69,NewVu1MemGifTag,0x3f3,0,NOTYPE,LOCAL,65521
SLUS_204.69,NewVu1MemGifTagSpecular,0x3f4,0,NOTYPE,LOCAL,65521
SLUS_204.69,NewVu1MemReverseValF_0,0x3f5,0,NOTYPE,LOCAL,65521
SLUS_204.69,NewVu1MemReverseValB_0,0x3f6,0,NOTYPE,LOCAL,65521
SLUS_204.69,NewVu1MemReverseValF_1,0x3f7,0,NOTYPE,LOCAL,65521
SLUS_204.69,NewVu1MemReverseValB_1,0x3f8,0,NOTYPE,LOCAL,65521
SLUS_204.69,NewVu1MemPoint,0x3f5,0,NOTYPE,LOCAL,65521
SLUS_204.69,NewVu1MemBufWork,0x3f9,0,NOTYPE,LOCAL,65521
SLUS_204.69,NewVu1MemBasGif,0x3fa,0,NOTYPE,LOCAL,65521
SLUS_204.69,NewVu1MemTestBas,0x3fb,0,NOTYPE,LOCAL,65521
SLUS_204.69,NewVu1MemZbufBas,0x3fc,0,NOTYPE,LOCAL,65521
SLUS_204.69,NewVu1MemOrgGif,0x3fd,0,NOTYPE,LOCAL,65521
SLUS_204.69,NewVu1MemTestOrg,0x3fe,0,NOTYPE,LOCAL,65521
SLUS_204.69,NewVu1MemZbufOrg,0x3ff,0,NOTYPE,LOCAL,65521
SLUS_204.69,NewVu1MemDblBufBase,0x0,0,NOTYPE,LOCAL,65521
SLUS_204.69,NewVu1MemDblBufOffset,0x16e,0,NOTYPE,LOCAL,65521
SLUS_204.69,PacketBottomNewVu1DropMicroCode,0x4be280,0,NOTYPE,LOCAL,9
SLUS_204.69,NewVu1DropMicroCodeStart,0x0,0,NOTYPE,LOCAL,52
SLUS_204.69,.vif.0,0x4bd4a0,0,NOTYPE,LOCAL,9
SLUS_204.69,__start_.DVP.overlay..0x0.27094707.19.0,0x0,0,NOTYPE,LOCAL,52
SLUS_204.69,_$NewVu1DropMicroCodeStart,0x4bd4a8,0,NOTYPE,LOCAL,9
SLUS_204.69,_$NewVu1DropGsKick,0x4bd4a8,0,NOTYPE,LOCAL,9
SLUS_204.69,.vu.3,0x4bd4a8,0,NOTYPE,LOCAL,9
SLUS_204.69,_$NewVu1DropGsKickWide,0x4bd4d0,0,NOTYPE,LOCAL,9
SLUS_204.69,.vu.4,0x4bd4d0,0,NOTYPE,LOCAL,9
SLUS_204.69,InitConstantParams,0x50,0,NOTYPE,LOCAL,52
SLUS_204.69,_$InitConstantParams,0x4bd4f8,0,NOTYPE,LOCAL,9
SLUS_204.69,.vu.5,0x4bd4f8,0,NOTYPE,LOCAL,9
SLUS_204.69,InitOffsetParamsWeight,0x178,0,NOTYPE,LOCAL,52
SLUS_204.69,_$InitOffsetParamsWeight,0x4bd620,0,NOTYPE,LOCAL,9
SLUS_204.69,.vu.6,0x4bd620,0,NOTYPE,LOCAL,9
SLUS_204.69,IOPC_gsskp,0x278,0,NOTYPE,LOCAL,52
SLUS_204.69,IOPC_gsold,0x220,0,NOTYPE,LOCAL,52
SLUS_204.69,_$IOPC_gsold,0x4bd6c8,0,NOTYPE,LOCAL,9
SLUS_204.69,.vu.7,0x4bd6c8,0,NOTYPE,LOCAL,9
SLUS_204.69,IOCP_gsnm,0x268,0,NOTYPE,LOCAL,52
SLUS_204.69,_$IOCP_gsnm,0x4bd710,0,NOTYPE,LOCAL,9
SLUS_204.69,.vu.8,0x4bd710,0,NOTYPE,LOCAL,9
SLUS_204.69,_$IOPC_gsskp,0x4bd720,0,NOTYPE,LOCAL,9
SLUS_204.69,.vu.9,0x4bd720,0,NOTYPE,LOCAL,9
SLUS_204.69,IOPW_ex,0x350,0,NOTYPE,LOCAL,52
SLUS_204.69,IOPW_lp,0x330,0,NOTYPE,LOCAL,52
SLUS_204.69,_$IOPW_lp,0x4bd7d8,0,NOTYPE,LOCAL,9
SLUS_204.69,.vu.10,0x4bd7d8,0,NOTYPE,LOCAL,9
SLUS_204.69,_$IOPW_ex,0x4bd7f8,0,NOTYPE,LOCAL,9
SLUS_204.69,.vu.11,0x4bd7f8,0,NOTYPE,LOCAL,9
SLUS_204.69,IOPW_spex,0x430,0,NOTYPE,LOCAL,52
SLUS_204.69,IOPW_splp,0x3f8,0,NOTYPE,LOCAL,52
SLUS_204.69,_$IOPW_splp,0x4bd8a0,0,NOTYPE,LOCAL,9
SLUS_204.69,.vu.12,0x4bd8a0,0,NOTYPE,LOCAL,9
SLUS_204.69,_$IOPW_spex,0x4bd8d8,0,NOTYPE,LOCAL,9
SLUS_204.69,.vu.13,0x4bd8d8,0,NOTYPE,LOCAL,9
SLUS_204.69,InitOffsetParams,0x440,0,NOTYPE,LOCAL,52
SLUS_204.69,_$InitOffsetParams,0x4bd8e8,0,NOTYPE,LOCAL,9
SLUS_204.69,.vu.14,0x4bd8e8,0,NOTYPE,LOCAL,9
SLUS_204.69,IOPCV_gsskp,0x540,0,NOTYPE,LOCAL,52
SLUS_204.69,IOPCV_gsold,0x4e8,0,NOTYPE,LOCAL,52
SLUS_204.69,_$IOPCV_gsold,0x4bd990,0,NOTYPE,LOCAL,9
SLUS_204.69,.vu.15,0x4bd990,0,NOTYPE,LOCAL,9
SLUS_204.69,IOCPV_gsnm,0x530,0,NOTYPE,LOCAL,52
SLUS_204.69,_$IOCPV_gsnm,0x4bd9d8,0,NOTYPE,LOCAL,9
SLUS_204.69,.vu.16,0x4bd9d8,0,NOTYPE,LOCAL,9
SLUS_204.69,_$IOPCV_gsskp,0x4bd9e8,0,NOTYPE,LOCAL,9
SLUS_204.69,.vu.17,0x4bd9e8,0,NOTYPE,LOCAL,9
SLUS_204.69,IOPWW_ex,0x600,0,NOTYPE,LOCAL,52
SLUS_204.69,IOPWW_lp,0x5e0,0,NOTYPE,LOCAL,52
SLUS_204.69,_$IOPWW_lp,0x4bda88,0,NOTYPE,LOCAL,9
SLUS_204.69,.vu.18,0x4bda88,0,NOTYPE,LOCAL,9
SLUS_204.69,_$IOPWW_ex,0x4bdaa8,0,NOTYPE,LOCAL,9
SLUS_204.69,.vu.19,0x4bdaa8,0,NOTYPE,LOCAL,9
SLUS_204.69,IOPWW_spex,0x6d8,0,NOTYPE,LOCAL,52
SLUS_204.69,IOPWW_splp,0x6a0,0,NOTYPE,LOCAL,52
SLUS_204.69,_$IOPWW_splp,0x4bdb48,0,NOTYPE,LOCAL,9
SLUS_204.69,.vu.20,0x4bdb48,0,NOTYPE,LOCAL,9
SLUS_204.69,_$IOPWW_spex,0x4bdb80,0,NOTYPE,LOCAL,9
SLUS_204.69,.vu.21,0x4bdb80,0,NOTYPE,LOCAL,9
SLUS_204.69,_$NewVu1DropStrip,0x4bdb98,0,NOTYPE,LOCAL,9
SLUS_204.69,.vu.22,0x4bdb98,0,NOTYPE,LOCAL,9
SLUS_204.69,NVLTDS_StripLoop,0x710,0,NOTYPE,LOCAL,52
SLUS_204.69,_$NVLTDS_StripLoop,0x4bdbb8,0,NOTYPE,LOCAL,9
SLUS_204.69,.vu.23,0x4bdbb8,0,NOTYPE,LOCAL,9
SLUS_204.69,NVLTDS_Pointloop,0x798,0,NOTYPE,LOCAL,52
SLUS_204.69,_$NVLTDS_Pointloop,0x4bdc40,0,NOTYPE,LOCAL,9
SLUS_204.69,NVLTDS_wlp,0x798,0,NOTYPE,LOCAL,52
SLUS_204.69,_$NVLTDS_wlp,0x4bdc40,0,NOTYPE,LOCAL,9
SLUS_204.69,.vu.24,0x4bdc40,0,NOTYPE,LOCAL,9
SLUS_204.69,NVLTDS_wex,0x7e8,0,NOTYPE,LOCAL,52
SLUS_204.69,_$NVLTDS_wex,0x4bdc90,0,NOTYPE,LOCAL,9
SLUS_204.69,.vu.25,0x4bdc90,0,NOTYPE,LOCAL,9
SLUS_204.69,.vif.26,0x4bdca8,0,NOTYPE,LOCAL,9
SLUS_204.69,__start_.DVP.overlay..unknvma.799703051.388.1,0x800,0,NOTYPE,LOCAL,53
SLUS_204.69,.vu.29,0x4bdcb0,0,NOTYPE,LOCAL,9
SLUS_204.69,NVLTDS_kick,0x8e8,0,NOTYPE,LOCAL,53
SLUS_204.69,_$NVLTDS_kick,0x4bdd98,0,NOTYPE,LOCAL,9
SLUS_204.69,.vu.30,0x4bdd98,0,NOTYPE,LOCAL,9
SLUS_204.69,_$NewVu1DropStrip1,0x4bdda8,0,NOTYPE,LOCAL,9
SLUS_204.69,.vu.31,0x4bdda8,0,NOTYPE,LOCAL,9
SLUS_204.69,NVLTDS1_StripLoop,0x918,0,NOTYPE,LOCAL,53
SLUS_204.69,_$NVLTDS1_StripLoop,0x4bddc8,0,NOTYPE,LOCAL,9
SLUS_204.69,.vu.32,0x4bddc8,0,NOTYPE,LOCAL,9
SLUS_204.69,NVLTDS1_Pointloop,0x998,0,NOTYPE,LOCAL,53
SLUS_204.69,_$NVLTDS1_Pointloop,0x4bde48,0,NOTYPE,LOCAL,9
SLUS_204.69,.vu.33,0x4bde48,0,NOTYPE,LOCAL,9
SLUS_204.69,NVLTDS1_kick,0xa88,0,NOTYPE,LOCAL,53
SLUS_204.69,_$NVLTDS1_kick,0x4bdf38,0,NOTYPE,LOCAL,9
SLUS_204.69,.vu.34,0x4bdf38,0,NOTYPE,LOCAL,9
SLUS_204.69,_$NewVu1DropStrip2,0x4bdf48,0,NOTYPE,LOCAL,9
SLUS_204.69,.vu.35,0x4bdf48,0,NOTYPE,LOCAL,9
SLUS_204.69,NVLTDS2_StripLoop,0xab8,0,NOTYPE,LOCAL,53
SLUS_204.69,_$NVLTDS2_StripLoop,0x4bdf68,0,NOTYPE,LOCAL,9
SLUS_204.69,.vu.36,0x4bdf68,0,NOTYPE,LOCAL,9
SLUS_204.69,NVLTDS2_Pointloop,0xb78,0,NOTYPE,LOCAL,53
SLUS_204.69,_$NVLTDS2_Pointloop,0x4be028,0,NOTYPE,LOCAL,9
SLUS_204.69,.vu.37,0x4be028,0,NOTYPE,LOCAL,9
SLUS_204.69,NVLTDS2_kick,0xc70,0,NOTYPE,LOCAL,53
SLUS_204.69,_$NVLTDS2_kick,0x4be120,0,NOTYPE,LOCAL,9
SLUS_204.69,.vu.38,0x4be120,0,NOTYPE,LOCAL,9
SLUS_204.69,_$NewVu1DropStripObj,0x4be130,0,NOTYPE,LOCAL,9
SLUS_204.69,.vu.39,0x4be130,0,NOTYPE,LOCAL,9
SLUS_204.69,NVLTS_StripLoop,0xca8,0,NOTYPE,LOCAL,53
SLUS_204.69,_$NVLTS_StripLoop,0x4be158,0,NOTYPE,LOCAL,9
SLUS_204.69,.vu.40,0x4be158,0,NOTYPE,LOCAL,9
SLUS_204.69,NVLTS_PointLoop,0xd18,0,NOTYPE,LOCAL,53
SLUS_204.69,_$NVLTS_PointLoop,0x4be1c8,0,NOTYPE,LOCAL,9
SLUS_204.69,.vu.41,0x4be1c8,0,NOTYPE,LOCAL,9
SLUS_204.69,.vif.42,0x4be278,0,NOTYPE,LOCAL,9
SLUS_204.69,UmnManzaiText,0xa104c8,4,OBJECT,GLOBAL,1
SLUS_204.69,__ps2_klibinfo__,0x4aa2a0,0,OBJECT,GLOBAL,5
SLUS_204.69,xglQuaternionInterpolateLinear,0x22a9d0,168,FUNC,GLOBAL,2
SLUS_204.69,sdvPlaySound,0x2ec780,24,FUNC,GLOBAL,2
SLUS_204.69,sefClearEffectCf,0x2e7968,172,FUNC,GLOBAL,2
SLUS_204.69,MenuEngineEquipCheck,0x2903b0,84,FUNC,GLOBAL,2
SLUS_204.69,sRender,0x4a90e0,92,OBJECT,GLOBAL,5
SLUS_204.69,PauseMenu,0x2461c8,320,FUNC,GLOBAL,2
SLUS_204.69,eModelTestMain,0x272028,92,FUNC,GLOBAL,2
SLUS_204.69,sefExecScheduler,0x2e5d98,1460,FUNC,GLOBAL,2
SLUS_204.69,DataSpline,0x4db9b8,4,OBJECT,GLOBAL,12
SLUS_204.69,xglRotTransPers,0x229a20,140,FUNC,GLOBAL,2
SLUS_204.69,nmlPacketMakeCircleTexture,0x237588,1336,FUNC,GLOBAL,2
SLUS_204.69,Java_xeno_Stage_stop__,0x304e98,148,FUNC,GLOBAL,2
SLUS_204.69,UmnMailHeaderGet,0xa0f338,28,FUNC,GLOBAL,1
SLUS_204.69,MenuModelDirectSendZClear,0x281900,164,FUNC,GLOBAL,2
SLUS_204.69,MIF2_ruby,0x25c3a0,732,FUNC,GLOBAL,2
SLUS_204.69,talktoObserver,0x261860,388,FUNC,GLOBAL,2
SLUS_204.69,_waitBdecOut,0x212520,496,FUNC,GLOBAL,2
SLUS_204.69,JNT_setFCurve,0x313c30,124,FUNC,GLOBAL,2
SLUS_204.69,Java_xeno_Effect_getForceLoop__,0x2fb028,112,FUNC,GLOBAL,2
SLUS_204.69,xglHddCheck2,0x227280,52,FUNC,GLOBAL,2
SLUS_204.69,_sceCd_scmdsdata,0x4ad040,1032,OBJECT,GLOBAL,5
SLUS_204.69,EW_sendPacket,0x26c740,156,FUNC,GLOBAL,2
SLUS_204.69,TCH_getInfo,0x26b0a0,140,FUNC,GLOBAL,2
SLUS_204.69,sceCdReadDvdDualInfo,0x20e2a0,180,FUNC,GLOBAL,2
SLUS_204.69,MainMenuWorkEnd,0x4da85c,4,OBJECT,GLOBAL,12
SLUS_204.69,sceMpegAddCallback,0x2170a0,36,FUNC,GLOBAL,2
SLUS_204.69,_EnableIntc,0x200260,16,FUNC,GLOBAL,2
SLUS_204.69,Java_xeno_util_Runtime_evsSetRetPoint__,0x2f86e8,64,FUNC,GLOBAL,2
SLUS_204.69,UmnMailCompulsionDownLoadCheck,0xa0f5e8,100,FUNC,GLOBAL,1
SLUS_204.69,MEfObjCreate,0x2f01b8,148,FUNC,GLOBAL,2
SLUS_204.69,_mprec_log10,0x3373d8,112,FUNC,GLOBAL,2
SLUS_204.69,xglDmaBufferRequest,0x21b868,96,FUNC,GLOBAL,2
SLUS_204.69,xglRenderGlobalFadeSet,0x22d958,260,FUNC,GLOBAL,2
SLUS_204.69,scePadInfoPressMode,0x20c598,92,FUNC,GLOBAL,2
SLUS_204.69,xglMatrixStackPop,0x22a620,36,FUNC,GLOBAL,2
SLUS_204.69,JS_init,0x26b130,112,FUNC,GLOBAL,2
SLUS_204.69,TSLIDER_create,0x25fec8,132,FUNC,GLOBAL,2
SLUS_204.69,xmalloc,0x2f1d20,100,FUNC,GLOBAL,2
SLUS_204.69,GetUwamonoSignal,0x2be948,8,FUNC,GLOBAL,2
SLUS_204.69,SCRIPT_talkIgnoreGet,0x2611b0,8,FUNC,GLOBAL,2
SLUS_204.69,cursorMode,0x4dc728,4,OBJECT,GLOBAL,13
SLUS_204.69,sdvScheduleSound,0x2ec798,144,FUNC,GLOBAL,2
SLUS_204.69,nmlModelSetMapEntry,0x2303e8,40,FUNC,GLOBAL,2
SLUS_204.69,Java_xeno_util_Format_toString__F,0x2f68b0,160,FUNC,GLOBAL,2
SLUS_204.69,Java_xeno_util_Spline_create__,0x2f6708,68,FUNC,GLOBAL,2
SLUS_204.69,FileWorkEndTop,0x4daa9c,4,OBJECT,GLOBAL,12
SLUS_204.69,Java_xeno_util_Format_toString__C,0x2f6838,120,FUNC,GLOBAL,2
SLUS_204.69,sceDread,0x2060e0,344,FUNC,GLOBAL,2
SLUS_204.69,sdvSetAmbState2,0x2ec410,24,FUNC,GLOBAL,2
SLUS_204.69,MenuListMake,0x291028,200,FUNC,GLOBAL,2
SLUS_204.69,TopMenuWinMain,0x2779b0,420,FUNC,GLOBAL,2
SLUS_204.69,__mprec_tinytens,0x4d7b20,40,OBJECT,GLOBAL,10
SLUS_204.69,SsdNewMemoryPtr,0x242108,72,FUNC,GLOBAL,2
SLUS_204.69,MapReset,0x246598,140,FUNC,GLOBAL,2
SLUS_204.69,MAP_initUnitSequance,0x320b10,136,FUNC,GLOBAL,2
SLUS_204.69,xglSoundSendSed,0x225c58,180,FUNC,GLOBAL,2
SLUS_204.69,SsdSetSeqMasterVolume,0x2415a8,76,FUNC,GLOBAL,2
SLUS_204.69,xglMcReset,0x21fc48,48,FUNC,GLOBAL,2
SLUS_204.69,MMathSubVectorMulS,0x2ef648,40,FUNC,GLOBAL,2
SLUS_204.69,UmnInterface,0x275e78,632,FUNC,GLOBAL,2
SLUS_204.69,jthreadTop,0x4dc77c,4,OBJECT,GLOBAL,13
SLUS_204.69,InitMapParts,0x2beb00,168,FUNC,GLOBAL,2
SLUS_204.69,strcpy,0x32fbb8,276,FUNC,GLOBAL,2
SLUS_204.69,TWSYS_getGRPStatus,0x25d048,16,FUNC,GLOBAL,2
SLUS_204.69,RssdStrWork,0x4aa280,32,OBJECT,GLOBAL,5
SLUS_204.69,_ApplyMatrix,0x23f8e0,48,FUNC,GLOBAL,2
SLUS_204.69,Java_xeno_Camera_getRotateX__,0x2fb390,80,FUNC,GLOBAL,2
SLUS_204.69,SetUwaWind,0x2bfbf8,120,FUNC,GLOBAL,2
SLUS_204.69,Java_xeno_util_Layout_set__Ljava_lang_Object_I,0x2f70e8,244,FUNC,GLOBAL,2
SLUS_204.69,SetContainerItem,0x2c94d8,136,FUNC,GLOBAL,2
SLUS_204.69,_hi0bits,0x336740,128,FUNC,GLOBAL,2
SLUS_204.69,MSG_copyln,0x25ba78,968,FUNC,GLOBAL,2
SLUS_204.69,EXM_ResetWave,0x31edc0,8,FUNC,GLOBAL,2
SLUS_204.69,xglSoundEffectStopDirect,0x226720,76,FUNC,GLOBAL,2
SLUS_204.69,TCAMERA_transMPack2,0x3089e8,332,FUNC,GLOBAL,2
SLUS_204.69,xglFontGetStringWidth,0x21b568,24,FUNC,GLOBAL,2
SLUS_204.69,VW_setCursorFunc,0x26a5c0,20,FUNC,GLOBAL,2
SLUS_204.69,addCode,0x2f0e88,196,FUNC,GLOBAL,2
SLUS_204.69,RES_GetLeaderSeName,0x24b828,108,FUNC,GLOBAL,2
SLUS_204.69,__main,0x32bb50,56,FUNC,GLOBAL,2
SLUS_204.69,nmlPacketAddGsClamp,0x239c88,48,FUNC,GLOBAL,2
SLUS_204.69,sceSifAddCmdHandler,0x202a88,44,FUNC,GLOBAL,2
SLUS_204.69,Get_Arrival,0x2ce8b8,104,FUNC,GLOBAL,2
SLUS_204.69,xglHddInstall,0x228378,1552,FUNC,GLOBAL,2
SLUS_204.69,Java_xeno_Stage_play__Ljava_lang_String_,0x304f30,64,FUNC,GLOBAL,2
SLUS_204.69,SCRIPT_getCfTime,0x261290,8,FUNC,GLOBAL,2
SLUS_204.69,sceGsPutDispEnv,0x209888,188,FUNC,GLOBAL,2
SLUS_204.69,sefReleaseID,0x2e6ec0,284,FUNC,GLOBAL,2
SLUS_204.69,UmnMemory,0xa10494,4,OBJECT,GLOBAL,1
SLUS_204.69,Java_xeno_Chr_move__IFFZ,0x2fd228,44,FUNC,GLOBAL,2
SLUS_204.69,ppMove,0x2d93d8,52,FUNC,GLOBAL,2
SLUS_204.69,NewVu1VertcolTexBackStrip,0x12d8,0,NOTYPE,GLOBAL,22
SLUS_204.69,SsdClearMemory,0x2425d8,140,FUNC,GLOBAL,2
SLUS_204.69,JNT_setClipR,0x313798,16,FUNC,GLOBAL,2
SLUS_204.69,sdvExecSeqTbl,0x2ec5b0,236,FUNC,GLOBAL,2
SLUS_204.69,ACT_create,0x305cd0,392,FUNC,GLOBAL,2
SLUS_204.69,sdvCreateAlter,0x2ee090,192,FUNC,GLOBAL,2
SLUS_204.69,nmlModelSetHumanModel,0x22e750,32,FUNC,GLOBAL,2
SLUS_204.69,sceRemove,0x205910,28,FUNC,GLOBAL,2
SLUS_204.69,MenuCfTaikiPush,0x2752a0,64,FUNC,GLOBAL,2
SLUS_204.69,Java_xeno_util_Runtime_setShootHeightCheck__Z,0x2f78d0,60,FUNC,GLOBAL,2
SLUS_204.69,xglMakeSePacket,0x226f50,172,FUNC,GLOBAL,2
SLUS_204.69,fmodf,0x3240e0,20,FUNC,GLOBAL,2
SLUS_204.69,FCV2_checkData,0x30d8c0,40,FUNC,GLOBAL,2
SLUS_204.69,MenuSkillStatusMain,0x2b7320,1964,FUNC,GLOBAL,2
SLUS_204.69,sceGsSetDefDispEnv,0x209618,624,FUNC,GLOBAL,2
SLUS_204.69,srsGetEffectType,0x2e8b80,136,FUNC,GLOBAL,2
SLUS_204.69,fabs,0x3296e8,52,FUNC,GLOBAL,2
SLUS_204.69,MenuSkillEquip,0x28f7a8,140,FUNC,GLOBAL,2
SLUS_204.69,_lseek_r,0x337e98,96,FUNC,GLOBAL,2
SLUS_204.69,LocaterAngle,0x3b2450,64,OBJECT,GLOBAL,5
SLUS_204.69,xfree,0x2f1d88,16,FUNC,GLOBAL,2
SLUS_204.69,MenuBgParam,0x4da87c,4,OBJECT,GLOBAL,12
SLUS_204.69,SCENE_start,0x25a778,328,FUNC,GLOBAL,2
SLUS_204.69,MenuEtherParty,0x36dc38,32,OBJECT,GLOBAL,5
SLUS_204.69,MapNo,0x4db6c8,4,OBJECT,GLOBAL,12
SLUS_204.69,PartyFriendLockCheck,0x2b6080,148,FUNC,GLOBAL,2
SLUS_204.69,xglClockUInt2DayTime,0x21d430,276,FUNC,GLOBAL,2
SLUS_204.69,endPrintDirectCircle,0x27ded8,92,FUNC,GLOBAL,2
SLUS_204.69,xglSoundSendSmd,0x225c40,24,FUNC,GLOBAL,2
SLUS_204.69,nmlModelSetPartsVisible,0x2304b0,252,FUNC,GLOBAL,2
SLUS_204.69,Java_xeno_util_Runtime_setPlayerControl__Z,0x2f7430,80,FUNC,GLOBAL,2
SLUS_204.69,sqrt,0x324098,20,FUNC,GLOBAL,2
SLUS_204.69,xglVectorClampXYZ,0x2298c8,152,FUNC,GLOBAL,2
SLUS_204.69,xglFontLoad,0x21b5b0,112,FUNC,GLOBAL,2
SLUS_204.69,DrillHitCheck,0x2cae18,296,FUNC,GLOBAL,2
SLUS_204.69,_nextHeader,0x213e00,268,FUNC,GLOBAL,2
SLUS_204.69,Get_Height,0x2d8868,160,FUNC,GLOBAL,2
SLUS_204.69,Java_xeno_Chr_setMotNoUpdate__I,0x3011b0,228,FUNC,GLOBAL,2
SLUS_204.69,_nowEftNo,0x4dba8c,4,OBJECT,GLOBAL,12
SLUS_204.69,SsdCheckEffectData,0x240b30,68,FUNC,GLOBAL,2
SLUS_204.69,EnemySound_StopAll,0x2d0888,140,FUNC,GLOBAL,2
SLUS_204.69,_sequenceScalableExtension,0x2181e0,12,FUNC,GLOBAL,2
SLUS_204.69,Java_xeno_Camera_rotateSPL__aFIII,0x2fb728,44,FUNC,GLOBAL,2
SLUS_204.69,svImageListDestroy,0x2ddb40,72,FUNC,GLOBAL,2
SLUS_204.69,GameMovieInit,0x250c58,152,FUNC,GLOBAL,2
SLUS_204.69,vsprintf_r,0x333d00,84,FUNC,GLOBAL,2
SLUS_204.69,ATTR_InnerClasses,0x4dc740,4,OBJECT,GLOBAL,13
SLUS_204.69,sefExecLoadQue,0x2e7b48,52,FUNC,GLOBAL,2
SLUS_204.69,Unit_CreateUwamono,0x2be3b8,564,FUNC,GLOBAL,2
SLUS_204.69,_sceCd_cd_scmd,0x4ad448,40,OBJECT,GLOBAL,5
SLUS_204.69,Java_xeno_Unit_rotX__Ljava_lang_Object_FZ,0x302c90,8,FUNC,GLOBAL,2
SLUS_204.69,lineflg,0x4db6d1,1,OBJECT,GLOBAL,12
SLUS_204.69,endPrintExtFuncPack,0x27c0e0,72,FUNC,GLOBAL,2
SLUS_204.69,MenuMainAgwsCheck,0x28ec28,16,FUNC,GLOBAL,2
SLUS_204.69,RSRC_dispose,0x26d970,392,FUNC,GLOBAL,2
SLUS_204.69,TMENU_create,0x25f0c8,84,FUNC,GLOBAL,2
SLUS_204.69,EXM_InitMovedHair,0x31e860,48,FUNC,GLOBAL,2
SLUS_204.69,Check_Locater,0x2d6448,540,FUNC,GLOBAL,2
SLUS_204.69,SsdDisposeVagStream,0x241c88,64,FUNC,GLOBAL,2
SLUS_204.69,DB_params,0x2608e8,80,FUNC,GLOBAL,2
SLUS_204.69,_alalcInit,0x2171e0,20,FUNC,GLOBAL,2
SLUS_204.69,xglHddCheck,0x2272b8,104,FUNC,GLOBAL,2
SLUS_204.69,srsFileLoad,0x2e9780,20,FUNC,GLOBAL,2
SLUS_204.69,GameCamera,0x248668,2448,FUNC,GLOBAL,2
SLUS_204.69,classFromSig,0x2f5430,332,FUNC,GLOBAL,2
SLUS_204.69,nmlModelSendMenuStart,0x22e7c0,12,FUNC,GLOBAL,2
SLUS_204.69,nmlModelSetToumeiParts,0x22fb28,72,FUNC,GLOBAL,2
SLUS_204.69,DisableDmac,0x2010c0,104,FUNC,GLOBAL,2
SLUS_204.69,__divdi3,0x329fb0,1684,FUNC,GLOBAL,2
SLUS_204.69,DB_println,0x260938,172,FUNC,GLOBAL,2
SLUS_204.69,ioctl,0x200c10,8,FUNC,GLOBAL,2
SLUS_204.69,SsdStopEffect,0x240cf0,72,FUNC,GLOBAL,2
SLUS_204.69,SsdAddEffectData,0x240a70,120,FUNC,GLOBAL,2
SLUS_204.69,NewVu1LightTexAddEnvBackStrip1,0x1c38,0,NOTYPE,GLOBAL,47
SLUS_204.69,sceMcFormat,0x20f9d8,200,FUNC,GLOBAL,2
SLUS_204.69,xglFlagsGet4,0x222af8,24,FUNC,GLOBAL,2
SLUS_204.69,xglDmaBufferCnt,0x21b7c0,88,FUNC,GLOBAL,2
SLUS_204.69,matchBracket,0x25c0f8,176,FUNC,GLOBAL,2
SLUS_204.69,Java_xeno_Unit_move__IFFZ,0x3026c0,44,FUNC,GLOBAL,2
SLUS_204.69,scSetReg,0x2ea380,152,FUNC,GLOBAL,2
SLUS_204.69,tskUmnMailDisp,0xa06eb0,3208,FUNC,GLOBAL,1
SLUS_204.69,scWaitParseScript,0x2ebea0,108,FUNC,GLOBAL,2
SLUS_204.69,UmnHistoryTreeBuf,0xa10d18,4,OBJECT,GLOBAL,1
SLUS_204.69,ANM_resetTime,0x30e168,404,FUNC,GLOBAL,2
SLUS_204.69,endBackTexDraw,0x289850,540,FUNC,GLOBAL,2
SLUS_204.69,xglSoundStreamMain,0x226d60,492,FUNC,GLOBAL,2
SLUS_204.69,MMathSubVectorDivS,0x2ef670,48,FUNC,GLOBAL,2
SLUS_204.69,Check_MoveSquare,0x2d6e28,1048,FUNC,GLOBAL,2
SLUS_204.69,MenuTecNextTLevPointGet,0x2af588,116,FUNC,GLOBAL,2
SLUS_204.69,MenuParaUpCheck,0x2917d0,132,FUNC,GLOBAL,2
SLUS_204.69,RemoveIntcHandler,0x200220,16,FUNC,GLOBAL,2
SLUS_204.69,ModelDrawTypeOpen01,0x280d28,56,FUNC,GLOBAL,2
SLUS_204.69,collflg,0x4db6d3,1,OBJECT,GLOBAL,12
SLUS_204.69,EW_create,0x26c0e0,340,FUNC,GLOBAL,2
SLUS_204.69,MenuAgwsListMake_Pilot,0x29b228,332,FUNC,GLOBAL,2
SLUS_204.69,_sceCd_ncmd_prechk,0x20d240,368,FUNC,GLOBAL,2
SLUS_204.69,MAP_updateUnitMotion,0x320850,8,FUNC,GLOBAL,2
SLUS_204.69,packet_gs_entry64,0x23a218,68,FUNC,GLOBAL,2
SLUS_204.69,eMessageTextChange,0x27bce8,96,FUNC,GLOBAL,2
SLUS_204.69,DataBuffer_setPos,0x2f5fb8,16,FUNC,GLOBAL,2
SLUS_204.69,MMathRotTransPers,0x2eff38,96,FUNC,GLOBAL,2
SLUS_204.69,GetBSplineLoopDummy,0x2d8eb8,584,FUNC,GLOBAL,2
SLUS_204.69,DropShadowDefineTable,0x479790,80,OBJECT,GLOBAL,5
SLUS_204.69,Vu0CallMatrixStackPush,0x580,0,NOTYPE,GLOBAL,19
SLUS_204.69,Java_xeno_util_Format_intBitsToFloat__I,0x2f6820,16,FUNC,GLOBAL,2
SLUS_204.69,NewVu1LightTexMultiSpecAddEnvFaceStrip1,0x24f0,0,NOTYPE,GLOBAL,48
SLUS_204.69,nmlPacketAddGsFogCol,0x239f30,276,FUNC,GLOBAL,2
SLUS_204.69,_alalcRest,0x217288,24,FUNC,GLOBAL,2
SLUS_204.69,__floatdidf,0x32db50,168,FUNC,GLOBAL,2
SLUS_204.69,InitTLB,0x208a40,64,FUNC,GLOBAL,2
SLUS_204.69,sceMpegDelete,0x216e90,8,FUNC,GLOBAL,2
SLUS_204.69,MenuItemListMake00_1,0x28b6c8,360,FUNC,GLOBAL,2
SLUS_204.69,_sefBattleMode,0x4dba7e,2,OBJECT,GLOBAL,12
SLUS_204.69,BW4,0x4da9f0,4,OBJECT,GLOBAL,12
SLUS_204.69,getClassFromSignature,0x2f5580,32,FUNC,GLOBAL,2
SLUS_204.69,nmlModelSetGlobalFogReset,0x230320,32,FUNC,GLOBAL,2
SLUS_204.69,Java_xeno_Unit_setArgs__III,0x303f08,144,FUNC,GLOBAL,2
SLUS_204.69,iGsGetIMR,0x200850,16,FUNC,GLOBAL,2
SLUS_204.69,DataBuffer_init,0x2f5f70,56,FUNC,GLOBAL,2
SLUS_204.69,UmnEventTextInit,0xa0f650,36,FUNC,GLOBAL,1
SLUS_204.69,svImageListCreate,0x2ddb18,36,FUNC,GLOBAL,2
SLUS_204.69,QUAT_toMatrix4,0x26eef0,196,FUNC,GLOBAL,2
SLUS_204.69,_kill_r,0x32f4a0,92,FUNC,GLOBAL,2
SLUS_204.69,sefInitEffectBattle,0x2e6c08,112,FUNC,GLOBAL,2
SLUS_204.69,Java_xeno_Chr_resetWeaponR__Lxeno_Chr_,0x301308,104,FUNC,GLOBAL,2
SLUS_204.69,classJava_xeno_Enepc,0x4dc780,4,OBJECT,GLOBAL,13
SLUS_204.69,endPrintInit,0x27bf48,36,FUNC,GLOBAL,2
SLUS_204.69,ACT_setHand,0x30b830,144,FUNC,GLOBAL,2
SLUS_204.69,nmlModelDirectSend,0x2307a8,252,FUNC,GLOBAL,2
SLUS_204.69,printf,0x32f070,112,FUNC,GLOBAL,2
SLUS_204.69,MenuShopInfoSet,0x2a7da0,632,FUNC,GLOBAL,2
SLUS_204.69,FlagExEvent,0x4db9a6,1,OBJECT,GLOBAL,12
SLUS_204.69,NewVu1LightTexProBackStrip,0xb80,0,NOTYPE,GLOBAL,36
SLUS_204.69,JNT_setModel,0x313bb0,128,FUNC,GLOBAL,2
SLUS_204.69,tyaSiPicOutput,0x258300,1900,FUNC,GLOBAL,2
SLUS_204.69,vsprintf,0x333ca8,84,FUNC,GLOBAL,2
SLUS_204.69,RFU083_iSetEventFlag,0x200650,16,FUNC,GLOBAL,2
SLUS_204.69,Enemy_Command_Type,0x2d30b8,52,FUNC,GLOBAL,2
SLUS_204.69,eMessageNextWaitKeySearch,0x27ae10,196,FUNC,GLOBAL,2
SLUS_204.69,Java_xeno_Movie_update__,0x2fa2f8,176,FUNC,GLOBAL,2
SLUS_204.69,RssdBusy,0x23fe68,80,FUNC,GLOBAL,2
SLUS_204.69,scePadSetMainMode,0x20c1e0,180,FUNC,GLOBAL,2
SLUS_204.69,_nowScript,0x4dbb50,4,OBJECT,GLOBAL,12
SLUS_204.69,dataItmBoxDec,0x2bcc88,28,FUNC,GLOBAL,2
SLUS_204.69,sresFreeMemoryRes,0x2e90c0,76,FUNC,GLOBAL,2
SLUS_204.69,MenuSkillPas,0x4db65c,4,OBJECT,GLOBAL,12
SLUS_204.69,xglTimer0Get,0x2184d8,16,FUNC,GLOBAL,2
SLUS_204.69,MenuEtherMenuMain,0x2aadd8,748,FUNC,GLOBAL,2
SLUS_204.69,MenuModelSubWindowSet,0x27fd98,256,FUNC,GLOBAL,2
SLUS_204.69,xglFontFlush,0x21b130,500,FUNC,GLOBAL,2
SLUS_204.69,svDeleteImageMapperID,0x2de7e8,92,FUNC,GLOBAL,2
SLUS_204.69,UmnkosmosSpecialSet,0x275e18,92,FUNC,GLOBAL,2
SLUS_204.69,_signal_r,0x32f228,128,FUNC,GLOBAL,2
SLUS_204.69,RFU009,0x200190,16,FUNC,GLOBAL,2
SLUS_204.69,xglCullingCheckSeparateInit,0x23ea20,124,FUNC,GLOBAL,2
SLUS_204.69,xglMcGetState,0x21fc38,12,FUNC,GLOBAL,2
SLUS_204.69,Java_xeno_Chr_stop__,0x2fe438,444,FUNC,GLOBAL,2
SLUS_204.69,MenuParaPtRateGet,0x2913c0,40,FUNC,GLOBAL,2
SLUS_204.69,SyncDCache,0x200e18,124,FUNC,GLOBAL,2
SLUS_204.69,JNT_getVal_staticChain,0x30f538,1020,FUNC,GLOBAL,2
SLUS_204.69,sefIsFinishEffect,0x2e7a18,144,FUNC,GLOBAL,2
SLUS_204.69,_decPicture,0x2146a0,204,FUNC,GLOBAL,2
SLUS_204.69,sceSifFreeSysMemory,0x2075e0,120,FUNC,GLOBAL,2
SLUS_204.69,Java_xeno_Chr_rotZ__IFZ,0x2fe1a8,44,FUNC,GLOBAL,2
SLUS_204.69,xglTaskRemove,0x21c6b0,100,FUNC,GLOBAL,2
SLUS_204.69,Java_xeno_Chr_setPlayer__,0x2fcd48,428,FUNC,GLOBAL,2
SLUS_204.69,eMessageCpy,0x27bdc8,28,FUNC,GLOBAL,2
SLUS_204.69,s_inLayout,0x4a91e0,800,OBJECT,GLOBAL,5
SLUS_204.69,NewVu1TexEnvGsKick,0x0,0,NOTYPE,GLOBAL,25
SLUS_204.69,GameCameraChangeID,0x246bc0,156,FUNC,GLOBAL,2
SLUS_204.69,MenuTecStatusMain,0x2b0b80,1972,FUNC,GLOBAL,2
SLUS_204.69,xglRenderClearOn,0x22dbf8,12,FUNC,GLOBAL,2
SLUS_204.69,FileJpegDec,0x4daaac,4,OBJECT,GLOBAL,12
SLUS_204.69,__sseek,0x337770,100,FUNC,GLOBAL,2
SLUS_204.69,EtherTreeObjectDraw,0x2bbb28,716,FUNC,GLOBAL,2
SLUS_204.69,__sinit,0x335648,140,FUNC,GLOBAL,2
SLUS_204.69,check_occlusion,0x23e7e8,388,FUNC,GLOBAL,2
SLUS_204.69,ACT_setDrawEnv,0x307360,192,FUNC,GLOBAL,2
SLUS_204.69,Java_xeno_Chr_rotX__ILjava_lang_Object_Z,0x2fe058,44,FUNC,GLOBAL,2
SLUS_204.69,nmlModelSetFadeOut,0x22ee38,60,FUNC,GLOBAL,2
SLUS_204.69,Java_xeno_util_Runtime_setPlayerMoveParam__FFF,0x2f7480,32,FUNC,GLOBAL,2
SLUS_204.69,sdvSetAmbient,0x2ec428,64,FUNC,GLOBAL,2
SLUS_204.69,sceMpegDispCenterOffX,0x217198,12,FUNC,GLOBAL,2
SLUS_204.69,sceMpegIsEnd,0x216fd8,12,FUNC,GLOBAL,2
SLUS_204.69,MMathRad2DegVectorI,0x2ef288,40,FUNC,GLOBAL,2
SLUS_204.69,MenuAgwsParaSet,0x299f30,208,FUNC,GLOBAL,2
SLUS_204.69,MenuBibrationInit,0x275230,36,FUNC,GLOBAL,2
SLUS_204.69,PacketSizeNewVu1TexEnvMicroCode,0x4b0a40,0,NOTYPE,GLOBAL,9
SLUS_204.69,WindowDXMain,0x282a08,808,FUNC,GLOBAL,2
SLUS_204.69,Check_InsideFan_Wooo,0x2d83b8,172,FUNC,GLOBAL,2
SLUS_204.69,UmnMailEventCheck,0xa0f000,104,FUNC,GLOBAL,1
SLUS_204.69,initLight3,0x268ab8,628,FUNC,GLOBAL,2
SLUS_204.69,sceOpen,0x2046c8,644,FUNC,GLOBAL,2
SLUS_204.69,Java_xeno_Stage_setBgClip__I,0x305420,16,FUNC,GLOBAL,2
SLUS_204.69,MMathRotateMatrixXYZ,0x2efaf8,180,FUNC,GLOBAL,2
SLUS_204.69,UmnPrintTest,0x272718,8,FUNC,GLOBAL,2
SLUS_204.69,RFU090_iReferEventFlagStatus,0x2006c0,16,FUNC,GLOBAL,2
SLUS_204.69,sefDeleteEffectWait,0x2e7430,172,FUNC,GLOBAL,2
SLUS_204.69,__load_start_ov12,0xad5092,0,OBJECT,GLOBAL,65521
SLUS_204.69,Java_xeno_Unit_setFilter__I,0x304928,168,FUNC,GLOBAL,2
SLUS_204.69,Java_xeno_util_Runtime_enable__I,0x2f74c0,28,FUNC,GLOBAL,2
SLUS_204.69,_rix_101,0x211e90,220,FUNC,GLOBAL,2
SLUS_204.69,Get_EnemyIDPos,0x2d8538,544,FUNC,GLOBAL,2
SLUS_204.69,xglVectorInner4,0x2296a0,64,FUNC,GLOBAL,2
SLUS_204.69,sefSearchMapperIndex2,0x2e1330,524,FUNC,GLOBAL,2
SLUS_204.69,MenuBgCameraId,0x4da880,4,OBJECT,GLOBAL,12
SLUS_204.69,checkTalkPoint,0x2458d0,356,FUNC,GLOBAL,2
SLUS_204.69,SCRIPT_fade,0x261258,24,FUNC,GLOBAL,2
SLUS_204.69,MATRIX_print,0x26de50,164,FUNC,GLOBAL,2
SLUS_204.69,__register_frame,0x32cd58,48,FUNC,GLOBAL,2
SLUS_204.69,DisableIntc,0x200ff0,104,FUNC,GLOBAL,2
SLUS_204.69,GetPartsPos,0x2be668,128,FUNC,GLOBAL,2
SLUS_204.69,_setlocale_r,0x3360d8,140,FUNC,GLOBAL,2
SLUS_204.69,nmlModelSetFadeIn,0x22ee78,132,FUNC,GLOBAL,2
SLUS_204.69,TM_Enemy_Move_Step,0x2ce188,492,FUNC,GLOBAL,2
SLUS_204.69,sceClose,0x204950,380,FUNC,GLOBAL,2
SLUS_204.69,NewVu1LightTexProFaceStrip2,0x1178,0,NOTYPE,GLOBAL,37
SLUS_204.69,_FacePoint,0x23e2c0,116,FUNC,GLOBAL,2
SLUS_204.69,__sfmoreglue,0x335498,120,FUNC,GLOBAL,2
SLUS_204.69,xglRenderSetReso,0x22d698,216,FUNC,GLOBAL,2
SLUS_204.69,primitive,0x4dc72c,4,OBJECT,GLOBAL,13
SLUS_204.69,nmlFadePacketWrite,0x22ec48,96,FUNC,GLOBAL,2
SLUS_204.69,xglCdControlThread,0x21d030,660,FUNC,GLOBAL,2
SLUS_204.69,MenuSaveMapTextLoad,0x28e9f0,108,FUNC,GLOBAL,2
SLUS_204.69,ungetc,0x337b40,392,FUNC,GLOBAL,2
SLUS_204.69,NewVu1VertcolTexProStrip,0x11e8,0,NOTYPE,GLOBAL,37
SLUS_204.69,Java_xeno_Stage_setEventFade__IFFFIFFF,0x3050e8,104,FUNC,GLOBAL,2
SLUS_204.69,Java_xeno_Chr_setID__I,0x300038,108,FUNC,GLOBAL,2
SLUS_204.69,DrawActiveCursol,0x2bfd28,508,FUNC,GLOBAL,2
SLUS_204.69,SeisanInit,0x2a19e0,1552,FUNC,GLOBAL,2
SLUS_204.69,__load_start_ov99,0xb30214,0,OBJECT,GLOBAL,65521
SLUS_204.69,sceMcMkdir,0x20ee80,52,FUNC,GLOBAL,2
SLUS_204.69,sceMcChdir,0x20f888,336,FUNC,GLOBAL,2
SLUS_204.69,DoubleDoorFunc,0x2c4d20,8,FUNC,GLOBAL,2
SLUS_204.69,xglJpegDecode,0x225840,532,FUNC,GLOBAL,2
SLUS_204.69,SetContainer,0x2c9060,300,FUNC,GLOBAL,2
SLUS_204.69,wpnBox,0x426740,510,OBJECT,GLOBAL,5
SLUS_204.69,__malloc_unlock,0x32efc0,76,FUNC,GLOBAL,2
SLUS_204.69,MenuSkillListMain,0x2b8d98,1056,FUNC,GLOBAL,2
SLUS_204.69,ppSetPos,0x2d9410,28,FUNC,GLOBAL,2
SLUS_204.69,MenuGameDataPop,0x242f90,500,FUNC,GLOBAL,2
SLUS_204.69,xglRenderDrawEnvMove,0x22d2a0,148,FUNC,GLOBAL,2
SLUS_204.69,smInitilize,0x2eec80,68,FUNC,GLOBAL,2
SLUS_204.69,Java_xeno_util_Runtime_CaptureEnd__,0x2f74f0,20,FUNC,GLOBAL,2
SLUS_204.69,__load_stop_ov10,0xac701a,0,OBJECT,GLOBAL,65521
SLUS_204.69,vmDebugMask,0x4dbb80,4,OBJECT,GLOBAL,12
SLUS_204.69,srsAtan2,0x2e1000,428,FUNC,GLOBAL,2
SLUS_204.69,iRotateThreadReadyQueue,0x201598,124,FUNC,GLOBAL,2
SLUS_204.69,EtherTreeParaSet,0x2ba608,236,FUNC,GLOBAL,2
SLUS_204.69,GameDefocusCheck,0x24fe70,104,FUNC,GLOBAL,2
SLUS_204.69,xglCullingMapCreate,0x23ee18,192,FUNC,GLOBAL,2
SLUS_204.69,nmlModelSetLight,0x22fe00,92,FUNC,GLOBAL,2
SLUS_204.69,GameMovieFrame,0x4d9ef6,2,OBJECT,GLOBAL,12
SLUS_204.69,Java_xeno_util_Runtime_setShootRange__F,0x2f7990,16,FUNC,GLOBAL,2
SLUS_204.69,sceCdInit,0x20d6c8,736,FUNC,GLOBAL,2
SLUS_204.69,sceMcUnformat,0x20ffc0,200,FUNC,GLOBAL,2
SLUS_204.69,scePadPortOpen,0x20b8f8,484,FUNC,GLOBAL,2
SLUS_204.69,xglFlagsInitial,0x222b98,52,FUNC,GLOBAL,2
SLUS_204.69,scGetAdrScript,0x2ea530,60,FUNC,GLOBAL,2
SLUS_204.69,MenuEtherListMake02,0x2ad880,288,FUNC,GLOBAL,2
SLUS_204.69,strlwr,0x32fe08,76,FUNC,GLOBAL,2
SLUS_204.69,sceVif1PkOpenDirectHLCode,0x20b3f0,88,FUNC,GLOBAL,2
SLUS_204.69,SsdSetVagStreamParam,0x242010,80,FUNC,GLOBAL,2
SLUS_204.69,SsdSetSeqSignal,0x241978,72,FUNC,GLOBAL,2
SLUS_204.69,STAGE_instance,0x25ae30,740,FUNC,GLOBAL,2
SLUS_204.69,MenuSkillL1R1Main,0x2b8110,544,FUNC,GLOBAL,2
SLUS_204.69,xglFontSetFlags,0x21b5a0,16,FUNC,GLOBAL,2
SLUS_204.69,_strtod_r,0x3302a8,3860,FUNC,GLOBAL,2
SLUS_204.69,tskUmnMailHensin,0xa07b38,888,FUNC,GLOBAL,1
SLUS_204.69,_packet,0x40d4e0,16,OBJECT,GLOBAL,5
SLUS_204.69,nmlPacketGsInit,0x239c80,8,FUNC,GLOBAL,2
SLUS_204.69,MenuSystemMenuMain,0x2b45a8,1840,FUNC,GLOBAL,2
SLUS_204.69,subListMake00,0x290f88,76,FUNC,GLOBAL,2
SLUS_204.69,nmlModelSetPartsPixelAlpha,0x22fc28,96,FUNC,GLOBAL,2
SLUS_204.69,_getAllRefs,0x210a00,1796,FUNC,GLOBAL,2
SLUS_204.69,PacketSizeNewVu1AddEnvMicroCode,0x4b9700,0,NOTYPE,GLOBAL,9
SLUS_204.69,MenuStatusDisp,0x279098,4208,FUNC,GLOBAL,2
SLUS_204.69,NewVu1LightTexSpecAddEnvStrip1,0x1c70,0,NOTYPE,GLOBAL,47
SLUS_204.69,iSetAlarm,0x200300,16,FUNC,GLOBAL,2
SLUS_204.69,Enemy_ActionReady,0x2d3828,1520,FUNC,GLOBAL,2
SLUS_204.69,sefSetupEffect,0x2e6fe0,28,FUNC,GLOBAL,2
SLUS_204.69,GameResourceGetIndex,0x24d7b8,72,FUNC,GLOBAL,2
SLUS_204.69,nmlPacketAddGsPrmode,0x23a158,72,FUNC,GLOBAL,2
SLUS_204.69,xglFlagsGet64,0x222b58,64,FUNC,GLOBAL,2
SLUS_204.69,sceSifSearchModuleByAddress,0x207e70,144,FUNC,GLOBAL,2
SLUS_204.69,xglMatrixStackInverse,0x22a430,36,FUNC,GLOBAL,2
SLUS_204.69,_cpr8,0x214b58,624,FUNC,GLOBAL,2
SLUS_204.69,xglFontReloadTexture,0x21ae48,740,FUNC,GLOBAL,2
SLUS_204.69,MenuEtherWhoCheck,0x2a9fc8,124,FUNC,GLOBAL,2
SLUS_204.69,MenuItemStatusMain,0x28a900,2060,FUNC,GLOBAL,2
SLUS_204.69,PauseMenuPagePartyDebugLockParty,0x273400,472,FUNC,GLOBAL,2
SLUS_204.69,CheckNearPoint,0x2c29d8,220,FUNC,GLOBAL,2
SLUS_204.69,xglMatrixStackTrans,0x22a480,36,FUNC,GLOBAL,2
SLUS_204.69,EventCheck_Square_Button_Center,0x2d6308,168,FUNC,GLOBAL,2
SLUS_204.69,Java_xeno_Unit_sclZ__FFZ,0x3035e8,44,FUNC,GLOBAL,2
SLUS_204.69,NewVu1LightTexMultiSpecEnvBackStrip,0x11f0,0,NOTYPE,GLOBAL,29
SLUS_204.69,GameSnapShotSaveThumbnail,0x24dd18,312,FUNC,GLOBAL,2
SLUS_204.69,After_Talk,0x2d0ad8,144,FUNC,GLOBAL,2
SLUS_204.69,NewVu1LightTexMultiSpecEnvFaceStrip,0x11b8,0,NOTYPE,GLOBAL,29
SLUS_204.69,DataBuffer_BigEndian_getUIntegerAt,0x2f60e0,76,FUNC,GLOBAL,2
SLUS_204.69,Enemy_Command_Turn,0x2d2f78,120,FUNC,GLOBAL,2
SLUS_204.69,svGetPrmFromName,0x2ddd18,316,FUNC,GLOBAL,2
SLUS_204.69,MenuItemSegment,0x4dab34,4,OBJECT,GLOBAL,12
SLUS_204.69,Java_xeno_util_Runtime_execBattle__II,0x2f7200,232,FUNC,GLOBAL,2
SLUS_204.69,nmlModelDirectSendXtx,0x230998,140,FUNC,GLOBAL,2
SLUS_204.69,bltBox,0x426940,510,OBJECT,GLOBAL,5
SLUS_204.69,xglFlagsSet2,0x222958,28,FUNC,GLOBAL,2
SLUS_204.69,Java_xeno_Chr_pixelAlphaParts__II,0x3010d8,136,FUNC,GLOBAL,2
SLUS_204.69,Java_xeno_Unit_map_shadow__I,0x304848,124,FUNC,GLOBAL,2
SLUS_204.69,xglMatrix2Quaternion,0x22a6a8,680,FUNC,GLOBAL,2
SLUS_204.69,Java_xeno_Chr_setEdgeFall__I,0x2ffdf8,116,FUNC,GLOBAL,2
SLUS_204.69,EXM_InitWind,0x31ebe0,32,FUNC,GLOBAL,2
SLUS_204.69,PacketSizeNewVu1ProMicroCode,0x4b54a0,0,NOTYPE,GLOBAL,9
SLUS_204.69,tyaBmpOutput,0x258050,684,FUNC,GLOBAL,2
SLUS_204.69,ReferSemaStatus,0x200590,16,FUNC,GLOBAL,2
SLUS_204.69,Java_xeno_Chr_sclX__FFZ,0x2ff748,44,FUNC,GLOBAL,2
SLUS_204.69,EtherTreeObjectSet,0x2ba820,336,FUNC,GLOBAL,2
SLUS_204.69,Java_xeno_Unit_setClip__I,0x304c58,120,FUNC,GLOBAL,2
SLUS_204.69,sefGetEffectName,0x2e8148,36,FUNC,GLOBAL,2
SLUS_204.69,ACT_pauseUpdate,0x305fc8,200,FUNC,GLOBAL,2
SLUS_204.69,MenuCfTaiki,0x36c278,32,OBJECT,GLOBAL,5
SLUS_204.69,Java_xeno_Unit_suspend__I,0x304770,32,FUNC,GLOBAL,2
SLUS_204.69,sresLoadBattleData,0x2e9378,1028,FUNC,GLOBAL,2
SLUS_204.69,_xlaunch,0x208d80,0,OBJECT,GLOBAL,2
SLUS_204.69,subMWDraw,0x283430,244,FUNC,GLOBAL,2
SLUS_204.69,TitleGameInit,0xa017a0,80,FUNC,GLOBAL,1
SLUS_204.69,xglMpeg2InfoInit,0x222848,24,FUNC,GLOBAL,2
SLUS_204.69,xglPadInitial,0x21ba68,280,FUNC,GLOBAL,2
SLUS_204.69,Judge_MakeNewSavedata,0x227970,448,FUNC,GLOBAL,2
SLUS_204.69,sceSifUnloadModule,0x207d40,144,FUNC,GLOBAL,2
SLUS_204.69,MenuAgwsCameraMove,0x29d7c8,208,FUNC,GLOBAL,2
SLUS_204.69,YajimaTest,0x257ec0,332,FUNC,GLOBAL,2
SLUS_204.69,memmove,0x32ed7c,260,FUNC,GLOBAL,2
SLUS_204.69,Ladder_Main,0x2d0390,248,FUNC,GLOBAL,2
SLUS_204.69,MATRIX_mul4sx3,0x26e400,268,FUNC,GLOBAL,2
SLUS_204.69,TMENU_dispose,0x25f120,100,FUNC,GLOBAL,2
SLUS_204.69,UmnSimulation,0xa0c1c8,700,FUNC,GLOBAL,1
SLUS_204.69,_loadEsdData,0x411a88,51200,OBJECT,GLOBAL,5
SLUS_204.69,sefIsEntryBoss,0x2e7000,12,FUNC,GLOBAL,2
SLUS_204.69,MATRIX_convert4MulMatrixRev,0x26e280,140,FUNC,GLOBAL,2
SLUS_204.69,nmlModelCalcClipCam,0x23f560,44,FUNC,GLOBAL,2
SLUS_204.69,findNativeMethod,0x2f4528,100,FUNC,GLOBAL,2
SLUS_204.69,NewVu1LightTexMultiSpecEnvStrip2,0x3058,0,NOTYPE,GLOBAL,33
SLUS_204.69,xglMcEasySave,0x220b30,260,FUNC,GLOBAL,2
SLUS_204.69,Get_LadderID_Limit,0x2ce920,316,FUNC,GLOBAL,2
SLUS_204.69,scePadGetReqState,0x20bde0,80,FUNC,GLOBAL,2
SLUS_204.69,__load_stop_ov12,0xb30186,0,OBJECT,GLOBAL,65521
SLUS_204.69,sefDeleteEffect2,0x2e7748,20,FUNC,GLOBAL,2
SLUS_204.69,SCRIPT_talkIgnoreClr,0x2611a8,8,FUNC,GLOBAL,2
SLUS_204.69,_nowDataIdx,0x4dbb58,4,OBJECT,GLOBAL,12
SLUS_204.69,getPeer_Enepc,0x2f9128,720,FUNC,GLOBAL,2
SLUS_204.69,drawGrid,0x265eb0,864,FUNC,GLOBAL,2
SLUS_204.69,nmlModelSetTexOffset,0x22ff38,92,FUNC,GLOBAL,2
SLUS_204.69,CreateKowaremono,0x2bf5c8,236,FUNC,GLOBAL,2
SLUS_204.69,LoadMapOnly,0x25acb8,120,FUNC,GLOBAL,2
SLUS_204.69,_cleanup,0x335628,28,FUNC,GLOBAL,2
SLUS_204.69,MMathRotTransPersClip,0x2eff98,124,FUNC,GLOBAL,2
SLUS_204.69,WindowTexLoad,0x274be0,260,FUNC,GLOBAL,2
SLUS_204.69,sceResetttyinit,0x2009a0,12,FUNC,GLOBAL,2
SLUS_204.69,sefMergeMatrixPos,0x2e7f60,40,FUNC,GLOBAL,2
SLUS_204.69,nmlModelSendSignalMovieFinish,0x22e868,264,FUNC,GLOBAL,2
SLUS_204.69,JTHREAD_defaultScene,0x305638,96,FUNC,GLOBAL,2
SLUS_204.69,NewVu1AddLightTexReflSpecFaceStrip,0x2438,0,NOTYPE,GLOBAL,43
SLUS_204.69,setupClass,0x2f16b0,84,FUNC,GLOBAL,2
SLUS_204.69,g_nPacketOver,0x4dc480,4,OBJECT,GLOBAL,12
SLUS_204.69,NewVu1AddEnvGsKickWide,0x28,0,NOTYPE,GLOBAL,44
SLUS_204.69,_Balloc,0x336430,164,FUNC,GLOBAL,2
SLUS_204.69,Java_xeno_util_Menu_setVisible__Z,0x2f8be8,8,FUNC,GLOBAL,2
SLUS_204.69,xglArxExtract,0x2185a8,756,FUNC,GLOBAL,2
SLUS_204.69,NewVu1LightTexMultiSpecAddEnvStrip,0xee8,0,NOTYPE,GLOBAL,45
SLUS_204.69,Java_xeno_Chr_rotX__FFZ,0x2fdff8,44,FUNC,GLOBAL,2
SLUS_204.69,TextTest,0x26f7c0,328,FUNC,GLOBAL,2
SLUS_204.69,iReferThreadStatus,0x200430,16,FUNC,GLOBAL,2
SLUS_204.69,MSG_send,0x25b1a8,8,FUNC,GLOBAL,2
SLUS_204.69,STR_indexReverse,0x2607c8,60,FUNC,GLOBAL,2
SLUS_204.69,eBattleWinMain,0x281b70,240,FUNC,GLOBAL,2
SLUS_204.69,xglSoundStreamOpenVagMulti,0x226ae0,32,FUNC,GLOBAL,2
SLUS_204.69,RFU082_SetEventFlag,0x200640,16,FUNC,GLOBAL,2
SLUS_204.69,subEtherTreeRightMain,0x2bacf0,164,FUNC,GLOBAL,2
SLUS_204.69,LAYOUT_mapID_setChr,0x2f6dd8,408,FUNC,GLOBAL,2
SLUS_204.69,Java_xeno_Unit_setMonitorPrio__I,0x304cd0,108,FUNC,GLOBAL,2
SLUS_204.69,xglMatrixRotX,0x22a0f8,156,FUNC,GLOBAL,2
SLUS_204.69,sefDrawParticle2D,0x2df1e8,1276,FUNC,GLOBAL,2
SLUS_204.69,EnemySound,0x2d0770,196,FUNC,GLOBAL,2
SLUS_204.69,SCRIPT_talkIgnoreSet,0x261198,12,FUNC,GLOBAL,2
SLUS_204.69,Get_Decimal_Surplus_for_Radius,0x2d6da0,132,FUNC,GLOBAL,2
SLUS_204.69,MenuGameDataPush,0x242ef0,160,FUNC,GLOBAL,2
SLUS_204.69,_ri0_001,0x211910,204,FUNC,GLOBAL,2
SLUS_204.69,_sceCd_ncmd_semid,0x4aba28,4,OBJECT,GLOBAL,5
SLUS_204.69,Java_xeno_util_Runtime_resetFriend__I,0x2f7e40,36,FUNC,GLOBAL,2
SLUS_204.69,tskUmnSimulationList,0xa0bee8,736,FUNC,GLOBAL,1
SLUS_204.69,TWIN_create2,0x25dc68,628,FUNC,GLOBAL,2
SLUS_204.69,GameStateRestoreKoware,0x2bf350,148,FUNC,GLOBAL,2
SLUS_204.69,SGsRestoreEnv,0x2defa0,200,FUNC,GLOBAL,2
SLUS_204.69,RSRC_getDirtyItem,0x26ddb0,160,FUNC,GLOBAL,2
SLUS_204.69,PacketSizeNewVu1DropMicroCode,0x4bd490,0,NOTYPE,GLOBAL,9
SLUS_204.69,xglCdStreamRead,0x21e578,148,FUNC,GLOBAL,2
SLUS_204.69,JNT_resetHair,0x3142a8,112,FUNC,GLOBAL,2
SLUS_204.69,ppInit,0x2d92e0,60,FUNC,GLOBAL,2
SLUS_204.69,MotTransXYZ,0x321be0,232,FUNC,GLOBAL,2
SLUS_204.69,SCRIPT_sceneChangeTimeInit,0x2611b8,8,FUNC,GLOBAL,2
SLUS_204.69,SsdSetPcmStreamVolume,0x241b80,72,FUNC,GLOBAL,2
SLUS_204.69,DB_printf,0x2609e8,172,FUNC,GLOBAL,2
SLUS_204.69,xglHddMcLoadCore,0x227758,160,FUNC,GLOBAL,2
SLUS_204.69,nmlModelSetTransparency,0x22fd58,72,FUNC,GLOBAL,2
SLUS_204.69,sceSifSetCmdBuffer,0x202a58,24,FUNC,GLOBAL,2
SLUS_204.69,EtherTreeBlackMain,0x2bb148,160,FUNC,GLOBAL,2
SLUS_204.69,cfMtnList,0x365e20,992,OBJECT,GLOBAL,5
SLUS_204.69,_sequenceExtension,0x218020,304,FUNC,GLOBAL,2
SLUS_204.69,iGetCop0,0x2007c0,16,FUNC,GLOBAL,2
SLUS_204.69,nmlModelSetReflTransparency,0x22fda0,64,FUNC,GLOBAL,2
SLUS_204.69,MenuTagTextGet,0x28ee00,24,FUNC,GLOBAL,2
SLUS_204.69,cCursor,0x36afe0,24,OBJECT,GLOBAL,5
SLUS_204.69,xglCullingMapDisp,0x23eed8,88,FUNC,GLOBAL,2
SLUS_204.69,MMathCalcLengthYZ,0x2ef360,40,FUNC,GLOBAL,2
SLUS_204.69,nmlModelSetFogCol,0x230018,36,FUNC,GLOBAL,2
SLUS_204.69,PartyTimeUpDate,0x2b68e8,148,FUNC,GLOBAL,2
SLUS_204.69,MAP_getHeight,0x31f4f0,88,FUNC,GLOBAL,2
SLUS_204.69,DoorCommonFunc,0x2c5480,484,FUNC,GLOBAL,2
SLUS_204.69,TWSYS_draw,0x25d1c8,328,FUNC,GLOBAL,2
SLUS_204.69,xglCullingCheckSeparate,0x23eaa0,148,FUNC,GLOBAL,2
SLUS_204.69,Java_xeno_Unit_getScale__,0x304160,144,FUNC,GLOBAL,2
SLUS_204.69,MotInit,0x321cd0,8,FUNC,GLOBAL,2
SLUS_204.69,EXM_OffMovedHair,0x31e8a8,16,FUNC,GLOBAL,2
SLUS_204.69,sceSifGetReg,0x200930,16,FUNC,GLOBAL,2
SLUS_204.69,Java_xeno_util_Input_getEdge__,0x2f6b50,124,FUNC,GLOBAL,2
SLUS_204.69,GameResource,0x366620,2048,OBJECT,GLOBAL,5
SLUS_204.69,atol,0x333e68,28,FUNC,GLOBAL,2
SLUS_204.69,SetItemSymbolRsrc,0x2c6fb8,488,FUNC,GLOBAL,2
SLUS_204.69,MenuSelectMove,0x274e08,196,FUNC,GLOBAL,2
SLUS_204.69,__errno,0x32e158,12,FUNC,GLOBAL,2
SLUS_204.69,Java_xeno_Chr_touchto__Ljava_lang_String_,0x3007d0,104,FUNC,GLOBAL,2
SLUS_204.69,sefScaleIVectorAdd,0x2e7f18,40,FUNC,GLOBAL,2
SLUS_204.69,sceUmount,0x206c30,28,FUNC,GLOBAL,2
SLUS_204.69,sefGetParentMatrix,0x2e5b10,644,FUNC,GLOBAL,2
SLUS_204.69,EtherTreeLineColorGet,0x2b9f90,100,FUNC,GLOBAL,2
SLUS_204.69,ACT_DrawShadowInit,0x31a188,8,FUNC,GLOBAL,2
SLUS_204.69,NewVu1DropGsKick,0x0,0,NOTYPE,GLOBAL,52
SLUS_204.69,NewVu1LightTexFaceStrip,0x1648,0,NOTYPE,GLOBAL,22
SLUS_204.69,sefGetParentLine,0x2e7ee0,56,FUNC,GLOBAL,2
SLUS_204.69,RES_getPath,0x24a390,44,FUNC,GLOBAL,2
SLUS_204.69,JNT_addConsumer,0x313d70,156,FUNC,GLOBAL,2
SLUS_204.69,PacketDataNewVu1ProMicroCode,0x4b54b0,0,NOTYPE,GLOBAL,9
SLUS_204.69,SsdDisposeSampling,0x241060,64,FUNC,GLOBAL,2
SLUS_204.69,DataBuffer_getBytes,0x2f5fd8,84,FUNC,GLOBAL,2
SLUS_204.69,GameResourceWorkReload,0x24a998,60,FUNC,GLOBAL,2
SLUS_204.69,PacketDataNewVu1MicroCode,0x4ae5b0,0,NOTYPE,GLOBAL,9
SLUS_204.69,scMoveParseScript,0x2ec2a0,108,FUNC,GLOBAL,2
SLUS_204.69,sresFreeReloaderMemoryNo,0x2e8e60,184,FUNC,GLOBAL,2
SLUS_204.69,_outputFrame,0x214770,144,FUNC,GLOBAL,2
SLUS_204.69,JNT_setInterrupt,0x3147f0,100,FUNC,GLOBAL,2
SLUS_204.69,_Error1,0x2178f8,52,FUNC,GLOBAL,2
SLUS_204.69,Java_xeno_Chr_setPointLightReset__,0x3006e0,132,FUNC,GLOBAL,2
SLUS_204.69,JNT_getStaticVal,0x30edc8,356,FUNC,GLOBAL,2
SLUS_204.69,DISP_off,0x25a9c0,120,FUNC,GLOBAL,2
SLUS_204.69,Java_xeno_Scene_stop__,0x304d68,8,FUNC,GLOBAL,2
SLUS_204.69,iSsdNewMemoryPtr2,0x242278,260,FUNC,GLOBAL,2
SLUS_204.69,nmlModelSetFadeOutDispose,0x22ee18,16,FUNC,GLOBAL,2
SLUS_204.69,subSeisanCheck,0x2a14c0,252,FUNC,GLOBAL,2
SLUS_204.69,sceVif1PkRef,0x20ad50,152,FUNC,GLOBAL,2
SLUS_204.69,sceCdCallback,0x20c9a8,84,FUNC,GLOBAL,2
SLUS_204.69,CheckDist2D,0x2c8eb0,92,FUNC,GLOBAL,2
SLUS_204.69,_groupOfPicturesHeader,0x2143b0,160,FUNC,GLOBAL,2
SLUS_204.69,MenuModelResourceState,0x36d500,204,OBJECT,GLOBAL,5
SLUS_204.69,Java_xeno_Chr_rotZ__FFZ,0x2fe178,44,FUNC,GLOBAL,2
SLUS_204.69,Enemy_Command_LookAt,0x2d3178,176,FUNC,GLOBAL,2
SLUS_204.69,xglVectorNormal,0x2297e8,40,FUNC,GLOBAL,2
SLUS_204.69,SeisanItemBox,0x4db0d4,4,OBJECT,GLOBAL,12
SLUS_204.69,__ieee754_rem_pio2f,0x326f38,968,FUNC,GLOBAL,2
SLUS_204.69,FrameCount,0x4dc3cc,4,OBJECT,GLOBAL,12
SLUS_204.69,sceCdPause,0x20de78,172,FUNC,GLOBAL,2
SLUS_204.69,task_xmx,0xa0ff08,4,OBJECT,GLOBAL,1
SLUS_204.69,MenuScenarioNo,0x4da820,4,OBJECT,GLOBAL,12
SLUS_204.69,NewVu1LightTexMultiSpecAddEnvBackStrip2,0x3780,0,NOTYPE,GLOBAL,50
SLUS_204.69,nmlModelInit,0x235f60,92,FUNC,GLOBAL,2
SLUS_204.69,nextActor,0x266f60,104,FUNC,GLOBAL,2
SLUS_204.69,nmlPacketAddTransData,0x238da8,88,FUNC,GLOBAL,2
SLUS_204.69,scInitScript,0x2e9b28,204,FUNC,GLOBAL,2
SLUS_204.69,MenuLoadInit,0x2751d8,8,FUNC,GLOBAL,2
SLUS_204.69,Java_xeno_Unit_rotZ__FFZ,0x302d08,44,FUNC,GLOBAL,2
SLUS_204.69,Java_xeno_Chr_rotX__Ljava_lang_Object_FZ,0x2fe088,44,FUNC,GLOBAL,2
SLUS_204.69,MAP_updateUnitSaveSymbol,0x2bfb60,60,FUNC,GLOBAL,2
SLUS_204.69,scePadSetActDirect,0x20c298,192,FUNC,GLOBAL,2
SLUS_204.69,_loadCommonData,0x4dba98,4,OBJECT,GLOBAL,12
SLUS_204.69,Actor_LookAt_Init,0x2d2d20,44,FUNC,GLOBAL,2
SLUS_204.69,endPrintJpeg,0x27eee0,552,FUNC,GLOBAL,2
SLUS_204.69,Actor_LookAt,0x2d2b98,196,FUNC,GLOBAL,2
SLUS_204.69,eMessageSet,0x27bc70,116,FUNC,GLOBAL,2
SLUS_204.69,PLAY_loadCamera,0x26a7e8,8,FUNC,GLOBAL,2
SLUS_204.69,sceVif1PkEnd,0x20ade8,88,FUNC,GLOBAL,2
SLUS_204.69,GetGsVParam,0x2005f0,16,FUNC,GLOBAL,2
SLUS_204.69,nmlModelSetFadeOutLockOff,0x22ed30,12,FUNC,GLOBAL,2
SLUS_204.69,MenuSortAddrGet,0x290f38,24,FUNC,GLOBAL,2
SLUS_204.69,PDB_findFile,0x2f5da8,388,FUNC,GLOBAL,2
SLUS_204.69,actor,0x43c1e0,171008,OBJECT,GLOBAL,5
SLUS_204.69,RFU091,0x2006d0,16,FUNC,GLOBAL,2
SLUS_204.69,xglGeometryInit,0x22aa88,60,FUNC,GLOBAL,2
SLUS_204.69,ActiveMenuNo,0x4dc2cc,4,OBJECT,GLOBAL,12
SLUS_204.69,SEQ_moveUnitChr,0x320288,608,FUNC,GLOBAL,2
SLUS_204.69,ACT_animCheckData,0x306d80,24,FUNC,GLOBAL,2
SLUS_204.69,CharInfoMain,0x291fb0,2228,FUNC,GLOBAL,2
SLUS_204.69,nmlPacketAddBlockMaterial,0x237178,1040,FUNC,GLOBAL,2
SLUS_204.69,actTalkAfter,0x245ab0,72,FUNC,GLOBAL,2
SLUS_204.69,TopMenu,0x277ff8,904,FUNC,GLOBAL,2
SLUS_204.69,xglSoundEffectNormalDirect,0x226300,144,FUNC,GLOBAL,2
SLUS_204.69,_d2b,0x337180,388,FUNC,GLOBAL,2
SLUS_204.69,NewVu1ProStrip,0x1838,0,NOTYPE,GLOBAL,38
SLUS_204.69,PartyCharNumGet,0x2b6518,108,FUNC,GLOBAL,2
SLUS_204.69,sceTtyInit,0x201cf0,188,FUNC,GLOBAL,2
SLUS_204.69,TCAMERA_info,0x308640,520,FUNC,GLOBAL,2
SLUS_204.69,NyuruBox,0x2c1740,672,FUNC,GLOBAL,2
SLUS_204.69,_multiply,0x3368b8,524,FUNC,GLOBAL,2
SLUS_204.69,_rix_110,0x212058,212,FUNC,GLOBAL,2
SLUS_204.69,_ExecPS2,0x200170,16,FUNC,GLOBAL,2
SLUS_204.69,tcamera,0x465e10,38400,OBJECT,GLOBAL,5
SLUS_204.69,FCV2_getPackValue,0x30da40,140,FUNC,GLOBAL,2
SLUS_204.69,CreateUwamono,0x2bf4c8,256,FUNC,GLOBAL,2
SLUS_204.69,RFU081_DeleteEventFlag,0x200630,16,FUNC,GLOBAL,2
SLUS_204.69,xglVectorDivSub,0x229300,132,FUNC,GLOBAL,2
SLUS_204.69,subTreeLineDraw_type_2,0x2bc020,324,FUNC,GLOBAL,2
SLUS_204.69,LoadMap2,0x25ac20,152,FUNC,GLOBAL,2
SLUS_204.69,MenuHddCheck,0x4da82c,4,OBJECT,GLOBAL,12
SLUS_204.69,Vu0CallSin,0x20,0,NOTYPE,GLOBAL,19
SLUS_204.69,CheckGameSymbol,0x244240,1140,FUNC,GLOBAL,2
SLUS_204.69,_fstat_r,0x337e38,92,FUNC,GLOBAL,2
SLUS_204.69,scePadGetFrameCount,0x20bbf8,80,FUNC,GLOBAL,2
SLUS_204.69,GameBgDrawType1,0x251f88,828,FUNC,GLOBAL,2
SLUS_204.69,__ieee754_fmod,0x324b78,1052,FUNC,GLOBAL,2
SLUS_204.69,JTHREAD_defaultStage,0x305698,140,FUNC,GLOBAL,2
SLUS_204.69,scePowerOffHandler,0x204378,144,FUNC,GLOBAL,2
SLUS_204.69,RssdGetCallCompletedCode,0x240288,20,FUNC,GLOBAL,2
SLUS_204.69,SeisanNumberCount,0x29f630,68,FUNC,GLOBAL,2
SLUS_204.69,PACK_getSize,0x30dff8,240,FUNC,GLOBAL,2
SLUS_204.69,eMessageNextGyou,0x27acc8,232,FUNC,GLOBAL,2
SLUS_204.69,_dispatchMpegCbNodata,0x217118,36,FUNC,GLOBAL,2
SLUS_204.69,xglMemCopy8b,0x228f00,36,FUNC,GLOBAL,2
SLUS_204.69,PauseMenuPagePartyDebugAttacker,0x273988,692,FUNC,GLOBAL,2
SLUS_204.69,save_cam,0x364320,1520,OBJECT,GLOBAL,5
SLUS_204.69,NewVu1LightTexBackStrip,0x16a0,0,NOTYPE,GLOBAL,22
SLUS_204.69,MMathIsVectorEqual,0x2ef780,40,FUNC,GLOBAL,2
SLUS_204.69,srsEffectNameToID,0x2e9ab8,112,FUNC,GLOBAL,2
SLUS_204.69,EtherTreeBlackSet,0x2baf80,16,FUNC,GLOBAL,2
SLUS_204.69,sdvSaveAmbient,0x2ec320,84,FUNC,GLOBAL,2
SLUS_204.69,AddDmacHandler,0x200230,16,FUNC,GLOBAL,2
SLUS_204.69,xglFlagsSet16,0x2229b8,28,FUNC,GLOBAL,2
SLUS_204.69,sresFreeReloaderMemory,0x2e8f18,420,FUNC,GLOBAL,2
SLUS_204.69,Check_Discovery,0x2d1070,360,FUNC,GLOBAL,2
SLUS_204.69,CreateUwamonoCommon,0x2bf6b8,36,FUNC,GLOBAL,2
SLUS_204.69,errno,0x4dc810,4,OBJECT,GLOBAL,13
SLUS_204.69,__make_dp,0x32c4b8,44,FUNC,GLOBAL,2
SLUS_204.69,MenuEtherPas,0x4db34c,4,OBJECT,GLOBAL,12
SLUS_204.69,Java_xeno_Chr_setElevatorMode__I,0x3000a8,116,FUNC,GLOBAL,2
SLUS_204.69,floor,0x329720,532,FUNC,GLOBAL,2
SLUS_204.69,sefDummy,0x410d00,64,OBJECT,GLOBAL,5
SLUS_204.69,ACT_setRelation,0x306be0,308,FUNC,GLOBAL,2
SLUS_204.69,Java_xeno_Chr_rotCNS__ILjava_lang_Object_,0x2ffc88,8,FUNC,GLOBAL,2
SLUS_204.69,__svfscanf,0x332ef0,3212,FUNC,GLOBAL,2
SLUS_204.69,sceVif1PkAddUpkData128,0x20b160,80,FUNC,GLOBAL,2
SLUS_204.69,MenuTecSetWin,0x4db53c,4,OBJECT,GLOBAL,12
SLUS_204.69,MSG_queuePush,0x25be40,692,FUNC,GLOBAL,2
SLUS_204.69,TLBInfo,0x4ab910,28,OBJECT,GLOBAL,5
SLUS_204.69,sefInitEffect,0x2e6b60,164,FUNC,GLOBAL,2
SLUS_204.69,nmlModelSetMapLastEntry,0x230468,60,FUNC,GLOBAL,2
SLUS_204.69,Java_xeno_Sound_effectPlay__III,0x2fa0a0,36,FUNC,GLOBAL,2
SLUS_204.69,dataWpnBoxInc,0x2bccc8,28,FUNC,GLOBAL,2
SLUS_204.69,EXM_SetShakePower,0x31ec18,12,FUNC,GLOBAL,2
SLUS_204.69,nmlModelSetMapShadowParts,0x230430,56,FUNC,GLOBAL,2
SLUS_204.69,scAnalyzeScriptCf,0x2ebb00,328,FUNC,GLOBAL,2
SLUS_204.69,sceCdDelayThread,0x20c940,104,FUNC,GLOBAL,2
SLUS_204.69,xglPrimAddGifTagDirect,0x222bd0,180,FUNC,GLOBAL,2
SLUS_204.69,JNT_nextElement,0x313f38,8,FUNC,GLOBAL,2
SLUS_204.69,_pack_header,0x216478,336,FUNC,GLOBAL,2
SLUS_204.69,SaveData,0x4917b0,91056,OBJECT,GLOBAL,5
SLUS_204.69,sdvExecAmbient,0x2ec490,288,FUNC,GLOBAL,2
SLUS_204.69,CallMethod_II,0x261d08,236,FUNC,GLOBAL,2
SLUS_204.69,RSRC_loadFileSub,0x26dbe8,400,FUNC,GLOBAL,2
SLUS_204.69,_ratio,0x337308,204,FUNC,GLOBAL,2
SLUS_204.69,NewVu1AddGsKickWide,0x28,0,NOTYPE,GLOBAL,39
SLUS_204.69,MenuShopNoSaleCheck,0x2a3bf0,176,FUNC,GLOBAL,2
SLUS_204.69,SsdSendFuncPacket,0x2405e8,84,FUNC,GLOBAL,2
SLUS_204.69,Vibration_Stop,0x2d6c60,52,FUNC,GLOBAL,2
SLUS_204.69,NewVu1LightTexSpecEnvFaceStrip,0xcf0,0,NOTYPE,GLOBAL,28
SLUS_204.69,MenuEtherEquip,0x2adb08,600,FUNC,GLOBAL,2
SLUS_204.69,xglCdGetFileData,0x21de20,56,FUNC,GLOBAL,2
SLUS_204.69,MMathRad2DegVector,0x2ef260,36,FUNC,GLOBAL,2
SLUS_204.69,_sequenceHeader,0x217a98,292,FUNC,GLOBAL,2
SLUS_204.69,xglLightInit,0x22ae40,128,FUNC,GLOBAL,2
SLUS_204.69,EtherTreeLine2Set,0x2bb1e8,212,FUNC,GLOBAL,2
SLUS_204.69,execFileSelect,0x2dc5f0,160,FUNC,GLOBAL,2
SLUS_204.69,loadConstString2,0x2f19a0,352,FUNC,GLOBAL,2
SLUS_204.69,__make_fp,0x32dc58,44,FUNC,GLOBAL,2
SLUS_204.69,JNT_startProduction,0x313e58,204,FUNC,GLOBAL,2
SLUS_204.69,Java_xeno_Camera_setCFOffset__IFFFIFIF,0x2fc4d8,192,FUNC,GLOBAL,2
SLUS_204.69,sub2JoutoYGet,0x2ba470,52,FUNC,GLOBAL,2
SLUS_204.69,xglSoundLoadSwd,0x225d10,160,FUNC,GLOBAL,2
SLUS_204.69,nmlModelSetSpecularOff,0x22f578,32,FUNC,GLOBAL,2
SLUS_204.69,DataBuffer_getUShortAt,0x2f6048,36,FUNC,GLOBAL,2
SLUS_204.69,SPL_init,0x30b970,152,FUNC,GLOBAL,2
SLUS_204.69,iTerminateThread,0x200380,16,FUNC,GLOBAL,2
SLUS_204.69,sefDrawParticleList,0x2dff60,716,FUNC,GLOBAL,2
SLUS_204.69,MBUF_init,0x25cbe0,52,FUNC,GLOBAL,2
SLUS_204.69,nmlModelFlushClear,0x236408,64,FUNC,GLOBAL,2
SLUS_204.69,xglMcInitial,0x220c38,28,FUNC,GLOBAL,2
SLUS_204.69,Java_xeno_util_Runtime_checkItem__II,0x2f7a48,52,FUNC,GLOBAL,2
SLUS_204.69,nmlModelSetGlobalFogDist,0x230178,56,FUNC,GLOBAL,2
SLUS_204.69,_dispRefImage,0x214f80,272,FUNC,GLOBAL,2
SLUS_204.69,_gp,0x4dfb70,4,OBJECT,GLOBAL,65521
SLUS_204.69,sceCdNcmdDiskReady,0x20d3b0,152,FUNC,GLOBAL,2
SLUS_204.69,Java_xeno_vm_Math_random__,0x2f6650,40,FUNC,GLOBAL,2
SLUS_204.69,xglDmaDirectNormal,0x21b6b0,128,FUNC,GLOBAL,2
SLUS_204.69,GameIdLight,0x368ca0,3840,OBJECT,GLOBAL,5
SLUS_204.69,CreateEvtItemGetTask,0x2c6790,172,FUNC,GLOBAL,2
SLUS_204.69,NewVu1LightTexProStrip,0x8a8,0,NOTYPE,GLOBAL,36
SLUS_204.69,BW2,0x4da9e8,4,OBJECT,GLOBAL,12
SLUS_204.69,EnableDmacHandler,0x200720,16,FUNC,GLOBAL,2
SLUS_204.69,MenuModelDrawTypeMain,0x280ef8,52,FUNC,GLOBAL,2
SLUS_204.69,sceMpegGetPicture,0x216ec0,72,FUNC,GLOBAL,2
SLUS_204.69,ATTR_LocalVariableTable,0x4dc744,4,OBJECT,GLOBAL,13
SLUS_204.69,BgTest,0x272440,100,FUNC,GLOBAL,2
SLUS_204.69,ModelPath,0x4d9ee6,1,OBJECT,GLOBAL,12
SLUS_204.69,SsdSetSeqVolumeFader,0x2416e8,76,FUNC,GLOBAL,2
SLUS_204.69,Vu0CallMatrixStackRotY,0x418,0,NOTYPE,GLOBAL,19
SLUS_204.69,EXM_StopWind,0x31ec00,20,FUNC,GLOBAL,2
SLUS_204.69,_s2b,0x336610,304,FUNC,GLOBAL,2
SLUS_204.69,VSyncCount,0x4dc3d4,4,OBJECT,GLOBAL,12
SLUS_204.69,srsFileLoadCf,0x2e9798,420,FUNC,GLOBAL,2
SLUS_204.69,srsGetComboData,0x2e88f8,44,FUNC,GLOBAL,2
SLUS_204.69,_copyAddRefImage,0x212438,92,FUNC,GLOBAL,2
SLUS_204.69,ATTR_ConstantValue,0x4dc748,4,OBJECT,GLOBAL,13
SLUS_204.69,Java_xeno_util_Runtime_progressEffect__I,0x2f7b88,24,FUNC,GLOBAL,2
SLUS_204.69,Homing_Search,0x2d1918,1488,FUNC,GLOBAL,2
SLUS_204.69,EW_addComponent,0x26c2a0,256,FUNC,GLOBAL,2
SLUS_204.69,_i2b,0x336880,56,FUNC,GLOBAL,2
SLUS_204.69,MAP_createUnitPeer,0x31f548,228,FUNC,GLOBAL,2
SLUS_204.69,TopFaceExWinMain,0x277b58,1180,FUNC,GLOBAL,2
SLUS_204.69,SsdContinueOneEffect,0x240d38,72,FUNC,GLOBAL,2
SLUS_204.69,Java_xeno_Chr_dispRadar__Z,0x3009b8,128,FUNC,GLOBAL,2
SLUS_204.69,SkillSetLvGet,0x2b69e8,32,FUNC,GLOBAL,2
SLUS_204.69,xglPacketTextureTrans,0x22c268,304,FUNC,GLOBAL,2
SLUS_204.69,MMathIsVectorEqual4,0x2ef7a8,40,FUNC,GLOBAL,2
SLUS_204.69,sceVif1PkAddGsAD,0x20b1d8,48,FUNC,GLOBAL,2
SLUS_204.69,TWIN_init2,0x25db30,216,FUNC,GLOBAL,2
SLUS_204.69,methodDescripter,0x2f5658,96,FUNC,GLOBAL,2
SLUS_204.69,sceCdInitEeCB,0x20cb60,212,FUNC,GLOBAL,2
SLUS_204.69,getpid,0x200cf0,8,FUNC,GLOBAL,2
SLUS_204.69,UmnManzaiInit,0xa042a8,220,FUNC,GLOBAL,1
SLUS_204.69,CUR_MATRIX_Sxyz4s,0x26f4c0,20,FUNC,GLOBAL,2
SLUS_204.69,CreateSema,0x200520,16,FUNC,GLOBAL,2
SLUS_204.69,xglStudioInit,0x22c740,132,FUNC,GLOBAL,2
SLUS_204.69,_sceCd_ncmdrdata,0x4aba80,96,OBJECT,GLOBAL,5
SLUS_204.69,RssdInitIop,0x23fbb8,212,FUNC,GLOBAL,2
SLUS_204.69,sefExecEffectData,0x2e4ba0,980,FUNC,GLOBAL,2
SLUS_204.69,tyaUmlDispInit2,0xa0ddc8,60,FUNC,GLOBAL,1
SLUS_204.69,RSRC_create,0x26d478,120,FUNC,GLOBAL,2
SLUS_204.69,UmnEventEndMailCheck,0xa0f068,108,FUNC,GLOBAL,1
SLUS_204.69,MenuSkillSetList,0x4db674,4,OBJECT,GLOBAL,12
SLUS_204.69,SsdGetVagStreamStatusStereo,0x241e10,64,FUNC,GLOBAL,2
SLUS_204.69,tskUmnDataBaseAnalisis,0xa0a3f8,516,FUNC,GLOBAL,1
SLUS_204.69,PartyAttackerCheck,0x2b65f8,168,FUNC,GLOBAL,2
SLUS_204.69,xglVectorScaleSub,0x229500,84,FUNC,GLOBAL,2
SLUS_204.69,xglVectorScale,0x2293f8,52,FUNC,GLOBAL,2
SLUS_204.69,Java_xeno_util_Runtime_evsExit__,0x2f8728,60,FUNC,GLOBAL,2
SLUS_204.69,RSRC_getItem2,0x26db40,72,FUNC,GLOBAL,2
SLUS_204.69,SCRIPT_test,0x261148,80,FUNC,GLOBAL,2
SLUS_204.69,AgwsFaceMain,0x29d390,416,FUNC,GLOBAL,2
SLUS_204.69,ACT_setParent2,0x306908,276,FUNC,GLOBAL,2
SLUS_204.69,UmnEventTextGyouJump,0xa0ebb0,60,FUNC,GLOBAL,1
SLUS_204.69,Java_xeno_util_Window_setName__Ljava_lang_String_,0x2f8a70,8,FUNC,GLOBAL,2
SLUS_204.69,Script_Action,0x2d0e48,300,FUNC,GLOBAL,2
SLUS_204.69,sqrtf,0x3240f8,20,FUNC,GLOBAL,2
SLUS_204.69,SsdQuit,0x23fb08,136,FUNC,GLOBAL,2
SLUS_204.69,xglPadRead,0x21bc38,2288,FUNC,GLOBAL,2
SLUS_204.69,JS_classLight_setDirection2,0x26bf18,104,FUNC,GLOBAL,2
SLUS_204.69,eCursolMain,0x274928,496,FUNC,GLOBAL,2
SLUS_204.69,MMathMakeRandom,0x2eefe0,48,FUNC,GLOBAL,2
SLUS_204.69,Disp_EnemyMark,0x2ce7a8,72,FUNC,GLOBAL,2
SLUS_204.69,getEmptyVM,0x261fc0,160,FUNC,GLOBAL,2
SLUS_204.69,SeisanDisp,0x2a18f0,236,FUNC,GLOBAL,2
SLUS_204.69,SeisanTask,0x4db0c8,4,OBJECT,GLOBAL,12
SLUS_204.69,sdvInitAlter,0x2ee078,24,FUNC,GLOBAL,2
SLUS_204.69,MMathCalcRotNear,0x2ef040,140,FUNC,GLOBAL,2
SLUS_204.69,MenuTec,0x2b3258,3792,FUNC,GLOBAL,2
SLUS_204.69,sceGsSetDefStoreImage,0x20a278,320,FUNC,GLOBAL,2
SLUS_204.69,Java_xeno_util_Runtime_resetTakeAgws__I,0x2f7fd8,36,FUNC,GLOBAL,2
SLUS_204.69,_motionVectors,0x2133e0,412,FUNC,GLOBAL,2
SLUS_204.69,SsdPlaySampling,0x241178,80,FUNC,GLOBAL,2
SLUS_204.69,MenuBgKeepCamera,0x4da884,4,OBJECT,GLOBAL,12
SLUS_204.69,PadData,0x490d90,208,OBJECT,GLOBAL,5
SLUS_204.69,MenuEtherDataGet,0x2a9f10,44,FUNC,GLOBAL,2
SLUS_204.69,xglSoundSequenceNormal3,0x226198,80,FUNC,GLOBAL,2
SLUS_204.69,NewVu1TexEnvStrip2,0xab8,0,NOTYPE,GLOBAL,26
SLUS_204.69,Java_xeno_util_Runtime_addItemWin__II,0x2f79d8,52,FUNC,GLOBAL,2
SLUS_204.69,SsdSetFuncCallback,0x2403c8,20,FUNC,GLOBAL,2
SLUS_204.69,UnduTest,0x3b2610,64,OBJECT,GLOBAL,5
SLUS_204.69,Java_xeno_util_Window_setLocation__II,0x2f8978,48,FUNC,GLOBAL,2
SLUS_204.69,TM_Check_Before_Eyes,0x2ce620,348,FUNC,GLOBAL,2
SLUS_204.69,sceCdCbfunc_number,0x4aba58,4,OBJECT,GLOBAL,5
SLUS_204.69,GAME_initCamera,0x2606e0,192,FUNC,GLOBAL,2
SLUS_204.69,EnemySound_Stop,0x2d0918,200,FUNC,GLOBAL,2
SLUS_204.69,sceVif1PkReset,0x20ac78,16,FUNC,GLOBAL,2
SLUS_204.69,MIF2_clear,0x25c778,48,FUNC,GLOBAL,2
SLUS_204.69,MenuMapExTextLoad,0x28e940,108,FUNC,GLOBAL,2
SLUS_204.69,FileObjectData,0x4daab0,4,OBJECT,GLOBAL,12
SLUS_204.69,PLAY_setTimeChart,0x26a770,8,FUNC,GLOBAL,2
SLUS_204.69,NewVu1LightTexAddEnvStrip,0x6f8,0,NOTYPE,GLOBAL,44
SLUS_204.69,STR_tokenGetNext,0x26b9b8,528,FUNC,GLOBAL,2
SLUS_204.69,MenuEtherInfoMain,0x2aa568,2156,FUNC,GLOBAL,2
SLUS_204.69,dpsub,0x32be80,100,FUNC,GLOBAL,2
SLUS_204.69,NewVu1LightTexReflSpecFaceStrip,0x23a8,0,NOTYPE,GLOBAL,24
SLUS_204.69,sefIsHitActor,0x2e6808,84,FUNC,GLOBAL,2
SLUS_204.69,SsdSetSeqMasterTempo,0x241558,76,FUNC,GLOBAL,2
SLUS_204.69,UmnTextLoad,0xa0f578,108,FUNC,GLOBAL,1
SLUS_204.69,Java_xeno_Camera_start__ILjava_lang_Object_,0x2fbea0,156,FUNC,GLOBAL,2
SLUS_204.69,InitItemSymbol,0x2c6d78,404,FUNC,GLOBAL,2
SLUS_204.69,EtherTreeCursolDraw,0x2bc360,396,FUNC,GLOBAL,2
SLUS_204.69,isceSifSendCmd,0x202c58,60,FUNC,GLOBAL,2
SLUS_204.69,Get_MiddlePoint_Parabora,0x2d7390,304,FUNC,GLOBAL,2
SLUS_204.69,FileObjectJpegDecChange,0x284d28,84,FUNC,GLOBAL,2
SLUS_204.69,mini_game_no,0x4da828,4,OBJECT,GLOBAL,12
SLUS_204.69,SCE_CD_debug,0x4aba10,4,OBJECT,GLOBAL,5
SLUS_204.69,iPutTLBEntry,0x208990,16,FUNC,GLOBAL,2
SLUS_204.69,SsdSetEffectParam,0x240c60,80,FUNC,GLOBAL,2
SLUS_204.69,SsdDisposePcmStream,0x241a20,64,FUNC,GLOBAL,2
SLUS_204.69,Java_xeno_util_Format_toString__Z,0x2f69d0,136,FUNC,GLOBAL,2
SLUS_204.69,SsdInit,0x23f960,420,FUNC,GLOBAL,2
SLUS_204.69,sefGetVecMatrix,0x2e2908,44,FUNC,GLOBAL,2
SLUS_204.69,__ieee754_rem_pio2,0x325ef0,1464,FUNC,GLOBAL,2
SLUS_204.69,ItemBoxTbl,0x36f8e8,4808,OBJECT,GLOBAL,5
SLUS_204.69,MMathCalcDirVector,0x2ef3f0,48,FUNC,GLOBAL,2
SLUS_204.69,FileSinkiSaveDataPush,0x2851f0,8,FUNC,GLOBAL,2
SLUS_204.69,JNT_computeHair,0x314358,1176,FUNC,GLOBAL,2
SLUS_204.69,iReferSemaStatus,0x2005a0,16,FUNC,GLOBAL,2
SLUS_204.69,nmlPacketAddGsTexture,0x239db8,56,FUNC,GLOBAL,2
SLUS_204.69,xglVectorInterXYZ,0x229608,84,FUNC,GLOBAL,2
SLUS_204.69,sceLseek,0x204ad0,568,FUNC,GLOBAL,2
SLUS_204.69,virtualMachine,0x2f1f08,9280,FUNC,GLOBAL,2
SLUS_204.69,OpenCloseMain,0x274660,156,FUNC,GLOBAL,2
SLUS_204.69,Java_xeno_Camera_transSPL__aFI,0x2fb9d0,44,FUNC,GLOBAL,2
SLUS_204.69,xglStudioGetActiveCamera,0x22c5b0,72,FUNC,GLOBAL,2
SLUS_204.69,ACT_initSequenceAt,0x30b3b8,84,FUNC,GLOBAL,2
SLUS_204.69,UmnVecMat,0xa0ff0c,4,OBJECT,GLOBAL,1
SLUS_204.69,MDL_setVisible,0x317f68,72,FUNC,GLOBAL,2
SLUS_204.69,Java_xeno_Chr_resetEnv__,0x301378,8,FUNC,GLOBAL,2
SLUS_204.69,Java_xeno_util_Runtime_setShootIDCheck__Z,0x2f7910,60,FUNC,GLOBAL,2
SLUS_204.69,Java_xeno_vm_Math_atan2__FF,0x2f6678,48,FUNC,GLOBAL,2
SLUS_204.69,svLoadClut,0x2ddf38,156,FUNC,GLOBAL,2
SLUS_204.69,CharWeaponMain,0x294ec0,1752,FUNC,GLOBAL,2
SLUS_204.69,PARSE_int,0x25d310,380,FUNC,GLOBAL,2
SLUS_204.69,SetVCommonHandler,0x2001e0,16,FUNC,GLOBAL,2
SLUS_204.69,SsdCheckWaveData,0x240968,68,FUNC,GLOBAL,2
SLUS_204.69,Java_xeno_Stage_setCFBG__II_F,0x305268,140,FUNC,GLOBAL,2
SLUS_204.69,DisableDmacHandler,0x200740,16,FUNC,GLOBAL,2
SLUS_204.69,GAME_initLight,0x2607a0,36,FUNC,GLOBAL,2
SLUS_204.69,GameResourceReadFileCallback,0x4d9ee8,4,OBJECT,GLOBAL,12
SLUS_204.69,EnableDispatchThread,0x2003a0,16,FUNC,GLOBAL,2
SLUS_204.69,sceCdStream,0x20e880,360,FUNC,GLOBAL,2
SLUS_204.69,subLine2_OpenType_0,0x2bb5e0,168,FUNC,GLOBAL,2
SLUS_204.69,TCAMERA_setView,0x308bf8,148,FUNC,GLOBAL,2
SLUS_204.69,Java_xeno_Camera_transCNS__Ljava_lang_Object_FFF,0x2fb800,256,FUNC,GLOBAL,2
SLUS_204.69,PartyAttackPosCheck,0x2b66a0,100,FUNC,GLOBAL,2
SLUS_204.69,Java_xeno_Sound_sequenceStop__I,0x2fa068,24,FUNC,GLOBAL,2
SLUS_204.69,SetCPUTimer,0x200810,16,FUNC,GLOBAL,2
SLUS_204.69,memcpy,0x32eccc,176,FUNC,GLOBAL,2
SLUS_204.69,Java_xeno_util_Toolkit_loadResource__Ljava_lang_Object_I,0x2f9c00,340,FUNC,GLOBAL,2
SLUS_204.69,PauseMenuPagePartyDebugTakeAgws,0x273228,472,FUNC,GLOBAL,2
SLUS_204.69,nmlModelSetFadeInInterrupt,0x22ef00,72,FUNC,GLOBAL,2
SLUS_204.69,PosEquipToMntPos,0x28fbb0,8,FUNC,GLOBAL,2
SLUS_204.69,Check_EnemyFound,0x2d0b68,164,FUNC,GLOBAL,2
SLUS_204.69,MainMenu,0x275668,1712,FUNC,GLOBAL,2
SLUS_204.69,sefLerpVector,0x2e17f8,272,FUNC,GLOBAL,2
SLUS_204.69,Get_Distance,0x2d7f88,92,FUNC,GLOBAL,2
SLUS_204.69,classVoid,0x4dc784,4,OBJECT,GLOBAL,13
SLUS_204.69,msg_buffer,0x998768,16512,OBJECT,GLOBAL,14
SLUS_204.69,Get_Angle,0x2d8058,44,FUNC,GLOBAL,2
SLUS_204.69,xglCdStreamParamInit,0x21ec20,44,FUNC,GLOBAL,2
SLUS_204.69,FileTask,0x4daa98,4,OBJECT,GLOBAL,12
SLUS_204.69,xglMatrixStackPushUnit,0x22a5d0,36,FUNC,GLOBAL,2
SLUS_204.69,subPosSet,0x2ba158,504,FUNC,GLOBAL,2
SLUS_204.69,xglMatrixScale,0x229e58,96,FUNC,GLOBAL,2
SLUS_204.69,ACT_updateMotion,0x306e70,24,FUNC,GLOBAL,2
SLUS_204.69,_sceCd_cd_ncmd,0x4acbd0,40,OBJECT,GLOBAL,5
SLUS_204.69,NewVu1LightTexEnvBackStrip,0x8a8,0,NOTYPE,GLOBAL,28
SLUS_204.69,parent_buf_entry,0x230ed8,76,FUNC,GLOBAL,2
SLUS_204.69,__infinity,0x4d7b48,8,OBJECT,GLOBAL,10
SLUS_204.69,Vu0CallCos,0xe8,0,NOTYPE,GLOBAL,19
SLUS_204.69,SsdPlayEffectNormal,0x240b78,72,FUNC,GLOBAL,2
SLUS_204.69,ACT_updateNPC,0x30ad08,588,FUNC,GLOBAL,2
SLUS_204.69,MenuSelectWindow,0x27a628,1608,FUNC,GLOBAL,2
SLUS_204.69,SsdSetSegmentAllocMode,0x240890,72,FUNC,GLOBAL,2
SLUS_204.69,key_value,0x99d510,1024,OBJECT,GLOBAL,14
SLUS_204.69,Java_xeno_util_Runtime_getRegister__I,0x2f7400,32,FUNC,GLOBAL,2
SLUS_204.69,Java_xeno_util_Spline_getValue__I,0x2f6798,116,FUNC,GLOBAL,2
SLUS_204.69,nmlModelSetFadeDoit,0x22ee08,12,FUNC,GLOBAL,2
SLUS_204.69,smAlloc,0x2eecc8,292,FUNC,GLOBAL,2
SLUS_204.69,nmlPacketAddPixelControl,0x239330,1604,FUNC,GLOBAL,2
SLUS_204.69,sceSifCheckStatRpc,0x2038a0,60,FUNC,GLOBAL,2
SLUS_204.69,Java_xeno_Chr_look_camera__,0x300a38,84,FUNC,GLOBAL,2
SLUS_204.69,_cleanup_r,0x335608,28,FUNC,GLOBAL,2
SLUS_204.69,ANM_update,0x30e8c8,536,FUNC,GLOBAL,2
SLUS_204.69,Java_xeno_Unit_getRotate__,0x3023e8,308,FUNC,GLOBAL,2
SLUS_204.69,MenuMainCharCheck,0x28ec18,12,FUNC,GLOBAL,2
SLUS_204.69,MATRIX_rotZ4,0x26e7f0,72,FUNC,GLOBAL,2
SLUS_204.69,NewVu1LightTexAddEnvFaceStrip,0x9d8,0,NOTYPE,GLOBAL,45
SLUS_204.69,Java_xeno_Unit_move__ILjava_lang_Object_Z,0x302a00,8,FUNC,GLOBAL,2
SLUS_204.69,xglFontAscii2Euc,0x21ad60,232,FUNC,GLOBAL,2
SLUS_204.69,JNT_getRootTrans,0x313d28,24,FUNC,GLOBAL,2
SLUS_204.69,tyaUmlDatabaseMain,0xa0d708,1652,FUNC,GLOBAL,1
SLUS_204.69,MenuModelMemoryGet,0x27f428,80,FUNC,GLOBAL,2
SLUS_204.69,PLAY_setupDefault,0x26a640,100,FUNC,GLOBAL,2
SLUS_204.69,xglFontDebugMode,0x218a68,72,FUNC,GLOBAL,2
SLUS_204.69,SsdPlayWaveParam,0x240e60,80,FUNC,GLOBAL,2
SLUS_204.69,Java_xeno_Camera_setCFLock__IIFFF,0x2fc450,132,FUNC,GLOBAL,2
SLUS_204.69,sefDestroyScriptScheduler,0x2e52b8,104,FUNC,GLOBAL,2
SLUS_204.69,SEQ_moveUnitXZ,0x3204e8,592,FUNC,GLOBAL,2
SLUS_204.69,Java_xeno_util_Window_create__I,0x2f88b8,144,FUNC,GLOBAL,2
SLUS_204.69,Enemy_Command_Scale,0x2d3228,172,FUNC,GLOBAL,2
SLUS_204.69,tskUmnMailMenu,0xa07eb0,1072,FUNC,GLOBAL,1
SLUS_204.69,MenuLoadCount,0x4da870,4,OBJECT,GLOBAL,12
SLUS_204.69,nmlPacketAddGsScissor1,0x239e80,48,FUNC,GLOBAL,2
SLUS_204.69,Java_xeno_Chr_getRotate__,0x2febd0,308,FUNC,GLOBAL,2
SLUS_204.69,Enemy_Command_Encount,0x2d3348,36,FUNC,GLOBAL,2
SLUS_204.69,TCAMERA_fovSPL,0x308f60,76,FUNC,GLOBAL,2
SLUS_204.69,xglMemCopy8,0x228ed8,36,FUNC,GLOBAL,2
SLUS_204.69,Get_ActorNumber,0x2d2d50,72,FUNC,GLOBAL,2
SLUS_204.69,Java_xeno_Light_setGlobalPointLightReset__,0x2fccd8,20,FUNC,GLOBAL,2
SLUS_204.69,EXM_ClearWindStruct,0x31ece8,16,FUNC,GLOBAL,2
SLUS_204.69,alignYAxis,0x260f20,216,FUNC,GLOBAL,2
SLUS_204.69,Java_xeno_util_Runtime_setDefocusParam__III,0x2f7818,48,FUNC,GLOBAL,2
SLUS_204.69,CheckDoorSwitch,0x2c57d0,128,FUNC,GLOBAL,2
SLUS_204.69,srsGetLoadMode,0x2e84c8,8,FUNC,GLOBAL,2
SLUS_204.69,_svViewMtx,0x40d5b0,64,OBJECT,GLOBAL,5
SLUS_204.69,sefDestroyEffectCf,0x2e7088,116,FUNC,GLOBAL,2
SLUS_204.69,xglCullingMapInit,0x23ebc0,28,FUNC,GLOBAL,2
SLUS_204.69,plChaData,0x425ac0,2688,OBJECT,GLOBAL,5
SLUS_204.69,__DTOR_END__,0x4ade60,0,OBJECT,GLOBAL,7
SLUS_204.69,nmlModelIsBackBufferRequest,0x22e7a8,12,FUNC,GLOBAL,2
SLUS_204.69,tskUmnPluginInfo,0xa0e038,360,FUNC,GLOBAL,1
SLUS_204.69,_ri0_110,0x212130,208,FUNC,GLOBAL,2
SLUS_204.69,sceMpegSetDecodeMode,0x216fa0,20,FUNC,GLOBAL,2
SLUS_204.69,MenuEtherListMake03,0x2ad9a0,360,FUNC,GLOBAL,2
SLUS_204.69,NewVu1DropStrip,0x6f0,0,NOTYPE,GLOBAL,52
SLUS_204.69,MenuEtherCharPointCheck,0x2a9f80,72,FUNC,GLOBAL,2
SLUS_204.69,iEnableIntc,0x201190,32,FUNC,GLOBAL,2
SLUS_204.69,eMessageNextGyouMaxGet,0x27adb0,92,FUNC,GLOBAL,2
SLUS_204.69,CUR_MATRIX_Unit4s,0x26f268,32,FUNC,GLOBAL,2
SLUS_204.69,MenuBoxDec,0x28f350,168,FUNC,GLOBAL,2
SLUS_204.69,Java_xeno_util_Menu_setLocation__II,0x2f8bc8,32,FUNC,GLOBAL,2
SLUS_204.69,SkillCharSkillLvGet,0x2b6a48,72,FUNC,GLOBAL,2
SLUS_204.69,NewVu1LightTexSpecAddEnvFaceStrip,0xe78,0,NOTYPE,GLOBAL,45
SLUS_204.69,CUR_MATRIX_4s3,0x26f2f8,100,FUNC,GLOBAL,2
SLUS_204.69,ModelDrawTypeClose01,0x280d60,52,FUNC,GLOBAL,2
SLUS_204.69,Java_xeno_Stage_setVisible__IZ,0x3051f8,108,FUNC,GLOBAL,2
SLUS_204.69,RssdBackNextWaveThread,0x23ff68,136,FUNC,GLOBAL,2
SLUS_204.69,JNI_searchClasses,0x2f0a90,252,FUNC,GLOBAL,2
SLUS_204.69,Java_xeno_Camera_changeID__III,0x2fc7c8,32,FUNC,GLOBAL,2
SLUS_204.69,iDisableIntc,0x2011b0,32,FUNC,GLOBAL,2
SLUS_204.69,MenuSkillCategoryMain,0x2b8550,1300,FUNC,GLOBAL,2
SLUS_204.69,MenuWeaponEquipCheck,0x28fc00,136,FUNC,GLOBAL,2
SLUS_204.69,nmlModelSetAlpha,0x22fd08,12,FUNC,GLOBAL,2
SLUS_204.69,MapUnit,0x47ad20,49152,OBJECT,GLOBAL,5
SLUS_204.69,MEfObjExec1st,0x2f0078,184,FUNC,GLOBAL,2
SLUS_204.69,HairTest,0x2da498,1316,FUNC,GLOBAL,2
SLUS_204.69,Enemy_Route,0x2cc278,2192,FUNC,GLOBAL,2
SLUS_204.69,Get_Rnd,0x2d8bc8,76,FUNC,GLOBAL,2
SLUS_204.69,JTHREAD_info,0x305850,52,FUNC,GLOBAL,2
SLUS_204.69,SCRIPT_sceneChangeTimeDec,0x2611d0,32,FUNC,GLOBAL,2
SLUS_204.69,FileJpegDecode,0x284bc8,272,FUNC,GLOBAL,2
SLUS_204.69,MenuCharCameraMove,0x296318,924,FUNC,GLOBAL,2
SLUS_204.69,MSG_setArgs,0x25c1e0,252,FUNC,GLOBAL,2
SLUS_204.69,Java_xeno_Camera_setClipRange__FF,0x2fc940,60,FUNC,GLOBAL,2
SLUS_204.69,sdvScheduleAlter,0x2eddd8,672,FUNC,GLOBAL,2
SLUS_204.69,MenuItemListMake02,0x28b9a8,200,FUNC,GLOBAL,2
SLUS_204.69,xglCullingIgnoreOff,0x23ef40,8,FUNC,GLOBAL,2
SLUS_204.69,SkillDataBuf,0x4db658,4,OBJECT,GLOBAL,12
SLUS_204.69,xglLightIntensityParallel,0x22acf8,36,FUNC,GLOBAL,2
SLUS_204.69,GameCameraStateRestore,0x246ad8,228,FUNC,GLOBAL,2
SLUS_204.69,PartyAttackerGet,0x2b6240,128,FUNC,GLOBAL,2
SLUS_204.69,sefLoadEffect,0x2e7100,52,FUNC,GLOBAL,2
SLUS_204.69,GameCFSoundMenuReload,0x2428e0,220,FUNC,GLOBAL,2
SLUS_204.69,nmlModelSetActiveFadeOut,0x22ef48,304,FUNC,GLOBAL,2
SLUS_204.69,MenuShopCore,0x2a8110,5688,FUNC,GLOBAL,2
SLUS_204.69,nmlModelCalcClipMat2AllCam,0x23f788,296,FUNC,GLOBAL,2
SLUS_204.69,EtherTreeCenterSet,0x2ba970,108,FUNC,GLOBAL,2
SLUS_204.69,MenuItemPasMain,0x28a080,744,FUNC,GLOBAL,2
SLUS_204.69,ANM_resetDefault,0x30e0e8,128,FUNC,GLOBAL,2
SLUS_204.69,Java_xeno_Camera_setTranslate__FFF,0x2fbd68,76,FUNC,GLOBAL,2
SLUS_204.69,StringUtf_create,0x2f1748,28,FUNC,GLOBAL,2
SLUS_204.69,sceCdRead,0x20dc98,480,FUNC,GLOBAL,2
SLUS_204.69,SsdSetPcmStreamData,0x241af0,80,FUNC,GLOBAL,2
SLUS_204.69,sceIpuInit,0x210578,568,FUNC,GLOBAL,2
SLUS_204.69,eSpriteSet,0x276cf0,44,FUNC,GLOBAL,2
SLUS_204.69,nmlModelSendPacketChangeSignal,0x22e800,16,FUNC,GLOBAL,2
SLUS_204.69,sefCreateEffect2,0x2e7620,296,FUNC,GLOBAL,2
SLUS_204.69,TM_Check_Move_at_GoBack,0x2ce378,60,FUNC,GLOBAL,2
SLUS_204.69,PartyTakeAgwsCheck,0x2b5e08,76,FUNC,GLOBAL,2
SLUS_204.69,ACT_jointGetMoveElementID,0x306a20,80,FUNC,GLOBAL,2
SLUS_204.69,classJava_xeno_Scene,0x4dc788,4,OBJECT,GLOBAL,13
SLUS_204.69,Java_xeno_util_Runtime_setDefocus__IIaI,0x2f77d0,68,FUNC,GLOBAL,2
SLUS_204.69,UmnMailBoxSet,0x276180,84,FUNC,GLOBAL,2
SLUS_204.69,xglMemCopy64,0x228e08,60,FUNC,GLOBAL,2
SLUS_204.69,TCAMERA_mpackGetInterest,0x3089d0,24,FUNC,GLOBAL,2
SLUS_204.69,MenuTairetuModelXtxAddr,0x4da840,4,OBJECT,GLOBAL,12
SLUS_204.69,TCAMERA_viewCNS,0x308e30,220,FUNC,GLOBAL,2
SLUS_204.69,Java_xeno_util_Menu_addQuery__aLjava_lang_String_I,0x2f8ac8,116,FUNC,GLOBAL,2
SLUS_204.69,FileThumbnailDisp,0x286b40,1564,FUNC,GLOBAL,2
SLUS_204.69,Java_xeno_Unit_setVisible__IZ,0x3038e8,100,FUNC,GLOBAL,2
SLUS_204.69,CheckDoorPos,0x2c5850,128,FUNC,GLOBAL,2
SLUS_204.69,dpmul,0x32bee8,684,FUNC,GLOBAL,2
SLUS_204.69,Player_System_Init,0x249130,376,FUNC,GLOBAL,2
SLUS_204.69,sefGetMotionNullMatrix,0x2e1df0,224,FUNC,GLOBAL,2
SLUS_204.69,Java_xeno_Unit_rotX__IFZ,0x302c58,44,FUNC,GLOBAL,2
SLUS_204.69,classByte,0x4dc78c,4,OBJECT,GLOBAL,13
SLUS_204.69,updateCursorMode0,0x267ac0,1636,FUNC,GLOBAL,2
SLUS_204.69,NewVu1LightTexReflSpecEnvFaceStrip2,0x39f8,0,NOTYPE,GLOBAL,34
SLUS_204.69,createTalkTask,0x261620,576,FUNC,GLOBAL,2
SLUS_204.69,dataMoneyBoxInc,0x2bce40,48,FUNC,GLOBAL,2
SLUS_204.69,SEQ_rotateUnitSPL,0x31ff80,276,FUNC,GLOBAL,2
SLUS_204.69,JNT_readAttribute,0x313820,240,FUNC,GLOBAL,2
SLUS_204.69,NewVu1LightTexReflSpecAddEnvFaceStrip2,0x3cc0,0,NOTYPE,GLOBAL,51
SLUS_204.69,nmlModelSetMpeg2CrossFadeTime,0x22e858,12,FUNC,GLOBAL,2
SLUS_204.69,GameSnapShotSaveFile,0x24e098,420,FUNC,GLOBAL,2
SLUS_204.69,MMathMulMatrix,0x2efca0,124,FUNC,GLOBAL,2
SLUS_204.69,SCRIPT_clrEventActiveFlag,0x261210,8,FUNC,GLOBAL,2
SLUS_204.69,svGetScript,0x2de9c8,312,FUNC,GLOBAL,2
SLUS_204.69,dataBltBoxChk,0x2bcd08,28,FUNC,GLOBAL,2
SLUS_204.69,xglStudioMove,0x22c7c8,156,FUNC,GLOBAL,2
SLUS_204.69,xheap_pop,0x2f1bc8,76,FUNC,GLOBAL,2
SLUS_204.69,JNT_getStaticVal2,0x310c10,248,FUNC,GLOBAL,2
SLUS_204.69,SsdFadeoutEffect,0x240d80,76,FUNC,GLOBAL,2
SLUS_204.69,MenuTecList2,0x4db538,4,OBJECT,GLOBAL,12
SLUS_204.69,Java_xeno_Chr_look_eye_control__I,0x300d58,96,FUNC,GLOBAL,2
SLUS_204.69,CalcPosContainer,0x2c9560,648,FUNC,GLOBAL,2
SLUS_204.69,DB_reset,0x260888,28,FUNC,GLOBAL,2
SLUS_204.69,GameDiskChangeT10K,0x4d9f5c,1,OBJECT,GLOBAL,12
SLUS_204.69,nmlFilterSetTexClear,0x23d010,252,FUNC,GLOBAL,2
SLUS_204.69,MMathRotateMatrixYX,0x2efa68,140,FUNC,GLOBAL,2
SLUS_204.69,SetContainerParam,0x2c93e8,240,FUNC,GLOBAL,2
SLUS_204.69,malloc,0x32e218,84,FUNC,GLOBAL,2
SLUS_204.69,subSeisanHissatuCheck00,0x2a1410,80,FUNC,GLOBAL,2
SLUS_204.69,_printf_r,0x32f010,92,FUNC,GLOBAL,2
SLUS_204.69,srsGetEsdData2,0x2e8120,36,FUNC,GLOBAL,2
SLUS_204.69,MenuRWeaponCheck,0x28f838,100,FUNC,GLOBAL,2
SLUS_204.69,classBoolean,0x4dc040,4,OBJECT,GLOBAL,12
SLUS_204.69,MMathAddRotateVectorY,0x2ef560,76,FUNC,GLOBAL,2
SLUS_204.69,MenuModelUnitActorSet,0x280070,1176,FUNC,GLOBAL,2
SLUS_204.69,RFU000_FullReset,0x200100,16,FUNC,GLOBAL,2
SLUS_204.69,MenuModelResourceCancel,0x27f5a0,96,FUNC,GLOBAL,2
SLUS_204.69,Java_xeno_util_Runtime_setIdLightCol__IIFFF,0x2f8060,156,FUNC,GLOBAL,2
SLUS_204.69,_srsMemRes,0x4118e8,416,OBJECT,GLOBAL,5
SLUS_204.69,isatty,0x200cd0,8,FUNC,GLOBAL,2
SLUS_204.69,RES_GetMapEnvSeName,0x24b898,60,FUNC,GLOBAL,2
SLUS_204.69,EventCheck_Line_Touch,0x2d6270,64,FUNC,GLOBAL,2
SLUS_204.69,Enemy_Command_Action,0x2d32d8,108,FUNC,GLOBAL,2
SLUS_204.69,initLight,0x268fa8,408,FUNC,GLOBAL,2
SLUS_204.69,_raise_r,0x32f2a8,216,FUNC,GLOBAL,2
SLUS_204.69,xglRenderClearFrame,0x22d540,20,FUNC,GLOBAL,2
SLUS_204.69,SetCPUTimerHandler,0x200800,16,FUNC,GLOBAL,2
SLUS_204.69,SEQ_scale,0x309610,672,FUNC,GLOBAL,2
SLUS_204.69,SCRIPT_frameLock2Battle,0x2612a8,12,FUNC,GLOBAL,2
SLUS_204.69,UmnProcuratorManzai2,0xa048c0,1308,FUNC,GLOBAL,1
SLUS_204.69,UmnEventTextMake,0xa0ece0,736,FUNC,GLOBAL,1
SLUS_204.69,_sliceB,0x213d98,100,FUNC,GLOBAL,2
SLUS_204.69,sefDrawParticle2,0x2df8e0,984,FUNC,GLOBAL,2
SLUS_204.69,SCRIPT_init,0x261348,424,FUNC,GLOBAL,2
SLUS_204.69,__mprec_tens,0x4d7a30,200,OBJECT,GLOBAL,10
SLUS_204.69,WindowDXFlagChange,0x282940,148,FUNC,GLOBAL,2
SLUS_204.69,_pictureSpatialScalableExtension,0x218200,12,FUNC,GLOBAL,2
SLUS_204.69,NewVu1TexEnvGsKickWide,0x28,0,NOTYPE,GLOBAL,25
SLUS_204.69,NewVu1LightTexReflSpecAddEnvStrip2,0x37b8,0,NOTYPE,GLOBAL,50
SLUS_204.69,Set_Spline_By_Random,0x2d17f0,88,FUNC,GLOBAL,2
SLUS_204.69,InitItemBox,0x2c6ad0,680,FUNC,GLOBAL,2
SLUS_204.69,nmlPacketAddReflRot,0x239a28,216,FUNC,GLOBAL,2
SLUS_204.69,AutoDoorOpenOpeFunc,0x2c4de0,120,FUNC,GLOBAL,2
SLUS_204.69,Java_xeno_Light_setGlobalPointLightCol__IFFF,0x2fcc58,60,FUNC,GLOBAL,2
SLUS_204.69,MATRIX_convert4s,0x26e070,364,FUNC,GLOBAL,2
SLUS_204.69,xglMatrixStackUnit,0x22a3b0,36,FUNC,GLOBAL,2
SLUS_204.69,accBox,0x426b40,510,OBJECT,GLOBAL,5
SLUS_204.69,MATRIX_rotXYZ,0x26e750,8,FUNC,GLOBAL,2
SLUS_204.69,xglDmaMFIFOSetup,0x21b8c8,120,FUNC,GLOBAL,2
SLUS_204.69,dataBoxInc,0x2bcba8,76,FUNC,GLOBAL,2
SLUS_204.69,MATRIX_rotZYX,0x26e758,8,FUNC,GLOBAL,2
SLUS_204.69,SeisanFadeMain,0x2a1320,240,FUNC,GLOBAL,2
SLUS_204.69,MenuWeaponEquipPosCheck,0x28fc88,1088,FUNC,GLOBAL,2
SLUS_204.69,SsdStopAllEffect,0x240cb0,60,FUNC,GLOBAL,2
SLUS_204.69,UmnModelSon,0xa0ff04,4,OBJECT,GLOBAL,1
SLUS_204.69,xglRenderClearEnvMove,0x22d658,60,FUNC,GLOBAL,2
SLUS_204.69,sceGsSyncV,0x209ce0,148,FUNC,GLOBAL,2
SLUS_204.69,Java_xeno_util_Runtime_checkOutFriend__I,0x2f7f78,52,FUNC,GLOBAL,2
SLUS_204.69,sefIsFinishEffect2,0x2e7aa8,136,FUNC,GLOBAL,2
SLUS_204.69,NewVu1LightTexEnvFaceStrip,0x870,0,NOTYPE,GLOBAL,28
SLUS_204.69,image,0xa10bc0,128,OBJECT,GLOBAL,1
SLUS_204.69,nmlModelCalcClip,0x23f358,100,FUNC,GLOBAL,2
SLUS_204.69,dataEvtBoxDec,0x2bce08,28,FUNC,GLOBAL,2
SLUS_204.69,srsGetEffect2Idx,0x2e8040,148,FUNC,GLOBAL,2
SLUS_204.69,srsLoadEffectData,0x2e8cb0,80,FUNC,GLOBAL,2
SLUS_204.69,Vu0CallMatrixStackUnit,0x108,0,NOTYPE,GLOBAL,19
SLUS_204.69,WindowSPMain,0x283f68,796,FUNC,GLOBAL,2
SLUS_204.69,evtBox,0x426d40,510,OBJECT,GLOBAL,5
SLUS_204.69,__kernel_cos,0x3273d8,724,FUNC,GLOBAL,2
SLUS_204.69,Set_PlayerHistory,0x2d1848,204,FUNC,GLOBAL,2
SLUS_204.69,EneTerritoryID,0x3b2490,160,OBJECT,GLOBAL,5
SLUS_204.69,nmlFilterStealthMake,0x23b248,6104,FUNC,GLOBAL,2
SLUS_204.69,tskUmnPluginExWin,0xa0e4d8,544,FUNC,GLOBAL,1
SLUS_204.69,strtodf,0x3311e8,40,FUNC,GLOBAL,2
SLUS_204.69,UmnBackRgba,0xa104a0,4,OBJECT,GLOBAL,1
SLUS_204.69,dptofp,0x32c4e8,84,FUNC,GLOBAL,2
SLUS_204.69,initClassDB,0x2f0c68,52,FUNC,GLOBAL,2
SLUS_204.69,InitCf,0x2bd960,288,FUNC,GLOBAL,2
SLUS_204.69,MenuFile,0x287888,8136,FUNC,GLOBAL,2
SLUS_204.69,Java_xeno_util_Window_closeWaitKey__,0x2f8a78,36,FUNC,GLOBAL,2
SLUS_204.69,srsEftNo2WeaponID,0x2e8a98,56,FUNC,GLOBAL,2
SLUS_204.69,g_aSubWindow,0x4a91d0,16,OBJECT,GLOBAL,5
SLUS_204.69,NowLadderStep,0x4db850,2,OBJECT,GLOBAL,12
SLUS_204.69,sceGsResetPath,0x2095b0,104,FUNC,GLOBAL,2
SLUS_204.69,newArray,0x2f4898,148,FUNC,GLOBAL,2
SLUS_204.69,iGetTLBEntry,0x208a00,16,FUNC,GLOBAL,2
SLUS_204.69,SsdSetSeqMasterNote,0x2415f8,76,FUNC,GLOBAL,2
SLUS_204.69,xglSoundReset,0x227050,180,FUNC,GLOBAL,2
SLUS_204.69,sceMpegAddStrCallback,0x216380,244,FUNC,GLOBAL,2
SLUS_204.69,nmlPacketAddTransMicrocodeInit,0x236b98,280,FUNC,GLOBAL,2
SLUS_204.69,MenuParaUpMaxGet,0x2914b0,192,FUNC,GLOBAL,2
SLUS_204.69,DisableDispatchThread,0x200390,16,FUNC,GLOBAL,2
SLUS_204.69,InitDrill,0x2c8f10,336,FUNC,GLOBAL,2
SLUS_204.69,AdrsEnemyPreset,0x4db824,4,OBJECT,GLOBAL,12
SLUS_204.69,eBattleWinClose,0x281b50,32,FUNC,GLOBAL,2
SLUS_204.69,MATRIX_rotX4s,0x26e838,72,FUNC,GLOBAL,2
SLUS_204.69,Java_xeno_Chr_rotX__IFZ,0x2fe028,44,FUNC,GLOBAL,2
SLUS_204.69,scGetReg,0x2ea2f0,140,FUNC,GLOBAL,2
SLUS_204.69,JNT_interpolate,0x313350,1076,FUNC,GLOBAL,2
SLUS_204.69,loadConstString,0x2f1860,320,FUNC,GLOBAL,2
SLUS_204.69,Get_DefaultMotion,0x2d0a00,20,FUNC,GLOBAL,2
SLUS_204.69,__malloc_top_pad,0x4ade00,8,OBJECT,GLOBAL,5
SLUS_204.69,MenuBgTask,0x4da878,4,OBJECT,GLOBAL,12
SLUS_204.69,GameResourceInit,0x24da08,152,FUNC,GLOBAL,2
SLUS_204.69,MenuModelMemoryState,0x36d330,460,OBJECT,GLOBAL,5
SLUS_204.69,sceDeci2Poll,0x201750,36,FUNC,GLOBAL,2
SLUS_204.69,Java_xeno_Camera_viewSPL__aFIII,0x2fbc30,44,FUNC,GLOBAL,2
SLUS_204.69,nmlModelSetGlobalFogCol,0x230148,44,FUNC,GLOBAL,2
SLUS_204.69,_getpid_r,0x32f500,20,FUNC,GLOBAL,2
SLUS_204.69,Java_xeno_Unit_rotZ__IFZ,0x302d38,44,FUNC,GLOBAL,2
SLUS_204.69,findMethodLocal,0x2f5c60,72,FUNC,GLOBAL,2
SLUS_204.69,sresInitMemoryRes,0x2e8d00,36,FUNC,GLOBAL,2
SLUS_204.69,sefCreateBattleActorTbl,0x2e63f0,492,FUNC,GLOBAL,2
SLUS_204.69,nmlModelCalcClipMat2Cam,0x23f5d0,76,FUNC,GLOBAL,2
SLUS_204.69,JTHREAD_getSymbol,0x305888,64,FUNC,GLOBAL,2
SLUS_204.69,sceCdStResume,0x20e7e0,84,FUNC,GLOBAL,2
SLUS_204.69,AddSbusIntcHandler,0x2001a0,16,FUNC,GLOBAL,2
SLUS_204.69,tyaUmlDispMain,0xa0d038,140,FUNC,GLOBAL,1
SLUS_204.69,ClearUwamonoEffect,0x2be8c0,132,FUNC,GLOBAL,2
SLUS_204.69,WIN_checkActiveWindow,0x25dc08,96,FUNC,GLOBAL,2
SLUS_204.69,tskUmnDataBaseExWin,0xa0a8f8,996,FUNC,GLOBAL,1
SLUS_204.69,xglDmaDirectSrcChain,0x21b730,128,FUNC,GLOBAL,2
SLUS_204.69,ANM_updateTime,0x30eae0,292,FUNC,GLOBAL,2
SLUS_204.69,Java_xeno_Camera_setFov__F,0x2fbdb8,68,FUNC,GLOBAL,2
SLUS_204.69,MenuTecPas,0x4db51c,4,OBJECT,GLOBAL,12
SLUS_204.69,GamePauseDispEvent,0x246398,144,FUNC,GLOBAL,2
SLUS_204.69,svGetImageListItem,0x2ddc48,88,FUNC,GLOBAL,2
SLUS_204.69,Java_xeno_util_Menu_addQuery__Ljava_lang_String_,0x2f8aa0,36,FUNC,GLOBAL,2
SLUS_204.69,DrillZStopFunc,0x2ca158,264,FUNC,GLOBAL,2
SLUS_204.69,RSsdSifRpcThread,0x23fb90,36,FUNC,GLOBAL,2
SLUS_204.69,GetPartsSize,0x2be6f8,456,FUNC,GLOBAL,2
SLUS_204.69,_dispatchMpegCallback,0x2170c8,80,FUNC,GLOBAL,2
SLUS_204.69,tskUmnObjectTaskMain,0xa023a8,172,FUNC,GLOBAL,1
SLUS_204.69,DB_reset2,0x2608a8,28,FUNC,GLOBAL,2
SLUS_204.69,Enemy_Threat,0x2cd158,124,FUNC,GLOBAL,2
SLUS_204.69,strtoul,0x337a28,44,FUNC,GLOBAL,2
SLUS_204.69,svInitImageMapper,0x2de660,140,FUNC,GLOBAL,2
SLUS_204.69,findMethod,0x2f5ca8,100,FUNC,GLOBAL,2
SLUS_204.69,sceSifRemoveRpc,0x203a48,148,FUNC,GLOBAL,2
SLUS_204.69,Java_xeno_util_Runtime_checkGold__,0x2f7b60,40,FUNC,GLOBAL,2
SLUS_204.69,xglFlagsGet1,0x222ac8,24,FUNC,GLOBAL,2
SLUS_204.69,__mb_cur_max,0x4ade50,4,OBJECT,GLOBAL,5
SLUS_204.69,InitTLBFunctions,0x2088c8,180,FUNC,GLOBAL,2
SLUS_204.69,NewVu1LightTexReflSpecAddEnvStrip,0x13d0,0,NOTYPE,GLOBAL,46
SLUS_204.69,CheckUwamonoHeight,0x2c3fd8,372,FUNC,GLOBAL,2
SLUS_204.69,JNT_getFilter,0x314858,80,FUNC,GLOBAL,2
SLUS_204.69,_localeconv_r,0x336168,12,FUNC,GLOBAL,2
SLUS_204.69,NewVu1AddLightTexBackStrip,0x2620,0,NOTYPE,GLOBAL,43
SLUS_204.69,GameDefocusQuickSet,0x250038,664,FUNC,GLOBAL,2
SLUS_204.69,MenuTecCharTLevUpCheck,0x2af910,112,FUNC,GLOBAL,2
SLUS_204.69,xglMatrixInverse,0x229cc0,408,FUNC,GLOBAL,2
SLUS_204.69,EventTimerTask,0x25ad30,112,FUNC,GLOBAL,2
SLUS_204.69,nmlPacketAddGsPAbe,0x23a128,48,FUNC,GLOBAL,2
SLUS_204.69,TCAMERA_setTranslate,0x308b40,20,FUNC,GLOBAL,2
SLUS_204.69,HitCheckMapUnitPosSize,0x2c0308,200,FUNC,GLOBAL,2
SLUS_204.69,MenuCfTaikiPop,0x2752e0,60,FUNC,GLOBAL,2
SLUS_204.69,__load_start_ov80,0xb30186,0,OBJECT,GLOBAL,65521
SLUS_204.69,NewVu1LightTexEnvBackStrip2,0x2bb0,0,NOTYPE,GLOBAL,32
SLUS_204.69,Java_xeno_Unit_invalidate__,0x302688,8,FUNC,GLOBAL,2
SLUS_204.69,sceIoctl,0x205238,844,FUNC,GLOBAL,2
SLUS_204.69,MAP_initUnit,0x31ee88,300,FUNC,GLOBAL,2
SLUS_204.69,sceVif1PkAddUpkData128N,0x20b478,116,FUNC,GLOBAL,2
SLUS_204.69,xglMemCopy2b,0x228fa0,36,FUNC,GLOBAL,2
SLUS_204.69,Java_xeno_Sound_streamPlay__IIII,0x2fa0e8,320,FUNC,GLOBAL,2
SLUS_204.69,Java_xeno_Unit_setArgs__ILjava_lang_Object_I,0x304038,144,FUNC,GLOBAL,2
SLUS_204.69,transformVector,0x260b90,248,FUNC,GLOBAL,2
SLUS_204.69,sceSifSetReg,0x200920,16,FUNC,GLOBAL,2
SLUS_204.69,Java_xeno_Chr_look_char__Ljava_lang_Object_,0x300a90,112,FUNC,GLOBAL,2
SLUS_204.69,Java_xeno_Chr_setFilterParam__aF,0x300368,128,FUNC,GLOBAL,2
SLUS_204.69,__sigtramp_r,0x32f380,152,FUNC,GLOBAL,2
SLUS_204.69,NewVu1LightTexSpecEnvStrip,0x8e0,0,NOTYPE,GLOBAL,28
SLUS_204.69,sceCdPOffCallback,0x20cdf0,108,FUNC,GLOBAL,2
SLUS_204.69,nmlModelAskNonLinearCamera,0x22f1f0,204,FUNC,GLOBAL,2
SLUS_204.69,eBattleWinMain2,0x281df8,152,FUNC,GLOBAL,2
SLUS_204.69,_Error,0x217930,84,FUNC,GLOBAL,2
SLUS_204.69,MAP_getPath,0x246428,68,FUNC,GLOBAL,2
SLUS_204.69,TCAMERA_rollSPL,0x308f10,76,FUNC,GLOBAL,2
SLUS_204.69,MDL_setGroupVisible,0x317ce0,200,FUNC,GLOBAL,2
SLUS_204.69,MenuModelWeaponActorGet,0x281828,36,FUNC,GLOBAL,2
SLUS_204.69,xglPadSetRepeat,0x21bb80,180,FUNC,GLOBAL,2
SLUS_204.69,Deci2Call,0x200950,16,FUNC,GLOBAL,2
SLUS_204.69,Java_xeno_Camera_getRotateY__,0x2fb3e0,80,FUNC,GLOBAL,2
SLUS_204.69,subTreeLineDraw_type_0,0x2bbfb0,8,FUNC,GLOBAL,2
SLUS_204.69,endPrintDirectFrameCopy,0x27ec98,108,FUNC,GLOBAL,2
SLUS_204.69,_clearEach,0x217828,188,FUNC,GLOBAL,2
SLUS_204.69,NewVu1LightTexSpecAddEnvFaceStrip1,0x2058,0,NOTYPE,GLOBAL,48
SLUS_204.69,getPeer_Chr,0x2f9648,812,FUNC,GLOBAL,2
SLUS_204.69,MenuSortGet,0x290f50,32,FUNC,GLOBAL,2
SLUS_204.69,GameDefocusSet,0x24ff40,244,FUNC,GLOBAL,2
SLUS_204.69,Logo,0xa007f8,84,FUNC,GLOBAL,1
SLUS_204.69,loadScript,0x263ef8,500,FUNC,GLOBAL,2
SLUS_204.69,Debug_Mark,0x2d6098,268,FUNC,GLOBAL,2
SLUS_204.69,NewVu1LightTexMultiSpecEnvFaceStrip2,0x34a0,0,NOTYPE,GLOBAL,33
SLUS_204.69,xglFSrand,0x22ab80,20,FUNC,GLOBAL,2
SLUS_204.69,JTHREAD_get,0x305958,64,FUNC,GLOBAL,2
SLUS_204.69,MenuKeepSelectReset,0x274db8,80,FUNC,GLOBAL,2
SLUS_204.69,_sbrk_r,0x32f160,88,FUNC,GLOBAL,2
SLUS_204.69,nmlModelSetParent,0x22fa90,8,FUNC,GLOBAL,2
SLUS_204.69,DispDebugUwamono,0x2c8040,1092,FUNC,GLOBAL,2
SLUS_204.69,xglCdReadCancel,0x21e330,208,FUNC,GLOBAL,2
SLUS_204.69,xglVectorDivXYZ,0x229030,84,FUNC,GLOBAL,2
SLUS_204.69,sceMpegDemuxPss,0x216360,32,FUNC,GLOBAL,2
SLUS_204.69,sceMcGetInfo,0x20f520,388,FUNC,GLOBAL,2
SLUS_204.69,defaultVM,0x4dc710,4,OBJECT,GLOBAL,13
SLUS_204.69,_unknown_extension,0x2181f0,12,FUNC,GLOBAL,2
SLUS_204.69,HddInstallCBparam,0x4dc3b0,4,OBJECT,GLOBAL,12
SLUS_204.69,UmnModel,0xa0ff10,1280,OBJECT,GLOBAL,1
SLUS_204.69,NewVu1LightTexSpecFaceStrip,0x1a58,0,NOTYPE,GLOBAL,23
SLUS_204.69,MenuModelMenuMotionLoad,0x27fbf0,148,FUNC,GLOBAL,2
SLUS_204.69,SsdSetVagStreamPanpot,0x241fc0,76,FUNC,GLOBAL,2
SLUS_204.69,HitCheckMapUnitReverse,0x2c0228,196,FUNC,GLOBAL,2
SLUS_204.69,UseTestPath,0x4d8a79,1,OBJECT,GLOBAL,12
SLUS_204.69,CharSwitch,0x4daea4,4,OBJECT,GLOBAL,12
SLUS_204.69,_loadComboData,0x410e80,780,OBJECT,GLOBAL,5
SLUS_204.69,_pictureData0,0x2129c8,264,FUNC,GLOBAL,2
SLUS_204.69,UmnManzaiWin,0xa104d0,328,OBJECT,GLOBAL,1
SLUS_204.69,Check_Angle,0x2d8088,180,FUNC,GLOBAL,2
SLUS_204.69,MenuBoxInc,0x28f298,180,FUNC,GLOBAL,2
SLUS_204.69,InitCfSystem,0x2439e0,512,FUNC,GLOBAL,2
SLUS_204.69,Vu0CallMatrixStackRTPS,0x648,0,NOTYPE,GLOBAL,19
SLUS_204.69,JNT_getRootScale,0x313d58,24,FUNC,GLOBAL,2
SLUS_204.69,MenuEtherInfo,0x4db350,4,OBJECT,GLOBAL,12
SLUS_204.69,NewVu1EnvGsKickWide,0x28,0,NOTYPE,GLOBAL,27
SLUS_204.69,UmnEventTextCharCheck,0xa0ea68,192,FUNC,GLOBAL,1
SLUS_204.69,On_Ladder,0x2cf380,4108,FUNC,GLOBAL,2
SLUS_204.69,ReleaseAlarm,0x2002b0,16,FUNC,GLOBAL,2
SLUS_204.69,xglCameraTravelProc,0x22b910,164,FUNC,GLOBAL,2
SLUS_204.69,sceMpegInit,0x216be8,156,FUNC,GLOBAL,2
SLUS_204.69,NewVu1AddLightTexStrip,0x1170,0,NOTYPE,GLOBAL,41
SLUS_204.69,MMathCalcMatrixVector,0x2efde8,224,FUNC,GLOBAL,2
SLUS_204.69,classJava_xeno_util_Window,0x4dc790,4,OBJECT,GLOBAL,13
SLUS_204.69,DebugActor,0x4db860,2,OBJECT,GLOBAL,12
SLUS_204.69,__frame_state_for,0x32d998,440,FUNC,GLOBAL,2
SLUS_204.69,CharPas,0x4dae7c,4,OBJECT,GLOBAL,12
SLUS_204.69,MenuBibrationCount,0x4da874,1,OBJECT,GLOBAL,12
SLUS_204.69,Java_xeno_Chr_rotCNS__IFFF,0x2ffc90,52,FUNC,GLOBAL,2
SLUS_204.69,__smakebuf,0x3361c0,340,FUNC,GLOBAL,2
SLUS_204.69,MMathVectorInterpolation,0x2ef820,44,FUNC,GLOBAL,2
SLUS_204.69,EtherTreeLine2Draw,0x2bb590,76,FUNC,GLOBAL,2
SLUS_204.69,sceDeci2Open,0x2016b0,68,FUNC,GLOBAL,2
SLUS_204.69,dpcmp,0x32c310,76,FUNC,GLOBAL,2
SLUS_204.69,Java_xeno_util_Runtime_setFlags__III,0x2f7320,32,FUNC,GLOBAL,2
SLUS_204.69,xheap_init,0x2f1b08,80,FUNC,GLOBAL,2
SLUS_204.69,MATRIX_translate4s,0x26ea60,184,FUNC,GLOBAL,2
SLUS_204.69,MenuTecL1R1,0x4db52c,4,OBJECT,GLOBAL,12
SLUS_204.69,xglSleep,0x218938,44,FUNC,GLOBAL,2
SLUS_204.69,HitCheckUwamono,0x2c4150,256,FUNC,GLOBAL,2
SLUS_204.69,fabsf,0x329dc0,40,FUNC,GLOBAL,2
SLUS_204.69,SEQ_moveSPL,0x309e68,356,FUNC,GLOBAL,2
SLUS_204.69,Java_xeno_Camera_setCFPedestalHokan__II,0x2fc748,124,FUNC,GLOBAL,2
SLUS_204.69,MenuModelMemoryInit,0x27f478,92,FUNC,GLOBAL,2
SLUS_204.69,SsdPauseSequence,0x2414c0,72,FUNC,GLOBAL,2
SLUS_204.69,UmnMailData,0xa10ac0,256,OBJECT,GLOBAL,1
SLUS_204.69,NewVu1LightTexMultiSpecAddEnvBackStrip1,0x2528,0,NOTYPE,GLOBAL,48
SLUS_204.69,Enemy_Command_Light,0x2d2ff0,120,FUNC,GLOBAL,2
SLUS_204.69,setup_occlusion,0x23e570,628,FUNC,GLOBAL,2
SLUS_204.69,ACT_updateRECTRand,0x30afa0,20,FUNC,GLOBAL,2
SLUS_204.69,JNT_setMatrix,0x313910,16,FUNC,GLOBAL,2
SLUS_204.69,_read_r,0x337ef8,96,FUNC,GLOBAL,2
SLUS_204.69,_sceCd_c_cb_sem,0x4aba30,4,OBJECT,GLOBAL,5
SLUS_204.69,MSG_queueReset,0x25b398,88,FUNC,GLOBAL,2
SLUS_204.69,ACT_resetMatrix,0x306578,340,FUNC,GLOBAL,2
SLUS_204.69,MoveSlide,0x274f80,280,FUNC,GLOBAL,2
SLUS_204.69,nmlPacketAddGsAlpha,0x239df0,48,FUNC,GLOBAL,2
SLUS_204.69,nmlModelEntryCard,0x233dd8,1116,FUNC,GLOBAL,2
SLUS_204.69,Java_xeno_vm_Thread_create__,0x2f6550,52,FUNC,GLOBAL,2
SLUS_204.69,srsGetEffectName2,0x2e8ad0,80,FUNC,GLOBAL,2
SLUS_204.69,SetMapUwamono,0x2bf3e8,148,FUNC,GLOBAL,2
SLUS_204.69,ACT_updateDefault,0x30af58,68,FUNC,GLOBAL,2
SLUS_204.69,JC_copyChain,0x316dc0,668,FUNC,GLOBAL,2
SLUS_204.69,MenuModelFlag,0x4da94c,4,OBJECT,GLOBAL,12
SLUS_204.69,PLAY_ctrl,0x26a7f0,928,FUNC,GLOBAL,2
SLUS_204.69,nmlPacketClrTextureCache,0x237d80,8,FUNC,GLOBAL,2
SLUS_204.69,sceGsSetDefDrawEnv,0x209a10,484,FUNC,GLOBAL,2
SLUS_204.69,EfTab_Intr,0x3b2550,30,OBJECT,GLOBAL,5
SLUS_204.69,sceMpegDispWidth,0x217178,12,FUNC,GLOBAL,2
SLUS_204.69,_id2type,0x215e68,508,FUNC,GLOBAL,2
SLUS_204.69,nmlModelSetGlobalPointLightReset,0x22f4d0,60,FUNC,GLOBAL,2
SLUS_204.69,sceneObserver2,0x262538,832,FUNC,GLOBAL,2
SLUS_204.69,CheckActorExist,0x253ad8,44,FUNC,GLOBAL,2
SLUS_204.69,nmlModelEntry,0x232b00,3708,FUNC,GLOBAL,2
SLUS_204.69,JNT_resetMatrix,0x3148a8,396,FUNC,GLOBAL,2
SLUS_204.69,RSRC_alloc,0x26d7a0,272,FUNC,GLOBAL,2
SLUS_204.69,_ErrMessage,0x2178e8,16,FUNC,GLOBAL,2
SLUS_204.69,NewVu1LightTexSpecEnvFaceStrip1,0x1e50,0,NOTYPE,GLOBAL,30
SLUS_204.69,Java_xeno_util_Window_getSignal__,0x2f87b0,20,FUNC,GLOBAL,2
SLUS_204.69,TCH_getInfoID,0x26afe0,192,FUNC,GLOBAL,2
SLUS_204.69,__unpack_d,0x32dda0,172,FUNC,GLOBAL,2
SLUS_204.69,scePadInfoAct,0x20be68,288,FUNC,GLOBAL,2
SLUS_204.69,Java_xeno_Chr_mtnGetRoot__ILxeno_util_Vector4f_,0x2ff280,52,FUNC,GLOBAL,2
SLUS_204.69,Java_xeno_Chr_rotZ__Ljava_lang_Object_FZ,0x2fe208,44,FUNC,GLOBAL,2
SLUS_204.69,PacketDataVu0MicroCode,0x4ade80,0,NOTYPE,GLOBAL,9
SLUS_204.69,Java_xeno_util_Format_floatToIntBits__F,0x2f6810,12,FUNC,GLOBAL,2
SLUS_204.69,tiSymbol,0x43c140,48,OBJECT,GLOBAL,5
SLUS_204.69,Java_xeno_Stage_setFadeCancel__I,0x305178,128,FUNC,GLOBAL,2
SLUS_204.69,BSpline_Add,0x2d8c68,112,FUNC,GLOBAL,2
SLUS_204.69,FCV2_getValueAndKey,0x30d790,76,FUNC,GLOBAL,2
SLUS_204.69,XTK_setWindowOwner,0x2650f8,8,FUNC,GLOBAL,2
SLUS_204.69,MAP_updateUnitItemBox,0x2c71a0,364,FUNC,GLOBAL,2
SLUS_204.69,findConstString,0x2f1768,144,FUNC,GLOBAL,2
SLUS_204.69,WorkEnd,0x4d8a40,4,OBJECT,GLOBAL,12
SLUS_204.69,nmlModelSetScale,0x22fc88,116,FUNC,GLOBAL,2
SLUS_204.69,Map_Command_Ladder,0x2d34d0,100,FUNC,GLOBAL,2
SLUS_204.69,Get_EffectCode,0x2cb1b0,200,FUNC,GLOBAL,2
SLUS_204.69,FileObjectAllLoad,0x284d80,1136,FUNC,GLOBAL,2
SLUS_204.69,MMathCalcHermite,0x2ef160,112,FUNC,GLOBAL,2
SLUS_204.69,PacketDataNewVu1AddEnvMicroCode,0x4b9710,0,NOTYPE,GLOBAL,9
SLUS_204.69,xglFlagsGet16,0x222b28,24,FUNC,GLOBAL,2
SLUS_204.69,LAYOUT_mapID_setUnit,0x2f6c50,392,FUNC,GLOBAL,2
SLUS_204.69,CharStatusMain,0x293610,4488,FUNC,GLOBAL,2
SLUS_204.69,Vu0CallMatrixStackScale,0x2e8,0,NOTYPE,GLOBAL,19
SLUS_204.69,fflush,0x335320,276,FUNC,GLOBAL,2
SLUS_204.69,Java_xeno_util_Runtime_minigameExec__I,0x2f85b0,284,FUNC,GLOBAL,2
SLUS_204.69,Java_xeno_Unit_stop__,0x303c58,408,FUNC,GLOBAL,2
SLUS_204.69,xglCdStreamRewind,0x21ead8,100,FUNC,GLOBAL,2
SLUS_204.69,initFileSelect,0x2dc540,176,FUNC,GLOBAL,2
SLUS_204.69,GameMovieStop,0x250390,48,FUNC,GLOBAL,2
SLUS_204.69,__malloc_max_sbrked_mem,0x4ade10,8,OBJECT,GLOBAL,5
SLUS_204.69,SEQ_transCNSUnitChr,0x31f760,264,FUNC,GLOBAL,2
SLUS_204.69,Enemy_Tentacle,0x2cbb50,664,FUNC,GLOBAL,2
SLUS_204.69,EventDoorCloseOpeFunc,0x2c5280,108,FUNC,GLOBAL,2
SLUS_204.69,radixTenTenths,0x36ad80,100,OBJECT,GLOBAL,5
SLUS_204.69,FCV2_getValue,0x30d740,76,FUNC,GLOBAL,2
SLUS_204.69,Java_xeno_Unit_rotZ__Ljava_lang_Object_FZ,0x302d70,8,FUNC,GLOBAL,2
SLUS_204.69,eWindowMain,0x274700,488,FUNC,GLOBAL,2
SLUS_204.69,CheckCrossCircle,0x2c8cd0,368,FUNC,GLOBAL,2
SLUS_204.69,sefGetWeaponPosition,0x2e1f50,124,FUNC,GLOBAL,2
SLUS_204.69,MenuModelMenuMotionGet,0x27f560,64,FUNC,GLOBAL,2
SLUS_204.69,MIF2_close,0x25c7a8,48,FUNC,GLOBAL,2
SLUS_204.69,Get_Distance3D,0x2d7fe8,112,FUNC,GLOBAL,2
SLUS_204.69,Java_xeno_util_Runtime_removeItem__II,0x2f7a10,52,FUNC,GLOBAL,2
SLUS_204.69,MATRIX_transpose4,0x26e510,132,FUNC,GLOBAL,2
SLUS_204.69,mail_folder,0xa10678,128,OBJECT,GLOBAL,1
SLUS_204.69,tskUmnMailExWin,0xa082e0,1052,FUNC,GLOBAL,1
SLUS_204.69,MenuItemListMake01,0x28b830,376,FUNC,GLOBAL,2
SLUS_204.69,xglCullingExist,0x23eb38,12,FUNC,GLOBAL,2
SLUS_204.69,SeisanTest,0x26fde8,140,FUNC,GLOBAL,2
SLUS_204.69,xglHddErrorScreen,0x227320,192,FUNC,GLOBAL,2
SLUS_204.69,ACT_loadMotion,0x308228,260,FUNC,GLOBAL,2
SLUS_204.69,xglMatrixStackMulVector,0x22a648,44,FUNC,GLOBAL,2
SLUS_204.69,GameModeCfMain,0x245060,2156,FUNC,GLOBAL,2
SLUS_204.69,UmnMailHeaderBuf,0xa10d1c,4,OBJECT,GLOBAL,1
SLUS_204.69,_motionVector,0x213580,332,FUNC,GLOBAL,2
SLUS_204.69,sceMpegSetDefaultPtsGap,0x217140,20,FUNC,GLOBAL,2
SLUS_204.69,Java_xeno_Unit_sclY__FFZ,0x303378,44,FUNC,GLOBAL,2
SLUS_204.69,_defLight,0x410bf0,240,OBJECT,GLOBAL,5
SLUS_204.69,__kernel_sin,0x328200,568,FUNC,GLOBAL,2
SLUS_204.69,Java_xeno_Chr_setShadow__II,0x2ffe70,108,FUNC,GLOBAL,2
SLUS_204.69,Java_xeno_Effect_setTarget__Lxeno_Chr_,0x2fadb0,152,FUNC,GLOBAL,2
SLUS_204.69,Java_xeno_util_Runtime_getLocation__,0x2f73b0,40,FUNC,GLOBAL,2
SLUS_204.69,sefLerpVectorB,0x2e7f88,92,FUNC,GLOBAL,2
SLUS_204.69,xglMemCopy16,0x228e88,36,FUNC,GLOBAL,2
SLUS_204.69,GameSnapShotExecute,0x24dac8,592,FUNC,GLOBAL,2
SLUS_204.69,SetOsdConfigParam2,0x200820,16,FUNC,GLOBAL,2
SLUS_204.69,NewVu1LightTexReflSpecAddEnvStrip1,0x2560,0,NOTYPE,GLOBAL,48
SLUS_204.69,KowareKind_t,0x36e000,6096,OBJECT,GLOBAL,5
SLUS_204.69,ACT_matrixInit,0x305a98,92,FUNC,GLOBAL,2
SLUS_204.69,nmlModelGetMenuStatus,0x22e7d8,8,FUNC,GLOBAL,2
SLUS_204.69,MMathCalcOffset,0x2ef5b0,84,FUNC,GLOBAL,2
SLUS_204.69,SeisanBgTask,0x4db0c4,4,OBJECT,GLOBAL,12
SLUS_204.69,classJava_xeno_Uwamono,0x4dc794,4,OBJECT,GLOBAL,13
SLUS_204.69,MenuItemSegmentMain,0x28c750,4736,FUNC,GLOBAL,2
SLUS_204.69,_iDisableDmac,0x2002f0,16,FUNC,GLOBAL,2
SLUS_204.69,UwamonoCommonFunc,0x2c3d88,164,FUNC,GLOBAL,2
SLUS_204.69,xglMatrixStackLoad,0x22a5b0,28,FUNC,GLOBAL,2
SLUS_204.69,SEQ_rotateUnit,0x31f868,1144,FUNC,GLOBAL,2
SLUS_204.69,TWIN_update2,0x25e2f0,1308,FUNC,GLOBAL,2
SLUS_204.69,sefCreateScheduler2,0x2e5548,952,FUNC,GLOBAL,2
SLUS_204.69,sceSifSyncIop,0x208630,56,FUNC,GLOBAL,2
SLUS_204.69,Java_xeno_Light_setDirection2__FFF,0x2fcb78,220,FUNC,GLOBAL,2
SLUS_204.69,JNT_computeMatrix,0x314a38,3848,FUNC,GLOBAL,2
SLUS_204.69,Java_xeno_util_Toolkit_loadResource__Ljava_lang_String_,0x2f9d58,52,FUNC,GLOBAL,2
SLUS_204.69,MenuBgTaskInit,0x275320,384,FUNC,GLOBAL,2
SLUS_204.69,MMathCalcDist,0x2ef388,52,FUNC,GLOBAL,2
SLUS_204.69,FileJpegCheck,0x284b10,184,FUNC,GLOBAL,2
SLUS_204.69,sceDevctl,0x206e88,568,FUNC,GLOBAL,2
SLUS_204.69,WpnPosToOptMnt,0x28fa68,204,FUNC,GLOBAL,2
SLUS_204.69,system_cnf,0x491718,80,OBJECT,GLOBAL,5
SLUS_204.69,MenuModelResourceInit,0x27f4d8,76,FUNC,GLOBAL,2
SLUS_204.69,Java_xeno_PlayControl_getParams__,0x2fa648,44,FUNC,GLOBAL,2
SLUS_204.69,srsChangeSeparator,0x2e8658,84,FUNC,GLOBAL,2
SLUS_204.69,MMathScaleMatrix,0x2efd20,64,FUNC,GLOBAL,2
SLUS_204.69,NewVu1LightTexSpecAddEnvBackStrip,0xeb0,0,NOTYPE,GLOBAL,45
SLUS_204.69,Java_xeno_Unit_signal__I,0x3039d0,140,FUNC,GLOBAL,2
SLUS_204.69,SCRIPT_exec2,0x264d18,972,FUNC,GLOBAL,2
SLUS_204.69,SsdSetSamplingParam,0x241210,80,FUNC,GLOBAL,2
SLUS_204.69,NewVu1LightTexSpecAddEnvBackStrip2,0x32a8,0,NOTYPE,GLOBAL,50
SLUS_204.69,DrillCalcCameraPos,0x2cac10,196,FUNC,GLOBAL,2
SLUS_204.69,NewVu1AddLightTexSpecStrip,0x13b8,0,NOTYPE,GLOBAL,41
SLUS_204.69,GameStateSaveCameraLight,0x243188,116,FUNC,GLOBAL,2
SLUS_204.69,thinkBuf,0x436f40,16384,OBJECT,GLOBAL,5
SLUS_204.69,dataItmBoxChk,0x2bcc48,28,FUNC,GLOBAL,2
SLUS_204.69,MenuItemUseCheck,0x289fd0,176,FUNC,GLOBAL,2
SLUS_204.69,xheap_info,0x2f1c18,132,FUNC,GLOBAL,2
SLUS_204.69,checkItemBoxDir,0x243fa0,228,FUNC,GLOBAL,2
SLUS_204.69,sceGsSetDefLoadImage,0x20a090,484,FUNC,GLOBAL,2
SLUS_204.69,umn_text,0xa10d20,4,OBJECT,GLOBAL,1
SLUS_204.69,Java_xeno_util_Window_signal__I,0x2f87c8,16,FUNC,GLOBAL,2
SLUS_204.69,NewVu1LightTexEnvStrip1,0x1790,0,NOTYPE,GLOBAL,29
SLUS_204.69,xglCdSifLoadModule,0x21f480,288,FUNC,GLOBAL,2
SLUS_204.69,MenuItemInfo,0x4dab14,4,OBJECT,GLOBAL,12
SLUS_204.69,MenuItemSelectMain,0x28bd90,528,FUNC,GLOBAL,2
SLUS_204.69,MenuWork,0x36c180,128,OBJECT,GLOBAL,5
SLUS_204.69,eMessageTest,0x272180,700,FUNC,GLOBAL,2
SLUS_204.69,ACT_DrawShadowEnd,0x31a070,36,FUNC,GLOBAL,2
SLUS_204.69,SsdSetReverbParameter,0x240598,80,FUNC,GLOBAL,2
SLUS_204.69,LoopCount,0x4dc3d0,4,OBJECT,GLOBAL,12
SLUS_204.69,EW_dispose,0x26c238,100,FUNC,GLOBAL,2
SLUS_204.69,__umoddi3,0x32b258,1384,FUNC,GLOBAL,2
SLUS_204.69,lseek,0x200c18,8,FUNC,GLOBAL,2
SLUS_204.69,TexTrans,0x2bdf00,180,FUNC,GLOBAL,2
SLUS_204.69,Java_xeno_util_Runtime_jumpCF__II,0x2f76f0,88,FUNC,GLOBAL,2
SLUS_204.69,MMathCalcDistXZ,0x2ef3c0,48,FUNC,GLOBAL,2
SLUS_204.69,_scriptWork,0x41e3d0,17664,OBJECT,GLOBAL,5
SLUS_204.69,Java_xeno_util_Input_create__I,0x2f6a58,116,FUNC,GLOBAL,2
SLUS_204.69,MenuSystem,0x2b55b8,168,FUNC,GLOBAL,2
SLUS_204.69,mdstr,0x43af90,256,OBJECT,GLOBAL,5
SLUS_204.69,FCV2_resetPack,0x30d908,244,FUNC,GLOBAL,2
SLUS_204.69,xglSoundSequenceNormal,0x226200,32,FUNC,GLOBAL,2
SLUS_204.69,SinitCamera,0x2dceb0,140,FUNC,GLOBAL,2
SLUS_204.69,xglSoundEffectStopBank,0x226770,60,FUNC,GLOBAL,2
SLUS_204.69,Java_xeno_Unit_rotZ__ILjava_lang_Object_Z,0x302d68,8,FUNC,GLOBAL,2
SLUS_204.69,Java_xeno_vm_System_methodSignal__I,0x2f6520,44,FUNC,GLOBAL,2
SLUS_204.69,AgwsSwitchMain,0x29d530,504,FUNC,GLOBAL,2
SLUS_204.69,Java_xeno_util_Format_toString__I,0x2f6950,128,FUNC,GLOBAL,2
SLUS_204.69,isceSifSetDma,0x2008f0,16,FUNC,GLOBAL,2
SLUS_204.69,_SyscallEntry,0x4aa36c,4,OBJECT,GLOBAL,5
SLUS_204.69,MenuEtherListMake00,0x2ad608,284,FUNC,GLOBAL,2
SLUS_204.69,_copyrightExtension,0x214610,144,FUNC,GLOBAL,2
SLUS_204.69,nmlModelSetClip,0x22fd00,8,FUNC,GLOBAL,2
SLUS_204.69,UmnGunoDataBaseGet,0xa097d8,64,FUNC,GLOBAL,1
SLUS_204.69,Java_xeno_Chr_setTranslate__,0x2feab0,284,FUNC,GLOBAL,2
SLUS_204.69,_CountTime,0x4db5c8,8,OBJECT,GLOBAL,12
SLUS_204.69,svDrawModel,0x2df770,364,FUNC,GLOBAL,2
SLUS_204.69,sceVif1PkCloseDirectHLCode,0x20b448,44,FUNC,GLOBAL,2
SLUS_204.69,nmlPacketAddGifTag,0x239000,428,FUNC,GLOBAL,2
SLUS_204.69,MapInit,0x246910,8,FUNC,GLOBAL,2
SLUS_204.69,MenuSystem2,0x2b5680,60,FUNC,GLOBAL,2
SLUS_204.69,MenuTecStatus,0x4db530,4,OBJECT,GLOBAL,12
SLUS_204.69,MEfObjEnabled,0x2f0050,40,FUNC,GLOBAL,2
SLUS_204.69,ACT_createEnemy,0x2d4040,1036,FUNC,GLOBAL,2
SLUS_204.69,MenuItemListMain,0x28ba70,796,FUNC,GLOBAL,2
SLUS_204.69,SsdGetVagStreamStatusAll,0x241ee0,64,FUNC,GLOBAL,2
SLUS_204.69,RssdSifRpcServer,0x23fc90,468,FUNC,GLOBAL,2
SLUS_204.69,xglFontGetKanjiClutUV,0x218ab0,176,FUNC,GLOBAL,2
SLUS_204.69,RSRC_loadFile2,0x26dd78,20,FUNC,GLOBAL,2
SLUS_204.69,ePrintTest,0x272178,8,FUNC,GLOBAL,2
SLUS_204.69,UmnModelUkn,0xa0ff00,4,OBJECT,GLOBAL,1
SLUS_204.69,_realloc_r,0x337f58,1440,FUNC,GLOBAL,2
SLUS_204.69,SeisanCountInit1,0x29f440,100,FUNC,GLOBAL,2
SLUS_204.69,InitUwamonoSys,0x2bdfb8,1020,FUNC,GLOBAL,2
SLUS_204.69,__kernel_sinf,0x328e50,292,FUNC,GLOBAL,2
SLUS_204.69,_Exit,0x200140,16,FUNC,GLOBAL,2
SLUS_204.69,_iWakeupThread,0x200460,16,FUNC,GLOBAL,2
SLUS_204.69,McMathUnitMatrix,0x4cc950,64,OBJECT,GLOBAL,10
SLUS_204.69,xglHddMcLoadMount,0x2273e0,104,FUNC,GLOBAL,2
SLUS_204.69,sdvInitAmbient,0x2ec310,12,FUNC,GLOBAL,2
SLUS_204.69,nmlPacketSetAttributeData64,0x238e60,100,FUNC,GLOBAL,2
SLUS_204.69,PAD_getKey,0x260808,116,FUNC,GLOBAL,2
SLUS_204.69,nmlModelCalcClipMat1,0x23f410,144,FUNC,GLOBAL,2
SLUS_204.69,ProbeTLBEntry,0x208a10,16,FUNC,GLOBAL,2
SLUS_204.69,SsdDisposeEffectData,0x240ae8,68,FUNC,GLOBAL,2
SLUS_204.69,_lo0bits,0x3367c0,188,FUNC,GLOBAL,2
SLUS_204.69,nmlModelSetFaceModel,0x22e728,36,FUNC,GLOBAL,2
SLUS_204.69,Java_xeno_Stage_setFrameRender__II,0x305150,40,FUNC,GLOBAL,2
SLUS_204.69,Java_xeno_util_Runtime_getItemName__II,0x2f7a80,128,FUNC,GLOBAL,2
SLUS_204.69,PauseMenuPageUwamono,0x2c78d0,876,FUNC,GLOBAL,2
SLUS_204.69,Java_xeno_util_Window_waitkey__I,0x2f8828,72,FUNC,GLOBAL,2
SLUS_204.69,MapGetNo,0x246900,12,FUNC,GLOBAL,2
SLUS_204.69,Java_xeno_util_Window_clear__,0x2f87d8,36,FUNC,GLOBAL,2
SLUS_204.69,HitCheckBox,0x2c0658,204,FUNC,GLOBAL,2
SLUS_204.69,_csc_storeRefImage,0x215958,628,FUNC,GLOBAL,2
SLUS_204.69,ACT_draw,0x305ef8,92,FUNC,GLOBAL,2
SLUS_204.69,eWindowSet,0x2748e8,60,FUNC,GLOBAL,2
SLUS_204.69,xglFontGetStringWidth2,0x21b328,576,FUNC,GLOBAL,2
SLUS_204.69,Vu0CallMatrixStackFrustum,0x4a8,0,NOTYPE,GLOBAL,19
SLUS_204.69,HitCheckMapUnitPosAt,0x2c0578,220,FUNC,GLOBAL,2
SLUS_204.69,SCRIPT_load_DBG,0x2620e0,128,FUNC,GLOBAL,2
SLUS_204.69,__udivdi3,0x32acd8,1404,FUNC,GLOBAL,2
SLUS_204.69,sceMcChangeThreadPriority,0x20ebd0,180,FUNC,GLOBAL,2
SLUS_204.69,Java_xeno_Unit_validate__,0x303df0,8,FUNC,GLOBAL,2
SLUS_204.69,sefGetScheduler,0x2e7ec8,12,FUNC,GLOBAL,2
SLUS_204.69,sefPrintMatrix,0x2ddaf0,8,FUNC,GLOBAL,2
SLUS_204.69,sceMpegGetPictureRAW8xy,0x216f50,80,FUNC,GLOBAL,2
SLUS_204.69,Java_xeno_util_Window_print__aLjava_lang_String_I,0x2f89e8,132,FUNC,GLOBAL,2
SLUS_204.69,sefDeleteEffectCf,0x2e7930,20,FUNC,GLOBAL,2
SLUS_204.69,Vu0CallMatrixStackRotV,0x338,0,NOTYPE,GLOBAL,19
SLUS_204.69,SsdPlayEffectParam,0x240bc0,80,FUNC,GLOBAL,2
SLUS_204.69,Java_xeno_util_Runtime_resetLockParty__I,0x2f7ec8,36,FUNC,GLOBAL,2
SLUS_204.69,MenuSkillExMain,0x2b7d50,956,FUNC,GLOBAL,2
SLUS_204.69,__mprec_bigtens,0x4d7af8,40,OBJECT,GLOBAL,10
SLUS_204.69,abort,0x32e040,24,FUNC,GLOBAL,2
SLUS_204.69,NewVu1LightTexReflSpecEnvFaceStrip1,0x27e0,0,NOTYPE,GLOBAL,31
SLUS_204.69,nmlPacketAddFog,0x239250,220,FUNC,GLOBAL,2
SLUS_204.69,sceTtyWrite,0x201ad0,336,FUNC,GLOBAL,2
SLUS_204.69,NewVu1LightTexReflSpecAddEnvFaceStrip,0x18e8,0,NOTYPE,GLOBAL,47
SLUS_204.69,RFU073,0x2005b0,16,FUNC,GLOBAL,2
SLUS_204.69,MenuTecEx,0x4db528,4,OBJECT,GLOBAL,12
SLUS_204.69,dptoul,0x32c540,160,FUNC,GLOBAL,2
SLUS_204.69,sceCdStRead,0x20e608,392,FUNC,GLOBAL,2
SLUS_204.69,Title,0xa00e18,2440,FUNC,GLOBAL,1
SLUS_204.69,MenuSystemMenu,0x4db5c0,4,OBJECT,GLOBAL,12
SLUS_204.69,sdvDrawAlters,0x2eeb88,196,FUNC,GLOBAL,2
SLUS_204.69,Java_xeno_util_Input_getRepeat__,0x2f6bd0,124,FUNC,GLOBAL,2
SLUS_204.69,sefClipViewVolume,0x2df1b8,44,FUNC,GLOBAL,2
SLUS_204.69,SCRIPT_fadeGet,0x261278,20,FUNC,GLOBAL,2
SLUS_204.69,scePrintf,0x2026c8,96,FUNC,GLOBAL,2
SLUS_204.69,NewVu1LightTexReflSpecAddEnvBackStrip1,0x2a60,0,NOTYPE,GLOBAL,49
SLUS_204.69,xglMatrixStackSave,0x22a590,28,FUNC,GLOBAL,2
SLUS_204.69,__mcmp,0x336d20,104,FUNC,GLOBAL,2
SLUS_204.69,MAP_updateUnitDoor,0x2c4a18,292,FUNC,GLOBAL,2
SLUS_204.69,SkillNextLvGet,0x2b6a30,20,FUNC,GLOBAL,2
SLUS_204.69,CharSwitchMain,0x295cb0,296,FUNC,GLOBAL,2
SLUS_204.69,Java_xeno_Camera_create__I,0x2fb790,112,FUNC,GLOBAL,2
SLUS_204.69,MMathDeg2RadVector,0x2ef210,36,FUNC,GLOBAL,2
SLUS_204.69,WIN_initScene,0x25db00,44,FUNC,GLOBAL,2
SLUS_204.69,scePadGetState,0x20bcc8,120,FUNC,GLOBAL,2
SLUS_204.69,Java_xeno_Unit_move__FFFZ,0x302690,44,FUNC,GLOBAL,2
SLUS_204.69,MMathCalcHermitePrm,0x2ef1d0,60,FUNC,GLOBAL,2
SLUS_204.69,MATRIX_rotX4,0x26e760,72,FUNC,GLOBAL,2
SLUS_204.69,TMENU_init,0x25ed60,872,FUNC,GLOBAL,2
SLUS_204.69,SsdNextWaveData,0x240818,120,FUNC,GLOBAL,2
SLUS_204.69,xglMenuInitial,0x21ce98,52,FUNC,GLOBAL,2
SLUS_204.69,PauseMenuPagePartyDebugFriend,0x2737b0,472,FUNC,GLOBAL,2
SLUS_204.69,HitCheckMapUnitPos,0x2c02f0,24,FUNC,GLOBAL,2
SLUS_204.69,OptMntToWpnPos,0x28fa08,92,FUNC,GLOBAL,2
SLUS_204.69,tyaUmlDispParamReset,0xa0dd80,72,FUNC,GLOBAL,1
SLUS_204.69,scePadInfoMode,0x20c0a8,312,FUNC,GLOBAL,2
SLUS_204.69,TWIN_drawScene2,0x25eb20,576,FUNC,GLOBAL,2
SLUS_204.69,EXM_SetDelayMovedHair,0x31e8b8,16,FUNC,GLOBAL,2
SLUS_204.69,MenuItemPas,0x4dab10,4,OBJECT,GLOBAL,12
SLUS_204.69,CharactorAllRecovery,0x275d18,112,FUNC,GLOBAL,2
SLUS_204.69,SsdSuspend,0x240438,64,FUNC,GLOBAL,2
SLUS_204.69,Java_xeno_PlayControl_init__IIIIF,0x2fa438,120,FUNC,GLOBAL,2
SLUS_204.69,xglFlagsSet64,0x2229f8,88,FUNC,GLOBAL,2
SLUS_204.69,WindowDXSet,0x2829d8,48,FUNC,GLOBAL,2
SLUS_204.69,UmnMailMain,0x2760f0,144,FUNC,GLOBAL,2
SLUS_204.69,endPrintDirectRibbon,0x27ca10,420,FUNC,GLOBAL,2
SLUS_204.69,xglHddActivate,0x228988,100,FUNC,GLOBAL,2
SLUS_204.69,_svViewScreenMtx,0x40d630,64,OBJECT,GLOBAL,5
SLUS_204.69,RSRC_loadFile,0x26dd90,28,FUNC,GLOBAL,2
SLUS_204.69,FileCheckSumGet,0x284660,252,FUNC,GLOBAL,2
SLUS_204.69,Ready_Ladder,0x2cee78,1288,FUNC,GLOBAL,2
SLUS_204.69,MenuModelSubWindow,0x36d5d0,48,OBJECT,GLOBAL,5
SLUS_204.69,setEventTimerTaskEntry,0x25ada0,128,FUNC,GLOBAL,2
SLUS_204.69,MSG_convert,0x25c8f0,752,FUNC,GLOBAL,2
SLUS_204.69,MapChangeResource,0x246628,196,FUNC,GLOBAL,2
SLUS_204.69,__load_stop_ov02,0xa6f1e4,0,OBJECT,GLOBAL,65521
SLUS_204.69,RSRC_searchFile,0x26d8b0,172,FUNC,GLOBAL,2
SLUS_204.69,Java_xeno_Chr_getScale__,0x2ff328,144,FUNC,GLOBAL,2
SLUS_204.69,GetOsdConfigParam,0x2005d0,16,FUNC,GLOBAL,2
SLUS_204.69,classChar,0x4dc798,4,OBJECT,GLOBAL,13
SLUS_204.69,InitMapDoor,0x2c4760,692,FUNC,GLOBAL,2
SLUS_204.69,s_aStealthDat,0x4a9e20,480,OBJECT,GLOBAL,5
SLUS_204.69,AimMapUnitLookCheck,0x2c3af0,384,FUNC,GLOBAL,2
SLUS_204.69,model_work,0x4da860,4,OBJECT,GLOBAL,12
SLUS_204.69,nmlModelSetShapeId,0x22fae0,72,FUNC,GLOBAL,2
SLUS_204.69,xglThreadRotate,0x2188d0,100,FUNC,GLOBAL,2
SLUS_204.69,_sceCd_cd_read_intr,0x20cc38,160,FUNC,GLOBAL,2
SLUS_204.69,sefLoadEffectCf,0x2e7760,32,FUNC,GLOBAL,2
SLUS_204.69,reloadConstString,0x2f17f8,100,FUNC,GLOBAL,2
SLUS_204.69,NewVu1LightTexEnvBackStrip1,0x1a50,0,NOTYPE,GLOBAL,30
SLUS_204.69,EXM_CalcExMotion,0x31d760,4348,FUNC,GLOBAL,2
SLUS_204.69,InitSpecialSymbol,0x2c6f10,164,FUNC,GLOBAL,2
SLUS_204.69,MAP_updateUnitDrill,0x2c97e8,1188,FUNC,GLOBAL,2
SLUS_204.69,_InitTLB,0x200990,16,FUNC,GLOBAL,2
SLUS_204.69,Java_xeno_Effect_noAttach__Z,0x2fb308,136,FUNC,GLOBAL,2
SLUS_204.69,sceVif1PkAddDataN,0x20b120,64,FUNC,GLOBAL,2
SLUS_204.69,xglSoundSequenceFadeOut,0x226278,28,FUNC,GLOBAL,2
SLUS_204.69,xglMovieInit,0x222860,20,FUNC,GLOBAL,2
SLUS_204.69,TCAMERA_init,0x309428,84,FUNC,GLOBAL,2
SLUS_204.69,SCRIPT_exec,0x264808,1292,FUNC,GLOBAL,2
SLUS_204.69,MenuTecListMain,0x2b1338,688,FUNC,GLOBAL,2
SLUS_204.69,PosEquipToOptMnt,0x28f8e8,64,FUNC,GLOBAL,2
SLUS_204.69,SCRIPT_eventFinish,0x261230,12,FUNC,GLOBAL,2
SLUS_204.69,xglVectorClamp,0x229810,180,FUNC,GLOBAL,2
SLUS_204.69,nmlModelUseSubWindow,0x22f380,36,FUNC,GLOBAL,2
SLUS_204.69,xglSin,0x22abd0,48,FUNC,GLOBAL,2
SLUS_204.69,_pictureCodingExtension,0x214100,496,FUNC,GLOBAL,2
SLUS_204.69,sefIsSeSignal,0x2e68c8,84,FUNC,GLOBAL,2
SLUS_204.69,nmlModelSetBackBufferToBattle,0x22f2e0,44,FUNC,GLOBAL,2
SLUS_204.69,SCRIPT_load,0x262060,60,FUNC,GLOBAL,2
SLUS_204.69,CUR_MATRIX_Txyz4s,0x26f360,36,FUNC,GLOBAL,2
SLUS_204.69,TMENU_addQuery,0x25f188,92,FUNC,GLOBAL,2
SLUS_204.69,sefLerpIVectorB,0x2e7fe8,88,FUNC,GLOBAL,2
SLUS_204.69,NewVu1ProGsKickWide,0x28,0,NOTYPE,GLOBAL,35
SLUS_204.69,UmnMailAttachGet,0xa0f1d8,28,FUNC,GLOBAL,1
SLUS_204.69,CharPasMain,0x291990,1244,FUNC,GLOBAL,2
SLUS_204.69,ewComponent,0x99ca30,2560,OBJECT,GLOBAL,14
SLUS_204.69,_sysbitNext,0x215c08,28,FUNC,GLOBAL,2
SLUS_204.69,Java_xeno_vm_Thread_stop__,0x2f6638,24,FUNC,GLOBAL,2
SLUS_204.69,_ri0_010,0x211a90,184,FUNC,GLOBAL,2
SLUS_204.69,InitExecPS2,0x209250,172,FUNC,GLOBAL,2
SLUS_204.69,NewVu1LightTexEnvStrip,0x5b0,0,NOTYPE,GLOBAL,27
SLUS_204.69,strtol,0x331448,44,FUNC,GLOBAL,2
SLUS_204.69,Java_xeno_Unit_rotY__ILjava_lang_Object_Z,0x302cf8,8,FUNC,GLOBAL,2
SLUS_204.69,orgData,0x422940,12672,OBJECT,GLOBAL,5
SLUS_204.69,SetAlarm,0x2002a0,16,FUNC,GLOBAL,2
SLUS_204.69,_seSignal,0x4dba7c,2,OBJECT,GLOBAL,12
SLUS_204.69,EtherTreeLine2ModeChange,0x2bb2c0,280,FUNC,GLOBAL,2
SLUS_204.69,JS_checkArgs,0x26b5a0,772,FUNC,GLOBAL,2
SLUS_204.69,Java_xeno_PlayControl_signal__I,0x2fa3f8,16,FUNC,GLOBAL,2
SLUS_204.69,sdvRestoreAmbient,0x2ec468,36,FUNC,GLOBAL,2
SLUS_204.69,srsCdReadCallback,0x2e8c18,152,FUNC,GLOBAL,2
SLUS_204.69,PartyOutFriendOn,0x2b5c70,80,FUNC,GLOBAL,2
SLUS_204.69,xglMcSetMapName,0x21fd10,388,FUNC,GLOBAL,2
SLUS_204.69,SetMapUnitTest,0x2bd7d8,392,FUNC,GLOBAL,2
SLUS_204.69,xglAtan2,0x228c58,428,FUNC,GLOBAL,2
SLUS_204.69,sceSifRebootIop,0x208668,272,FUNC,GLOBAL,2
SLUS_204.69,xglRenderClearColor,0x22d558,52,FUNC,GLOBAL,2
SLUS_204.69,UmnProcuratorSet,0xa05670,196,FUNC,GLOBAL,1
SLUS_204.69,sceSifStopDma,0x2007f0,16,FUNC,GLOBAL,2
SLUS_204.69,RssdSpuRead,0x23feb8,112,FUNC,GLOBAL,2
SLUS_204.69,scePadInit,0x20b698,320,FUNC,GLOBAL,2
SLUS_204.69,cosf,0x323d10,212,FUNC,GLOBAL,2
SLUS_204.69,FileObjectJpegSet,0x284cd8,76,FUNC,GLOBAL,2
SLUS_204.69,sceSifGetNextRequest,0x203b70,88,FUNC,GLOBAL,2
SLUS_204.69,srsGetBossWaitEftNo,0x2e8460,92,FUNC,GLOBAL,2
SLUS_204.69,SetOsdConfigParam,0x2005c0,16,FUNC,GLOBAL,2
SLUS_204.69,MenuModelOut,0x36c268,16,OBJECT,GLOBAL,5
SLUS_204.69,subSeisanHissatuCheck01,0x2a1460,80,FUNC,GLOBAL,2
SLUS_204.69,Java_xeno_Chr_sclY__FFZ,0x2ff9b8,44,FUNC,GLOBAL,2
SLUS_204.69,DisableCache,0x200780,16,FUNC,GLOBAL,2
SLUS_204.69,GameDrawShadow,0x244a90,112,FUNC,GLOBAL,2
SLUS_204.69,_updateRefImage,0x214800,692,FUNC,GLOBAL,2
SLUS_204.69,nmlModelGetFogPara,0x2301b0,180,FUNC,GLOBAL,2
SLUS_204.69,JNI_initSystem,0x2f02c0,60,FUNC,GLOBAL,2
SLUS_204.69,sefPushEffect,0x2e7c08,256,FUNC,GLOBAL,2
SLUS_204.69,NewVu1LightTexReflSpecBackStrip,0x2400,0,NOTYPE,GLOBAL,24
SLUS_204.69,DB_pathFindName,0x260b58,52,FUNC,GLOBAL,2
SLUS_204.69,tsk,0x362840,20,OBJECT,GLOBAL,5
SLUS_204.69,EW_drawContainer,0x26c3a0,124,FUNC,GLOBAL,2
SLUS_204.69,batDatBuf,0x426f40,65536,OBJECT,GLOBAL,5
SLUS_204.69,alignXAxisEuler,0x260d80,196,FUNC,GLOBAL,2
SLUS_204.69,GameCfPlayerMoveParamSet,0x2492a8,88,FUNC,GLOBAL,2
SLUS_204.69,Java_xeno_Scene_start__ILjava_lang_Object_,0x304d40,36,FUNC,GLOBAL,2
SLUS_204.69,EndouTest,0x26f4d8,740,FUNC,GLOBAL,2
SLUS_204.69,JC_face,0x315958,1716,FUNC,GLOBAL,2
SLUS_204.69,srsMemoryLoadCf,0x2e9940,372,FUNC,GLOBAL,2
SLUS_204.69,sceDeci2ReqSend,0x201720,48,FUNC,GLOBAL,2
SLUS_204.69,UmnTopMenu,0xa03eb0,704,FUNC,GLOBAL,1
SLUS_204.69,_imageList,0x40d680,9244,OBJECT,GLOBAL,5
SLUS_204.69,xglMatrixStackRotZ,0x22a520,40,FUNC,GLOBAL,2
SLUS_204.69,nmlModelSendRenderCancel,0x22e788,8,FUNC,GLOBAL,2
SLUS_204.69,MenuModelAllBreak,0x281870,56,FUNC,GLOBAL,2
SLUS_204.69,Get_MostNear_Actor,0x2d2a48,332,FUNC,GLOBAL,2
SLUS_204.69,Java_xeno_PlayControl_init__II,0x2fa408,44,FUNC,GLOBAL,2
SLUS_204.69,AimHeightCheck,0x2c3510,72,FUNC,GLOBAL,2
SLUS_204.69,GetGsHParam,0x2005e0,16,FUNC,GLOBAL,2
SLUS_204.69,MenuTecSpeedUp,0x2af770,132,FUNC,GLOBAL,2
SLUS_204.69,MMathRotateMatrixZ,0x2ef970,100,FUNC,GLOBAL,2
SLUS_204.69,EW_sprtSetCursorUV,0x26bf80,100,FUNC,GLOBAL,2
SLUS_204.69,SEQ_setPositionRAND,0x30a330,264,FUNC,GLOBAL,2
SLUS_204.69,MenuModelMain,0x281850,32,FUNC,GLOBAL,2
SLUS_204.69,ACT_animGetData,0x3081c8,44,FUNC,GLOBAL,2
SLUS_204.69,itmBox,0x426540,510,OBJECT,GLOBAL,5
SLUS_204.69,AutoDoorStanbyFunc,0x2c4d28,180,FUNC,GLOBAL,2
SLUS_204.69,CUR_MATRIX_Rzyx4s,0x26f430,144,FUNC,GLOBAL,2
SLUS_204.69,RFU080_CreateEventFlag,0x200620,16,FUNC,GLOBAL,2
SLUS_204.69,scePadEnterPressMode,0x20c5f8,84,FUNC,GLOBAL,2
SLUS_204.69,NewVu1LightTexAddEnvBackStrip,0xa10,0,NOTYPE,GLOBAL,45
SLUS_204.69,Java_xeno_Chr_setClip__I,0x3003e8,124,FUNC,GLOBAL,2
SLUS_204.69,subMoveSlide,0x2ba9f0,140,FUNC,GLOBAL,2
SLUS_204.69,Java_xeno_Unit_getPivot__Lxeno_util_Vector4f_,0x3044c8,156,FUNC,GLOBAL,2
SLUS_204.69,eRibbonModeChange,0x276f98,8,FUNC,GLOBAL,2
SLUS_204.69,__kernel_rem_pio2,0x3276b0,2892,FUNC,GLOBAL,2
SLUS_204.69,TM_Script_Spline_Add,0x2d3fd8,100,FUNC,GLOBAL,2
SLUS_204.69,InitShopSymbol,0x2bee58,304,FUNC,GLOBAL,2
SLUS_204.69,xglCdReadFile,0x21e310,28,FUNC,GLOBAL,2
SLUS_204.69,dataEvtItmNameGet,0x2c6900,24,FUNC,GLOBAL,2
SLUS_204.69,nmlPacketAddScreen,0x236f78,184,FUNC,GLOBAL,2
SLUS_204.69,Java_xeno_Chr_setRotate__,0x2fe978,308,FUNC,GLOBAL,2
SLUS_204.69,dpdiv,0x32c198,372,FUNC,GLOBAL,2
SLUS_204.69,SsdSpuDirectRead,0x240640,192,FUNC,GLOBAL,2
SLUS_204.69,Java_xeno_Camera_getMode__,0x2fc5d0,16,FUNC,GLOBAL,2
SLUS_204.69,__register_frame_table,0x32cdf0,48,FUNC,GLOBAL,2
SLUS_204.69,YtachiTest,0x25a1c0,20,FUNC,GLOBAL,2
SLUS_204.69,jthreadCurrent,0x4dc79c,4,OBJECT,GLOBAL,13
SLUS_204.69,MenuModelSubWindowMain,0x27fd40,40,FUNC,GLOBAL,2
SLUS_204.69,eBattleWinMain3,0x282580,344,FUNC,GLOBAL,2
SLUS_204.69,OuterProduct,0x2c8970,100,FUNC,GLOBAL,2
SLUS_204.69,nmlPacketAddGsFba,0x23a260,48,FUNC,GLOBAL,2
SLUS_204.69,srsInitCdRead,0x2e8c08,8,FUNC,GLOBAL,2
SLUS_204.69,EXM_SetWindPara,0x31eb50,68,FUNC,GLOBAL,2
SLUS_204.69,infoMemory,0x2f1ca0,124,FUNC,GLOBAL,2
SLUS_204.69,QUAT_interpL,0x26f168,232,FUNC,GLOBAL,2
SLUS_204.69,TW_setPos,0x25d660,1136,FUNC,GLOBAL,2
SLUS_204.69,MenuKeepSelect,0x36c200,100,OBJECT,GLOBAL,5
SLUS_204.69,xglCullingMapLastCheck,0x23eb48,116,FUNC,GLOBAL,2
SLUS_204.69,MenuAgwsListMake_Wpn,0x29ae80,352,FUNC,GLOBAL,2
SLUS_204.69,EfTab_Loop,0x3b25b0,30,OBJECT,GLOBAL,5
SLUS_204.69,FCV_getAttrAndValue,0x30ef30,260,FUNC,GLOBAL,2
SLUS_204.69,scOfsToAdr,0x2ebce0,32,FUNC,GLOBAL,2
SLUS_204.69,_debugPause,0x4dba06,2,OBJECT,GLOBAL,12
SLUS_204.69,Java_xeno_util_Toolkit_loadResource__Ljava_lang_Object_II,0x2f9eb0,348,FUNC,GLOBAL,2
SLUS_204.69,scePadEnd,0x20b878,128,FUNC,GLOBAL,2
SLUS_204.69,sceCdStPause,0x20e790,80,FUNC,GLOBAL,2
SLUS_204.69,LOOK_sebo_cont,0x3172d8,456,FUNC,GLOBAL,2
SLUS_204.69,iCancelWakeupThread,0x200480,16,FUNC,GLOBAL,2
SLUS_204.69,sefSearchMapperIndex,0x2e1540,60,FUNC,GLOBAL,2
SLUS_204.69,tskUmnDataBaseMenu,0xa0a600,760,FUNC,GLOBAL,1
SLUS_204.69,printflg,0x4db6d2,1,OBJECT,GLOBAL,12
SLUS_204.69,__unpack_f,0x32dbf8,92,FUNC,GLOBAL,2
SLUS_204.69,SsdSetEffectOutVolume,0x2417d0,72,FUNC,GLOBAL,2
SLUS_204.69,nmlModelGetRenderCancel,0x22e790,8,FUNC,GLOBAL,2
SLUS_204.69,nmlModelInitPartsVisible,0x230358,140,FUNC,GLOBAL,2
SLUS_204.69,sceneObserver,0x262878,1288,FUNC,GLOBAL,2
SLUS_204.69,Java_xeno_Chr_getState__,0x2ff200,128,FUNC,GLOBAL,2
SLUS_204.69,TWIN_popScene,0x25e110,476,FUNC,GLOBAL,2
SLUS_204.69,Java_xeno_Stage_setColor__FFF,0x304fc8,36,FUNC,GLOBAL,2
SLUS_204.69,MenuSkillEquipCheck,0x28f740,104,FUNC,GLOBAL,2
SLUS_204.69,tyaCaptureStart,0x259018,728,FUNC,GLOBAL,2
SLUS_204.69,sceVif1PkAddDirectDataN,0x20b4f0,116,FUNC,GLOBAL,2
SLUS_204.69,xglCos,0x22ac00,48,FUNC,GLOBAL,2
SLUS_204.69,DataBuffer_LittleEndian_getUIntegerAt,0x2f6090,76,FUNC,GLOBAL,2
SLUS_204.69,litodp,0x32c360,184,FUNC,GLOBAL,2
SLUS_204.69,_ApplyMatrix2Mat,0x23f910,80,FUNC,GLOBAL,2
SLUS_204.69,newObject,0x2f4828,52,FUNC,GLOBAL,2
SLUS_204.69,xglRenderClearOff,0x22dc08,8,FUNC,GLOBAL,2
SLUS_204.69,_sceCd_rd_intr_data,0x4acb00,144,OBJECT,GLOBAL,5
SLUS_204.69,Java_xeno_Movie_start__I,0x2fa248,148,FUNC,GLOBAL,2
SLUS_204.69,AgwsWeapon2Main,0x29bd40,2288,FUNC,GLOBAL,2
SLUS_204.69,_pictureHeader,0x213f10,196,FUNC,GLOBAL,2
SLUS_204.69,MenuWorkEndCheck,0x274d60,8,FUNC,GLOBAL,2
SLUS_204.69,uet_text_buf,0xa10d0c,4,OBJECT,GLOBAL,1
SLUS_204.69,MenuScenarioNoGet,0x28e6e8,340,FUNC,GLOBAL,2
SLUS_204.69,classShort,0x4dc7a0,4,OBJECT,GLOBAL,13
SLUS_204.69,NewVu1LightTexMultiSpecAddEnvFaceStrip,0x1360,0,NOTYPE,GLOBAL,46
SLUS_204.69,Java_xeno_Sound_effectStop__I,0x2fa0c8,28,FUNC,GLOBAL,2
SLUS_204.69,Set_EnemyMark,0x2ce780,36,FUNC,GLOBAL,2
SLUS_204.69,nmlModelSetAxisSymmetry,0x22fa68,36,FUNC,GLOBAL,2
SLUS_204.69,Java_xeno_Unit_getSerial__,0x304260,96,FUNC,GLOBAL,2
SLUS_204.69,MenuAgwsPilotCheck,0x290408,80,FUNC,GLOBAL,2
SLUS_204.69,drawTags,0x266980,580,FUNC,GLOBAL,2
SLUS_204.69,xglDmaBufferReset,0x21b7b0,12,FUNC,GLOBAL,2
SLUS_204.69,strrchr,0x3301d0,80,FUNC,GLOBAL,2
SLUS_204.69,MapChangeFadeSet,0x246530,100,FUNC,GLOBAL,2
SLUS_204.69,MenuCharLeaderMask,0x291860,208,FUNC,GLOBAL,2
SLUS_204.69,FileVersionCheck,0x284560,8,FUNC,GLOBAL,2
SLUS_204.69,Check_CrossingOver,0x2d81a0,156,FUNC,GLOBAL,2
SLUS_204.69,PartyLockPartyCheck,0x2b5c18,84,FUNC,GLOBAL,2
SLUS_204.69,TWIN_popCF,0x25df48,456,FUNC,GLOBAL,2
SLUS_204.69,nmlModelCalcClipMat1Cam,0x23f590,60,FUNC,GLOBAL,2
SLUS_204.69,FCV_getPackValue,0x30c958,184,FUNC,GLOBAL,2
SLUS_204.69,SsdSetSeqPanpotFader,0x241738,76,FUNC,GLOBAL,2
SLUS_204.69,NewVu1LightTexSpecEnvBackStrip2,0x3020,0,NOTYPE,GLOBAL,33
SLUS_204.69,sefDestroyScriptScheduler2,0x2e5320,124,FUNC,GLOBAL,2
SLUS_204.69,sceLseek64,0x206c50,568,FUNC,GLOBAL,2
SLUS_204.69,ExitThread,0x200350,16,FUNC,GLOBAL,2
SLUS_204.69,nmlFilterSetFrameAlphaClear,0x23cef8,276,FUNC,GLOBAL,2
SLUS_204.69,sceSymlink,0x2070c0,480,FUNC,GLOBAL,2
SLUS_204.69,JNI_loadClassLibrary,0x2f0b90,180,FUNC,GLOBAL,2
SLUS_204.69,InvalidDCache,0x200f58,124,FUNC,GLOBAL,2
SLUS_204.69,xglTaskExecute,0x21c730,88,FUNC,GLOBAL,2
SLUS_204.69,Java_xeno_util_Menu_create__,0x2f8b68,64,FUNC,GLOBAL,2
SLUS_204.69,xglMatrixStackReverse,0x22a408,36,FUNC,GLOBAL,2
SLUS_204.69,TWIN_draw2,0x25e810,784,FUNC,GLOBAL,2
SLUS_204.69,MSG_getSize,0x25b1b0,368,FUNC,GLOBAL,2
SLUS_204.69,MMathCalcLengthXZ,0x2ef338,40,FUNC,GLOBAL,2
SLUS_204.69,ACT_setArms,0x306b28,180,FUNC,GLOBAL,2
SLUS_204.69,nmlFilterSetFlatRender,0x23d1f8,608,FUNC,GLOBAL,2
SLUS_204.69,xglCdGetFileSize,0x21de58,96,FUNC,GLOBAL,2
SLUS_204.69,_rix_100,0x211d40,156,FUNC,GLOBAL,2
SLUS_204.69,SsdInitMemoryManager,0x2420a8,96,FUNC,GLOBAL,2
SLUS_204.69,PacketDataNewVu1AddMicroCode,0x4b6f80,0,NOTYPE,GLOBAL,9
SLUS_204.69,BackPos,0x3b2420,16,OBJECT,GLOBAL,5
SLUS_204.69,__load_start_ov10,0xa6f1e4,0,OBJECT,GLOBAL,65521
SLUS_204.69,NewVu1ProGsKick,0x0,0,NOTYPE,GLOBAL,35
SLUS_204.69,SoundWork,0x4a8140,2212,OBJECT,GLOBAL,5
SLUS_204.69,Java_xeno_util_Runtime_setPartyData__II,0x2f7cd0,244,FUNC,GLOBAL,2
SLUS_204.69,SGsInitEnv,0x2dec20,724,FUNC,GLOBAL,2
SLUS_204.69,EtherTreeRight,0x4db69c,4,OBJECT,GLOBAL,12
SLUS_204.69,MenuSkillList,0x4db67c,4,OBJECT,GLOBAL,12
SLUS_204.69,SEQ_setMotion,0x30a298,148,FUNC,GLOBAL,2
SLUS_204.69,xglMatrixUnit4s,0x229b98,48,FUNC,GLOBAL,2
SLUS_204.69,nmlModelGetGblPosition,0x22f2c0,32,FUNC,GLOBAL,2
SLUS_204.69,SGsAddGifUV,0x2e0fc0,64,FUNC,GLOBAL,2
SLUS_204.69,iWakeupThread,0x201500,148,FUNC,GLOBAL,2
SLUS_204.69,sefMemZero,0x2e11f8,116,FUNC,GLOBAL,2
SLUS_204.69,MEfObjExec2nd,0x2f0130,136,FUNC,GLOBAL,2
SLUS_204.69,Enemy_Command_Stop_FreeFall,0x2d3068,76,FUNC,GLOBAL,2
SLUS_204.69,ACT_updatePlayer,0x30afb8,1020,FUNC,GLOBAL,2
SLUS_204.69,SsdGetPcmStreamStatus,0x241b40,64,FUNC,GLOBAL,2
SLUS_204.69,Java_xeno_PlayControl_setObserver__IILjava_lang_Object_Ljava_lang_String_,0x2fa510,116,FUNC,GLOBAL,2
SLUS_204.69,__kernel_cosf,0x328438,368,FUNC,GLOBAL,2
SLUS_204.69,MAP_updateUnitTrap,0x2c5d48,988,FUNC,GLOBAL,2
SLUS_204.69,EtherTreeMain,0x2bc5f8,1276,FUNC,GLOBAL,2
SLUS_204.69,EventID,0x4db9a4,2,OBJECT,GLOBAL,12
SLUS_204.69,sceCdSyncS,0x20d4e8,108,FUNC,GLOBAL,2
SLUS_204.69,xglSoundSendSmd2,0x225b88,180,FUNC,GLOBAL,2
SLUS_204.69,_ApplyMatrix33,0x23f8b0,44,FUNC,GLOBAL,2
SLUS_204.69,MenuSystem2Init,0x2b5660,32,FUNC,GLOBAL,2
SLUS_204.69,Enemy_Command_Code,0x2d30f0,28,FUNC,GLOBAL,2
SLUS_204.69,ACT_dispose,0x305e58,24,FUNC,GLOBAL,2
SLUS_204.69,MATRIX_scale4s,0x26eb18,40,FUNC,GLOBAL,2
SLUS_204.69,SsdSetSeqMasterPanpot,0x241648,76,FUNC,GLOBAL,2
SLUS_204.69,NewVu1TexStrip,0xd68,0,NOTYPE,GLOBAL,26
SLUS_204.69,sefSetupPlayer,0x2e6cb8,236,FUNC,GLOBAL,2
SLUS_204.69,GameBgDrawType0,0x251f78,8,FUNC,GLOBAL,2
SLUS_204.69,get_fcvpack,0x30ec08,184,FUNC,GLOBAL,2
SLUS_204.69,strtod,0x3311c0,36,FUNC,GLOBAL,2
SLUS_204.69,ACT_animGetCurrent,0x3081f8,48,FUNC,GLOBAL,2
SLUS_204.69,UmnDataBaseMonsterSet,0x2761f0,84,FUNC,GLOBAL,2
SLUS_204.69,isinf,0x337600,72,FUNC,GLOBAL,2
SLUS_204.69,sevGetPtAllocator2,0x2e7e80,32,FUNC,GLOBAL,2
SLUS_204.69,srsWeapon2EffectID,0x2e8a48,80,FUNC,GLOBAL,2
SLUS_204.69,UnduCheck,0x3236f8,752,FUNC,GLOBAL,2
SLUS_204.69,MenuBattleModelMain,0x296b08,904,FUNC,GLOBAL,2
SLUS_204.69,EXM_SetDirectionalWind,0x31ec60,60,FUNC,GLOBAL,2
SLUS_204.69,NewVu1LightTexMultiSpecAddEnvStrip1,0x20c8,0,NOTYPE,GLOBAL,48
SLUS_204.69,Java_xeno_Chr_look_eye_speed__F,0x300e18,96,FUNC,GLOBAL,2
SLUS_204.69,FileSaveData,0x4daaa4,4,OBJECT,GLOBAL,12
SLUS_204.69,iEnableIntcHandler,0x2006f0,16,FUNC,GLOBAL,2
SLUS_204.69,RFU084_ClearEventFlag,0x200660,16,FUNC,GLOBAL,2
SLUS_204.69,EtherTreeRightModeChange,0x2babe8,168,FUNC,GLOBAL,2
SLUS_204.69,EventCheck_Line_Button,0x2d6218,88,FUNC,GLOBAL,2
SLUS_204.69,JNT_getVal_HOGE2,0x312228,4312,FUNC,GLOBAL,2
SLUS_204.69,_svScreenMtx,0x40d5f0,64,OBJECT,GLOBAL,5
SLUS_204.69,AgwsInfo,0x4db000,4,OBJECT,GLOBAL,12
SLUS_204.69,sceVif1PkCloseDirectCode,0x20af80,44,FUNC,GLOBAL,2
SLUS_204.69,MenuEtherJoutoCheck,0x2a9f40,64,FUNC,GLOBAL,2
SLUS_204.69,Java_xeno_util_Runtime_charAllRecovery__,0x2f8780,20,FUNC,GLOBAL,2
SLUS_204.69,SCRIPT_reset,0x2612b8,140,FUNC,GLOBAL,2
SLUS_204.69,_extrainfo,0x2142f0,72,FUNC,GLOBAL,2
SLUS_204.69,PartyRadarDispSet,0x2b6058,40,FUNC,GLOBAL,2
SLUS_204.69,sefLerpIVector2,0x2e1a80,280,FUNC,GLOBAL,2
SLUS_204.69,ACT_allocBlock,0x305a78,32,FUNC,GLOBAL,2
SLUS_204.69,MMathCalcDir,0x2ef420,48,FUNC,GLOBAL,2
SLUS_204.69,JS_callMethod,0x26b380,540,FUNC,GLOBAL,2
SLUS_204.69,_sceSDC,0x200d70,164,FUNC,GLOBAL,2
SLUS_204.69,MenuBibrationMain,0x275258,72,FUNC,GLOBAL,2
SLUS_204.69,SCRIPT_load2,0x2620a0,60,FUNC,GLOBAL,2
SLUS_204.69,write,0x200ae8,124,FUNC,GLOBAL,2
SLUS_204.69,xglMpeg2Play,0x222428,676,FUNC,GLOBAL,2
SLUS_204.69,AutoDoorFunc,0x2c4b40,116,FUNC,GLOBAL,2
SLUS_204.69,MenuSystemInfoMain,0x2b4388,540,FUNC,GLOBAL,2
SLUS_204.69,CharListMake_Acc,0x295748,324,FUNC,GLOBAL,2
SLUS_204.69,_CheckLine,0x23e338,328,FUNC,GLOBAL,2
SLUS_204.69,JNT_setInterpMatrix,0x313930,16,FUNC,GLOBAL,2
SLUS_204.69,Java_xeno_Chr_shadow_map_id__I,0x300f38,132,FUNC,GLOBAL,2
SLUS_204.69,sceSifSetDma,0x2008e0,16,FUNC,GLOBAL,2
SLUS_204.69,MoveSlide2,0x275098,96,FUNC,GLOBAL,2
SLUS_204.69,MapChange2,0x246718,96,FUNC,GLOBAL,2
SLUS_204.69,nmlModelSetTexProreal,0x22fa50,24,FUNC,GLOBAL,2
SLUS_204.69,eMessageMain,0x27ba80,488,FUNC,GLOBAL,2
SLUS_204.69,_sceCd_Read_cur_pos,0x4acbc0,16,OBJECT,GLOBAL,5
SLUS_204.69,MenuSortChange,0x2906f0,252,FUNC,GLOBAL,2
SLUS_204.69,__ieee754_atan2,0x324838,828,FUNC,GLOBAL,2
SLUS_204.69,xglSoundSequenceNormal2,0x2261e8,24,FUNC,GLOBAL,2
SLUS_204.69,NewVu1LightTexAddEnvFaceStrip2,0x2de0,0,NOTYPE,GLOBAL,49
SLUS_204.69,ReleaseWaitThread,0x2003f0,16,FUNC,GLOBAL,2
SLUS_204.69,NewVu1DropStripObj,0xc80,0,NOTYPE,GLOBAL,53
SLUS_204.69,WindowSPKeepSelectCheck,0x2842c8,72,FUNC,GLOBAL,2
SLUS_204.69,TMENU_drawDefault,0x25fb48,892,FUNC,GLOBAL,2
SLUS_204.69,SsdCopyMemory,0x242508,204,FUNC,GLOBAL,2
SLUS_204.69,nmlModelSetProreal,0x22f680,976,FUNC,GLOBAL,2
SLUS_204.69,sceVif1PkAddCode,0x20b108,20,FUNC,GLOBAL,2
SLUS_204.69,nmlModelSetMatrix,0x22fec8,12,FUNC,GLOBAL,2
SLUS_204.69,AgwsPasMain,0x29a000,1152,FUNC,GLOBAL,2
SLUS_204.69,atof,0x32e0f8,24,FUNC,GLOBAL,2
SLUS_204.69,MenuModelControl2,0x2808c0,712,FUNC,GLOBAL,2
SLUS_204.69,sefMoveParticle,0x2e2b98,428,FUNC,GLOBAL,2
SLUS_204.69,UmlTest,0x272f48,732,FUNC,GLOBAL,2
SLUS_204.69,MATRIX_rotY4,0x26e7a8,72,FUNC,GLOBAL,2
SLUS_204.69,SCRIPT_execTouchto,0x261588,152,FUNC,GLOBAL,2
SLUS_204.69,ACT_resetArms,0x306ae0,72,FUNC,GLOBAL,2
SLUS_204.69,NewVu1LightTexAddEnvStrip1,0x1958,0,NOTYPE,GLOBAL,47
SLUS_204.69,GameResourceWorkAlloc,0x24a930,104,FUNC,GLOBAL,2
SLUS_204.69,DisableIntcHandler,0x200700,16,FUNC,GLOBAL,2
SLUS_204.69,FileObjectDataInput,0x284798,884,FUNC,GLOBAL,2
SLUS_204.69,RSRC_init,0x26d738,68,FUNC,GLOBAL,2
SLUS_204.69,fstat,0x200cd8,20,FUNC,GLOBAL,2
SLUS_204.69,PartyTakeAgwsOn,0x2b5d70,72,FUNC,GLOBAL,2
SLUS_204.69,xglRenderEntry,0x22dde8,64,FUNC,GLOBAL,2
SLUS_204.69,xglMovieOpen,0x2210f0,504,FUNC,GLOBAL,2
SLUS_204.69,_sceCd_scmd_semid,0x4aba2c,4,OBJECT,GLOBAL,5
SLUS_204.69,primitiveClassTable,0x99d4d0,64,OBJECT,GLOBAL,14
SLUS_204.69,Java_xeno_Light_setColor__FFF,0x2fc980,232,FUNC,GLOBAL,2
SLUS_204.69,NewVu1LightTexMultiSpecStrip,0x1b08,0,NOTYPE,GLOBAL,23
SLUS_204.69,nmlModelSetRenderLevel,0x22e970,24,FUNC,GLOBAL,2
SLUS_204.69,iChangeThreadPriority,0x2003c0,16,FUNC,GLOBAL,2
SLUS_204.69,numClass,0x4dc730,4,OBJECT,GLOBAL,13
SLUS_204.69,kill,0x200cf8,40,FUNC,GLOBAL,2
SLUS_204.69,scAdrToImm,0x2ebd00,60,FUNC,GLOBAL,2
SLUS_204.69,xglFlagsSet1,0x222938,28,FUNC,GLOBAL,2
SLUS_204.69,NewVu1AddLightTexReflSpecStrip,0x1ae0,0,NOTYPE,GLOBAL,42
SLUS_204.69,scGetImmAdrImmIdx,0x2ea698,96,FUNC,GLOBAL,2
SLUS_204.69,AgwsName,0x4db014,4,OBJECT,GLOBAL,12
SLUS_204.69,Enemy_Command_Sac_Turn,0x2d33f8,216,FUNC,GLOBAL,2
SLUS_204.69,AdrsEnemyExclamation,0x4db82c,4,OBJECT,GLOBAL,12
SLUS_204.69,NewVu1LightTexReflSpecAddEnvBackStrip,0x1920,0,NOTYPE,GLOBAL,47
SLUS_204.69,sdvInitSpecialWork,0x2ed2c8,36,FUNC,GLOBAL,2
SLUS_204.69,dataAccBoxChk,0x2bcd68,28,FUNC,GLOBAL,2
SLUS_204.69,dataItmBoxInc,0x2bcc68,28,FUNC,GLOBAL,2
SLUS_204.69,classJava_xeno_Chr,0x4dc7a4,4,OBJECT,GLOBAL,13
SLUS_204.69,Java_xeno_Unit_mtn__IIFZ,0x302bc8,44,FUNC,GLOBAL,2
SLUS_204.69,_defStopDMA,0x218220,12,FUNC,GLOBAL,2
SLUS_204.69,CharListMake_Gun,0x295628,288,FUNC,GLOBAL,2
SLUS_204.69,MenuModelSubWindowinit,0x27fe98,36,FUNC,GLOBAL,2
SLUS_204.69,SCRIPT_sceneChangeTimeGet,0x2611c0,8,FUNC,GLOBAL,2
SLUS_204.69,SetGsHParam,0x200600,16,FUNC,GLOBAL,2
SLUS_204.69,unit6003_update,0x3217b8,1060,FUNC,GLOBAL,2
SLUS_204.69,Java_xeno_vm_System_arraycopy__Ljava_lang_Object_ILjava_lang_Object_II,0x2f6130,156,FUNC,GLOBAL,2
SLUS_204.69,__load_stop_ov11,0xad5092,0,OBJECT,GLOBAL,65521
SLUS_204.69,sceMpegGetPictureRAW8,0x216f08,68,FUNC,GLOBAL,2
SLUS_204.69,MenuTecDataBuf,0x4db518,4,OBJECT,GLOBAL,12
SLUS_204.69,xglMovieClose,0x2219c8,136,FUNC,GLOBAL,2
SLUS_204.69,classJava_xeno_util_Format,0x4dc7a8,4,OBJECT,GLOBAL,13
SLUS_204.69,TCAMERA_transCNS,0x308dc8,100,FUNC,GLOBAL,2
SLUS_204.69,UmnWorkEndTop,0xa10498,4,OBJECT,GLOBAL,1
SLUS_204.69,sresLoadCommonMemory,0x2e8d28,188,FUNC,GLOBAL,2
SLUS_204.69,MenuModelExtFuncSet,0x281808,28,FUNC,GLOBAL,2
SLUS_204.69,JS_classAddMethod,0x26b260,56,FUNC,GLOBAL,2
SLUS_204.69,strcat,0x32f7b8,300,FUNC,GLOBAL,2
SLUS_204.69,CheckPointLine,0x2c8bb8,120,FUNC,GLOBAL,2
SLUS_204.69,Java_xeno_Unit_rotate__Lxeno_util_Spline_IZ,0x302878,392,FUNC,GLOBAL,2
SLUS_204.69,Java_xeno_Unit_move__Lxeno_util_Spline_IZ,0x3026f0,392,FUNC,GLOBAL,2
SLUS_204.69,MEfObjDestroy,0x2f0250,112,FUNC,GLOBAL,2
SLUS_204.69,xglCameraInit,0x22c098,48,FUNC,GLOBAL,2
SLUS_204.69,Java_xeno_util_Window_close__,0x2f8800,36,FUNC,GLOBAL,2
SLUS_204.69,DoorOpenStanbyFunc,0x2c5668,256,FUNC,GLOBAL,2
SLUS_204.69,MenuFrameEquipCheck,0x290358,84,FUNC,GLOBAL,2
SLUS_204.69,MenuItemLine,0x4dab18,4,OBJECT,GLOBAL,12
SLUS_204.69,xglSoundStreamOpenVagStereo,0x2269c8,28,FUNC,GLOBAL,2
SLUS_204.69,Java_xeno_util_Runtime_removeGold__I,0x2f7b30,44,FUNC,GLOBAL,2
SLUS_204.69,MenuVecMat,0x4da900,4,OBJECT,GLOBAL,12
SLUS_204.69,sdvDrawAlter,0x2ee498,1520,FUNC,GLOBAL,2
SLUS_204.69,sefLerpInt,0x2e1c98,260,FUNC,GLOBAL,2
SLUS_204.69,GameCfPlayerMove,0x249338,2284,FUNC,GLOBAL,2
SLUS_204.69,scDestroyScriptAll,0x2e9ef0,60,FUNC,GLOBAL,2
SLUS_204.69,xglMemCopy64b,0x228e48,60,FUNC,GLOBAL,2
SLUS_204.69,Java_xeno_Light_setDirection__FFF,0x2fca68,272,FUNC,GLOBAL,2
SLUS_204.69,ATTR_LineNumberTable,0x4dc74c,4,OBJECT,GLOBAL,13
SLUS_204.69,CharPointMain,0x295dd8,908,FUNC,GLOBAL,2
SLUS_204.69,PacketSizeNewVu1MicroCode,0x4ae5a0,0,NOTYPE,GLOBAL,9
SLUS_204.69,SsdAddWaveData,0x240700,276,FUNC,GLOBAL,2
SLUS_204.69,ACT_resetParent,0x3066d0,216,FUNC,GLOBAL,2
SLUS_204.69,GameMpeg2Play,0x2507c8,1168,FUNC,GLOBAL,2
SLUS_204.69,Check_Straight,0x2d7b78,568,FUNC,GLOBAL,2
SLUS_204.69,JpegTest,0x272df0,344,FUNC,GLOBAL,2
SLUS_204.69,MenuTecListMake00,0x2b2f90,152,FUNC,GLOBAL,2
SLUS_204.69,subSeisanEtherCheck,0x2a14b0,8,FUNC,GLOBAL,2
SLUS_204.69,classJava_xeno_Unit,0x4dc7ac,4,OBJECT,GLOBAL,13
SLUS_204.69,eMessageDrawType00,0x27ac80,8,FUNC,GLOBAL,2
SLUS_204.69,Before_Talk,0x2d0a18,188,FUNC,GLOBAL,2
SLUS_204.69,TCAMERA_transSPL,0x308c90,24,FUNC,GLOBAL,2
SLUS_204.69,PDB_getEntry,0x2f5d10,152,FUNC,GLOBAL,2
SLUS_204.69,DrawSprite,0x2c4588,200,FUNC,GLOBAL,2
SLUS_204.69,vprintf,0x333c80,40,FUNC,GLOBAL,2
SLUS_204.69,tyaUmlDispInit,0xa0de08,24,FUNC,GLOBAL,1
SLUS_204.69,sceMcSync,0x20f3e8,224,FUNC,GLOBAL,2
SLUS_204.69,__ieee754_asinf,0x3267c8,952,FUNC,GLOBAL,2
SLUS_204.69,xglMatrixRotZ,0x22a238,156,FUNC,GLOBAL,2
SLUS_204.69,alignXAxis,0x260e48,216,FUNC,GLOBAL,2
SLUS_204.69,MenuAgwsListMake_Acc,0x29b100,292,FUNC,GLOBAL,2
SLUS_204.69,TWIN_initCF,0x2605d8,40,FUNC,GLOBAL,2
SLUS_204.69,smPrintInfo,0x2eee80,60,FUNC,GLOBAL,2
SLUS_204.69,nmlModelSetGlobalPointLightCol,0x22f430,88,FUNC,GLOBAL,2
SLUS_204.69,Java_xeno_PlayControl_loadCamera__Ljava_lang_Object_,0x2fa4b0,16,FUNC,GLOBAL,2
SLUS_204.69,scDestroyScript,0x2e9d78,208,FUNC,GLOBAL,2
SLUS_204.69,Vu0CallMatrixStackTrans,0x310,0,NOTYPE,GLOBAL,19
SLUS_204.69,Java_xeno_Chr_setCollision__Z,0x2feed0,124,FUNC,GLOBAL,2
SLUS_204.69,GamePopSaveDataUser,0x243658,904,FUNC,GLOBAL,2
SLUS_204.69,xglRenderClearDepth,0x22d528,20,FUNC,GLOBAL,2
SLUS_204.69,KSeg0,0x200760,16,FUNC,GLOBAL,2
SLUS_204.69,SsdGetBlockMemorySize,0x242408,16,FUNC,GLOBAL,2
SLUS_204.69,NewVu1LightTexMultiSpecAddEnvBackStrip,0x1398,0,NOTYPE,GLOBAL,46
SLUS_204.69,readClass,0x2f0d90,244,FUNC,GLOBAL,2
SLUS_204.69,sceSifBindRpc,0x2034e0,320,FUNC,GLOBAL,2
SLUS_204.69,transformVector2,0x260c88,236,FUNC,GLOBAL,2
SLUS_204.69,Java_xeno_util_Runtime_checkLockParty__I,0x2f7ef0,52,FUNC,GLOBAL,2
SLUS_204.69,xglVectorMulMat,0x2299f0,48,FUNC,GLOBAL,2
SLUS_204.69,ACT_updateSequence,0x30ab90,372,FUNC,GLOBAL,2
SLUS_204.69,nmlFilterSetPacket,0x23ca20,216,FUNC,GLOBAL,2
SLUS_204.69,__deregister_frame_info,0x32ce20,188,FUNC,GLOBAL,2
SLUS_204.69,s_inStealthUnitDat,0x4aa000,48,OBJECT,GLOBAL,5
SLUS_204.69,_DisableIntc,0x200270,16,FUNC,GLOBAL,2
SLUS_204.69,Java_xeno_Camera_getTranslateY__,0x2fb4b8,52,FUNC,GLOBAL,2
SLUS_204.69,SetVSyncFlag,0x200890,16,FUNC,GLOBAL,2
SLUS_204.69,MenuAgwsWaglGet,0x290458,116,FUNC,GLOBAL,2
SLUS_204.69,jthreadResetFunc,0x4dc7b0,4,OBJECT,GLOBAL,13
SLUS_204.69,scGetImmNumIdx,0x2ea780,16,FUNC,GLOBAL,2
SLUS_204.69,RFU089_ReferEventFlagStatus,0x2006b0,16,FUNC,GLOBAL,2
SLUS_204.69,GsPutIMR,0x200860,16,FUNC,GLOBAL,2
SLUS_204.69,SsdInitSampling,0x241010,76,FUNC,GLOBAL,2
SLUS_204.69,MenuBoxMoneyGet,0x28f3f8,836,FUNC,GLOBAL,2
SLUS_204.69,updateCursorMode1,0x266fc8,520,FUNC,GLOBAL,2
SLUS_204.69,RssdBackgroundNextWave,0x23ff28,64,FUNC,GLOBAL,2
SLUS_204.69,Java_xeno_Chr_look_speed__F,0x300db8,96,FUNC,GLOBAL,2
SLUS_204.69,xglRotTransPersN,0x229ab0,184,FUNC,GLOBAL,2
SLUS_204.69,Java_xeno_Camera_viewSPL__aFI,0x2fbc00,44,FUNC,GLOBAL,2
SLUS_204.69,JS_exec,0x26b8a8,264,FUNC,GLOBAL,2
SLUS_204.69,Java_xeno_Chr_start__ILjava_lang_Object_,0x2fe238,508,FUNC,GLOBAL,2
SLUS_204.69,Java_xeno_Sound_sequencePlay__II,0x2fa048,32,FUNC,GLOBAL,2
SLUS_204.69,end,0x99d910,0,OBJECT,GLOBAL,65521
SLUS_204.69,EventDoorOpenNowFunc,0x2c51c8,184,FUNC,GLOBAL,2
SLUS_204.69,MenuBulletCheck,0x290260,116,FUNC,GLOBAL,2
SLUS_204.69,MenuTairetuModelPointerLexAddr,0x4da84c,4,OBJECT,GLOBAL,12
SLUS_204.69,tskUmnMailInfo,0xa05a80,1212,FUNC,GLOBAL,1
SLUS_204.69,EW_draw,0x26c7e0,136,FUNC,GLOBAL,2
SLUS_204.69,NewVu1TexEnvStrip,0x6f0,0,NOTYPE,GLOBAL,25
SLUS_204.69,Java_xeno_util_Runtime_getFlags__II,0x2f72e8,52,FUNC,GLOBAL,2
SLUS_204.69,GameMovieAlpha,0x4d9ef5,1,OBJECT,GLOBAL,12
SLUS_204.69,__pack_f,0x32df70,208,FUNC,GLOBAL,2
SLUS_204.69,PartyFriendOn,0x2b5a70,80,FUNC,GLOBAL,2
SLUS_204.69,MenuSkillMenuMain,0x2b7ad0,636,FUNC,GLOBAL,2
SLUS_204.69,xglPacketInterpolate,0x22c398,184,FUNC,GLOBAL,2
SLUS_204.69,MenuCharModelMain,0x2966b8,1104,FUNC,GLOBAL,2
SLUS_204.69,SsdStopPcmStream,0x241aa8,68,FUNC,GLOBAL,2
SLUS_204.69,MenuAgwsModelMain,0x29d898,948,FUNC,GLOBAL,2
SLUS_204.69,SsdGetSeqPlayStatus,0x241508,76,FUNC,GLOBAL,2
SLUS_204.69,sceSifDmaStat,0x2008c0,16,FUNC,GLOBAL,2
SLUS_204.69,MenuCharParaSet,0x2977a8,872,FUNC,GLOBAL,2
SLUS_204.69,UnduDataGetHeader,0x322218,404,FUNC,GLOBAL,2
SLUS_204.69,__load_stop_ov80,0xb30214,0,OBJECT,GLOBAL,65521
SLUS_204.69,Java_xeno_Chr_signal__I,0x2fe868,140,FUNC,GLOBAL,2
SLUS_204.69,xglLightAngle,0x22ad60,128,FUNC,GLOBAL,2
SLUS_204.69,Java_xeno_Unit_resume__I,0x304790,32,FUNC,GLOBAL,2
SLUS_204.69,Java_xeno_Chr_pixelAlphaPartsReset__,0x301160,80,FUNC,GLOBAL,2
SLUS_204.69,sceDeci2ExReqSend,0x2017e8,48,FUNC,GLOBAL,2
SLUS_204.69,nmlModelSetStencil,0x22fd18,32,FUNC,GLOBAL,2
SLUS_204.69,Java_xeno_Chr_pixelAlpha__I,0x301078,96,FUNC,GLOBAL,2
SLUS_204.69,MenuWorkEndGet,0x274d28,56,FUNC,GLOBAL,2
SLUS_204.69,enepc,0x379110,232192,OBJECT,GLOBAL,5
SLUS_204.69,xglRenderCopyDisp2Draw,0x22c960,256,FUNC,GLOBAL,2
SLUS_204.69,UmnKosmosSpecialGetCheck,0xa0f150,136,FUNC,GLOBAL,1
SLUS_204.69,eNumberTest,0x271410,3096,FUNC,GLOBAL,2
SLUS_204.69,SEQ_motionUnit,0x320738,240,FUNC,GLOBAL,2
SLUS_204.69,Java_xeno_util_Toolkit_peerSetGroup__II,0x2fa010,32,FUNC,GLOBAL,2
SLUS_204.69,EXM_SetShakeTime,0x31ec28,56,FUNC,GLOBAL,2
SLUS_204.69,SEQ_rotYCNSUnitChr,0x31f630,300,FUNC,GLOBAL,2
SLUS_204.69,Java_xeno_Unit_shadow_clip_scale__F,0x304ac8,88,FUNC,GLOBAL,2
SLUS_204.69,xglRenderInit,0x22d7f8,208,FUNC,GLOBAL,2
SLUS_204.69,Java_xeno_Unit_setTranslate__,0x303800,232,FUNC,GLOBAL,2
SLUS_204.69,MIF2_dummy,0x25c1a8,52,FUNC,GLOBAL,2
SLUS_204.69,__do_global_dtors,0x32ba00,140,FUNC,GLOBAL,2
SLUS_204.69,Java_xeno_Chr_getSignal__,0x2fe8f8,128,FUNC,GLOBAL,2
SLUS_204.69,SGsOpenGifPacket,0x2e0de0,96,FUNC,GLOBAL,2
SLUS_204.69,Java_xeno_util_Window_wait__I,0x2f8870,72,FUNC,GLOBAL,2
SLUS_204.69,AgwsPas,0x4daffc,4,OBJECT,GLOBAL,12
SLUS_204.69,MenuSkillStatus,0x4db664,4,OBJECT,GLOBAL,12
SLUS_204.69,_sysbitGet,0x215cc0,76,FUNC,GLOBAL,2
SLUS_204.69,scePadReqIntToStr,0x20be30,52,FUNC,GLOBAL,2
SLUS_204.69,MenuEtherDataBuf,0x4db348,4,OBJECT,GLOBAL,12
SLUS_204.69,Java_xeno_Movie_init__I,0x2fa228,28,FUNC,GLOBAL,2
SLUS_204.69,Java_xeno_Unit_getArgs__II,0x303f98,156,FUNC,GLOBAL,2
SLUS_204.69,_lmcGetClientPtr,0x20eba0,48,FUNC,GLOBAL,2
SLUS_204.69,subRoboPartsCheck,0x28c650,256,FUNC,GLOBAL,2
SLUS_204.69,AgwsFace,0x4db018,4,OBJECT,GLOBAL,12
SLUS_204.69,MenuEther,0x2add60,5940,FUNC,GLOBAL,2
SLUS_204.69,_mbAddressIncrement,0x2128b8,272,FUNC,GLOBAL,2
SLUS_204.69,EXM_StepShakeWind,0x31ecf8,184,FUNC,GLOBAL,2
SLUS_204.69,UmnkosmosSpecialInit,0x275df8,32,FUNC,GLOBAL,2
SLUS_204.69,xglClockRead,0x21d2e8,148,FUNC,GLOBAL,2
SLUS_204.69,LookAt_Player,0x248ff8,312,FUNC,GLOBAL,2
SLUS_204.69,NewVu1DropGsKickWide,0x28,0,NOTYPE,GLOBAL,52
SLUS_204.69,Java_xeno_Unit_getTranslate__,0x3025a0,232,FUNC,GLOBAL,2
SLUS_204.69,_pow5mult,0x336ac8,252,FUNC,GLOBAL,2
SLUS_204.69,XTK_peerGroup,0x4dc750,8,OBJECT,GLOBAL,13
SLUS_204.69,Java_xeno_util_Runtime_setDefocusQuick__IIII,0x2f77a8,40,FUNC,GLOBAL,2
SLUS_204.69,Enemy_Damage_Seal,0x2cb980,144,FUNC,GLOBAL,2
SLUS_204.69,MenuEtherSetCheck,0x2aa048,96,FUNC,GLOBAL,2
SLUS_204.69,save_map_text,0x4dad14,4,OBJECT,GLOBAL,12
SLUS_204.69,scePadGetSlotMax,0x20c7e0,104,FUNC,GLOBAL,2
SLUS_204.69,sceDeci2Close,0x2016f8,36,FUNC,GLOBAL,2
SLUS_204.69,DispEnv,0x4a9000,80,OBJECT,GLOBAL,5
SLUS_204.69,xglVectorDiv,0x228fc8,100,FUNC,GLOBAL,2
SLUS_204.69,sdvDrawSpecial,0x2ed800,1496,FUNC,GLOBAL,2
SLUS_204.69,getField,0x2f5a58,184,FUNC,GLOBAL,2
SLUS_204.69,MenuTairetuModelPointerXtxAddr,0x4da848,4,OBJECT,GLOBAL,12
SLUS_204.69,sceSifFreeIopHeap,0x207658,28,FUNC,GLOBAL,2
SLUS_204.69,Get_JAVAReaction,0x2d09e0,32,FUNC,GLOBAL,2
SLUS_204.69,AreaCheckBox,0x2c2b88,172,FUNC,GLOBAL,2
SLUS_204.69,xglSoundEffectParamDirect,0x226430,92,FUNC,GLOBAL,2
SLUS_204.69,nmlModelSetShadowVec,0x22f5b8,28,FUNC,GLOBAL,2
SLUS_204.69,processClass,0x2f4930,628,FUNC,GLOBAL,2
SLUS_204.69,sevGetPtAllocator,0x2e7e60,32,FUNC,GLOBAL,2
SLUS_204.69,MostNearActor,0x4db840,2,OBJECT,GLOBAL,12
SLUS_204.69,iDisableDmac,0x2011f0,32,FUNC,GLOBAL,2
SLUS_204.69,DispPillar,0x2c87e8,392,FUNC,GLOBAL,2
SLUS_204.69,_sceMpegFlush,0x2176d0,104,FUNC,GLOBAL,2
SLUS_204.69,classStringBuffer,0x4dc758,4,OBJECT,GLOBAL,13
SLUS_204.69,xglCullingIgnore,0x23ef30,12,FUNC,GLOBAL,2
SLUS_204.69,Java_xeno_Chr_move__ILjava_lang_Object_Z,0x2fd288,44,FUNC,GLOBAL,2
SLUS_204.69,Game,0x245c58,1088,FUNC,GLOBAL,2
SLUS_204.69,NewVu1LightTexEnvStrip2,0x2850,0,NOTYPE,GLOBAL,32
SLUS_204.69,nmlPacketAddGsZbuf,0x239d28,72,FUNC,GLOBAL,2
SLUS_204.69,EfTab_Scal,0x3b2570,60,OBJECT,GLOBAL,5
SLUS_204.69,HalfAutoDoorOpenNowFunc,0x2c53b0,208,FUNC,GLOBAL,2
SLUS_204.69,JNI_initThread,0x2f0718,20,FUNC,GLOBAL,2
SLUS_204.69,fptodp,0x32bb88,60,FUNC,GLOBAL,2
SLUS_204.69,GetCop0,0x200790,16,FUNC,GLOBAL,2
SLUS_204.69,nmlModelCalcClipMat1AllCam,0x23f690,244,FUNC,GLOBAL,2
SLUS_204.69,Java_xeno_util_Runtime_mailFlag__I,0x2f8390,476,FUNC,GLOBAL,2
SLUS_204.69,sceSifSetIopAddr,0x2083e8,220,FUNC,GLOBAL,2
SLUS_204.69,UmnObjectTaskCreate,0xa02458,128,FUNC,GLOBAL,1
SLUS_204.69,NewVu1LightTexSpecStrip,0x16f8,0,NOTYPE,GLOBAL,22
SLUS_204.69,default_native,0x43b4b0,3216,OBJECT,GLOBAL,5
SLUS_204.69,Java_xeno_Chr_getSerial__,0x2ff1a0,96,FUNC,GLOBAL,2
SLUS_204.69,__CTOR_LIST__,0x4ade54,0,OBJECT,GLOBAL,6
SLUS_204.69,_alalcSetDynamic,0x2171f8,12,FUNC,GLOBAL,2
SLUS_204.69,Java_xeno_Effect_setScale__FFF,0x2fa7b0,124,FUNC,GLOBAL,2
SLUS_204.69,SGsAddGifData,0x2e0f38,36,FUNC,GLOBAL,2
SLUS_204.69,MDL_partsSetVisible,0x318058,156,FUNC,GLOBAL,2
SLUS_204.69,TCAMERA_setFov,0x308b58,36,FUNC,GLOBAL,2
SLUS_204.69,actSequenceClear,0x245a38,116,FUNC,GLOBAL,2
SLUS_204.69,sceVif1PkAddGsData,0x20b1b0,40,FUNC,GLOBAL,2
SLUS_204.69,Enemy_Chase,0x2cbde8,1164,FUNC,GLOBAL,2
SLUS_204.69,SkillGetPtGet,0x2b6a08,36,FUNC,GLOBAL,2
SLUS_204.69,MenuTecTLevLimitCheck,0x2af600,64,FUNC,GLOBAL,2
SLUS_204.69,nmlModelSetFilter,0x22fb70,140,FUNC,GLOBAL,2
SLUS_204.69,xglMatrixStackMul,0x22a3d8,44,FUNC,GLOBAL,2
SLUS_204.69,EXM_GetWindPara,0x31eb98,68,FUNC,GLOBAL,2
SLUS_204.69,Enemy_LoadPreset,0x2d3f28,176,FUNC,GLOBAL,2
SLUS_204.69,nmlFilterBackClear,0x23d110,228,FUNC,GLOBAL,2
SLUS_204.69,fmod,0x324068,20,FUNC,GLOBAL,2
SLUS_204.69,AgwsAllRecovery,0x275d88,112,FUNC,GLOBAL,2
SLUS_204.69,nmlModelConstruct,0x235ed8,136,FUNC,GLOBAL,2
SLUS_204.69,Java_xeno_Effect_call__I,0x2fa678,184,FUNC,GLOBAL,2
SLUS_204.69,eBattleWinOpen3,0x281ea0,1756,FUNC,GLOBAL,2
SLUS_204.69,dummyCntFree,0x478c80,16,OBJECT,GLOBAL,5
SLUS_204.69,sdbDebugCamera,0x2dc718,8,FUNC,GLOBAL,2
SLUS_204.69,_getRef0,0x211108,1052,FUNC,GLOBAL,2
SLUS_204.69,addField,0x2f0f50,232,FUNC,GLOBAL,2
SLUS_204.69,cos,0x323ab0,292,FUNC,GLOBAL,2
SLUS_204.69,AutoDoorOpenNowFunc,0x2c4ec8,208,FUNC,GLOBAL,2
SLUS_204.69,MATRIX_convert4,0x26dfa8,196,FUNC,GLOBAL,2
SLUS_204.69,sceSifStopModule,0x207b38,520,FUNC,GLOBAL,2
SLUS_204.69,get_fcvpack_fix,0x30ecc0,160,FUNC,GLOBAL,2
SLUS_204.69,NewVu1LightTexMultiSpecEnvStrip1,0x1ec0,0,NOTYPE,GLOBAL,30
SLUS_204.69,sceIpuRestartDMA,0x210358,336,FUNC,GLOBAL,2
SLUS_204.69,nmlFilterSetVolumeCubeRender,0x23d8b8,2084,FUNC,GLOBAL,2
SLUS_204.69,EtherTreeObjectWorkGet,0x2b9f20,16,FUNC,GLOBAL,2
SLUS_204.69,FCV2_getPackAttribute,0x30da00,64,FUNC,GLOBAL,2
SLUS_204.69,Java_xeno_Unit_setSortOffset__F,0x304bf8,92,FUNC,GLOBAL,2
SLUS_204.69,Java_xeno_Chr_setSortOffset__F,0x3004e8,96,FUNC,GLOBAL,2
SLUS_204.69,Java_xeno_util_Runtime_mpeg2__Ljava_lang_String_,0x2f8298,212,FUNC,GLOBAL,2
SLUS_204.69,tskUmnBgCubeMain,0xa02d68,760,FUNC,GLOBAL,1
SLUS_204.69,getMethodSignatureClass,0x2f5998,188,FUNC,GLOBAL,2
SLUS_204.69,memchr,0x33634c,224,FUNC,GLOBAL,2
SLUS_204.69,sceCdBreak,0x20e110,184,FUNC,GLOBAL,2
SLUS_204.69,Java_xeno_Sound_sequencePlay__I,0x2fa030,24,FUNC,GLOBAL,2
SLUS_204.69,ACT_initExMotion,0x308330,76,FUNC,GLOBAL,2
SLUS_204.69,SnapDrawCreditFlag,0x4d8a78,1,OBJECT,GLOBAL,12
SLUS_204.69,SetHideObject,0x2bf1a8,420,FUNC,GLOBAL,2
SLUS_204.69,_sprintf_r,0x32f518,136,FUNC,GLOBAL,2
SLUS_204.69,EXM_GetWaveRad,0x31edc8,8,FUNC,GLOBAL,2
SLUS_204.69,DrillCrashFunc,0x2ca4c0,420,FUNC,GLOBAL,2
SLUS_204.69,eNumberMain,0x276358,2276,FUNC,GLOBAL,2
SLUS_204.69,sceSifInitRpc,0x202e70,412,FUNC,GLOBAL,2
SLUS_204.69,Call_JavaMethod,0x2d61a8,108,FUNC,GLOBAL,2
SLUS_204.69,PartyAttackPosGet,0x2b6708,100,FUNC,GLOBAL,2
SLUS_204.69,hen,0x276340,24,FUNC,GLOBAL,2
SLUS_204.69,tskUmnDataBasePas,0xa09818,596,FUNC,GLOBAL,1
SLUS_204.69,MenuTecSetWinMain,0x2b2820,1432,FUNC,GLOBAL,2
SLUS_204.69,MATRIX_rotate4,0x26e5d0,380,FUNC,GLOBAL,2
SLUS_204.69,Exit,0x2093b0,40,FUNC,GLOBAL,2
SLUS_204.69,_free_r,0x3357f8,756,FUNC,GLOBAL,2
SLUS_204.69,Java_xeno_util_Runtime_setIdLightVec__IIFFF,0x2f8170,112,FUNC,GLOBAL,2
SLUS_204.69,srsEftNoWeaponEffectID,0x2e8a10,56,FUNC,GLOBAL,2
SLUS_204.69,svFileLoadScript,0x2de8a8,284,FUNC,GLOBAL,2
SLUS_204.69,plugin_folder,0xa10c50,16,OBJECT,GLOBAL,1
SLUS_204.69,TCAMERA_get,0x308618,40,FUNC,GLOBAL,2
SLUS_204.69,ModelTest,0x26fe78,4732,FUNC,GLOBAL,2
SLUS_204.69,nmlModelSendPauseSignal,0x22e7b8,8,FUNC,GLOBAL,2
SLUS_204.69,sceSifSetDChain,0x200900,16,FUNC,GLOBAL,2
SLUS_204.69,NewVu1VertcolTexProStripNoShade,0x1498,0,NOTYPE,GLOBAL,37
SLUS_204.69,UmnMail,0xa08a50,3460,FUNC,GLOBAL,1
SLUS_204.69,RSRC_setPrintParam,0x26d4f0,12,FUNC,GLOBAL,2
SLUS_204.69,_clearOnce,0x2177c8,96,FUNC,GLOBAL,2
SLUS_204.69,FileSaveDataPush,0x2851f8,292,FUNC,GLOBAL,2
SLUS_204.69,updateCursor,0x268330,976,FUNC,GLOBAL,2
SLUS_204.69,SetDebugHandler,0x2087d8,132,FUNC,GLOBAL,2
SLUS_204.69,xglCameraMove,0x22c0c8,84,FUNC,GLOBAL,2
SLUS_204.69,eMessageSpriteReset,0x27ac78,8,FUNC,GLOBAL,2
SLUS_204.69,Java_xeno_util_Layout_getManager__I,0x2f71e0,32,FUNC,GLOBAL,2
SLUS_204.69,Java_xeno_util_Runtime_jumpEvent__I,0x2f7748,96,FUNC,GLOBAL,2
SLUS_204.69,MenuTecCharSpeedUpCheck,0x2af980,112,FUNC,GLOBAL,2
SLUS_204.69,tskTskMain,0x285348,144,FUNC,GLOBAL,2
SLUS_204.69,Java_xeno_util_Runtime_setLocation__III,0x2f7340,108,FUNC,GLOBAL,2
SLUS_204.69,HexToStr,0x2c6958,372,FUNC,GLOBAL,2
SLUS_204.69,UmnInterface2Main,0xa03368,120,FUNC,GLOBAL,1
SLUS_204.69,Check_EnemyElec,0x2d0c90,136,FUNC,GLOBAL,2
SLUS_204.69,nmlModelFadeDoit,0x22eda0,104,FUNC,GLOBAL,2
SLUS_204.69,nmlModelSetZwrite,0x22fd38,32,FUNC,GLOBAL,2
SLUS_204.69,xglSRand,0x22aac8,60,FUNC,GLOBAL,2
SLUS_204.69,PartyDataInit2,0x2b5a08,104,FUNC,GLOBAL,2
SLUS_204.69,FX_ScreenMask,0x26adb8,144,FUNC,GLOBAL,2
SLUS_204.69,svGetImageItem,0x2ddaf8,32,FUNC,GLOBAL,2
SLUS_204.69,Java_xeno_PlayControl_getSignal__,0x2fa3e8,16,FUNC,GLOBAL,2
SLUS_204.69,eTagFontMain,0x277568,116,FUNC,GLOBAL,2
SLUS_204.69,sceSifGetIopAddr,0x2082f8,236,FUNC,GLOBAL,2
SLUS_204.69,SsdTransferSamplingNext,0x241128,80,FUNC,GLOBAL,2
SLUS_204.69,NewVu1LightTexMultiSpecAddEnvStrip2,0x32e0,0,NOTYPE,GLOBAL,50
SLUS_204.69,sceCdStStat,0x20e838,72,FUNC,GLOBAL,2
SLUS_204.69,LAYOUT_mapID_setEffect,0x2f6f70,376,FUNC,GLOBAL,2
SLUS_204.69,GsGetIMR,0x200840,16,FUNC,GLOBAL,2
SLUS_204.69,MenuTecSpeedLimitCheck,0x2af730,60,FUNC,GLOBAL,2
SLUS_204.69,eNumberSet,0x276c48,48,FUNC,GLOBAL,2
SLUS_204.69,xglMatrixFrustum,0x22a2d8,216,FUNC,GLOBAL,2
SLUS_204.69,JNT_getElement,0x313f28,12,FUNC,GLOBAL,2
SLUS_204.69,Vu0CallMatrixStackRotX,0x3d0,0,NOTYPE,GLOBAL,19
SLUS_204.69,MIF2_waitkey,0x25c7d8,56,FUNC,GLOBAL,2
SLUS_204.69,Java_xeno_Chr_rotY__FFZ,0x2fe0b8,44,FUNC,GLOBAL,2
SLUS_204.69,PartyDataInit,0x2b56d0,820,FUNC,GLOBAL,2
SLUS_204.69,nmlModelSendSignalEventFinish,0x22e7f0,12,FUNC,GLOBAL,2
SLUS_204.69,tskUmnMailPas,0xa05738,840,FUNC,GLOBAL,1
SLUS_204.69,MenuIdChange,0x290f70,20,FUNC,GLOBAL,2
SLUS_204.69,tyaMenuBgEntry,0x259980,260,FUNC,GLOBAL,2
SLUS_204.69,GameCFSoundMenuPurge,0x2427f0,240,FUNC,GLOBAL,2
SLUS_204.69,nmlPacketAddGsPrmodecont,0x23a1a0,48,FUNC,GLOBAL,2
SLUS_204.69,MAP_setUnitMotion,0x320828,36,FUNC,GLOBAL,2
SLUS_204.69,MAP_serach,0x2688f8,284,FUNC,GLOBAL,2
SLUS_204.69,xglMpeg2Open,0x2221a0,332,FUNC,GLOBAL,2
SLUS_204.69,Java_xeno_util_Runtime_jump_sub,0x2f7530,304,FUNC,GLOBAL,2
SLUS_204.69,ACT_updateEnemy,0x2cd2a0,3816,FUNC,GLOBAL,2
SLUS_204.69,iReleaseWaitThread,0x200400,16,FUNC,GLOBAL,2
SLUS_204.69,xglClockDayTime2UInt,0x21d380,172,FUNC,GLOBAL,2
SLUS_204.69,JNI_loadNativeClass,0x2f0300,368,FUNC,GLOBAL,2
SLUS_204.69,xglRandSeedInit,0x22aa78,16,FUNC,GLOBAL,2
SLUS_204.69,Vu0CallMatrixStackPop,0x5c8,0,NOTYPE,GLOBAL,19
SLUS_204.69,SCRIPT_methodClearSet,0x261240,12,FUNC,GLOBAL,2
SLUS_204.69,NewVu1LightTexReflSpecEnvBackStrip1,0x2818,0,NOTYPE,GLOBAL,32
SLUS_204.69,__malloc_sbrk_base,0x4ade08,4,OBJECT,GLOBAL,5
SLUS_204.69,PartyTakeAgwsOff,0x2b5db8,76,FUNC,GLOBAL,2
SLUS_204.69,XTK_findFile,0x265108,72,FUNC,GLOBAL,2
SLUS_204.69,_start,0x200008,172,FUNC,GLOBAL,2
SLUS_204.69,_invView,0x410bb0,64,OBJECT,GLOBAL,5
SLUS_204.69,subMWPosSet,0x282fd8,1112,FUNC,GLOBAL,2
SLUS_204.69,scGetAdrIdx,0x2ea570,112,FUNC,GLOBAL,2
SLUS_204.69,SeisanFade,0x4db0d8,4,OBJECT,GLOBAL,12
SLUS_204.69,NewVu1LightTexStrip,0x1418,0,NOTYPE,GLOBAL,22
SLUS_204.69,MIF2_code,0x25c870,24,FUNC,GLOBAL,2
SLUS_204.69,JTHREAD_cntl,0x3058c8,140,FUNC,GLOBAL,2
SLUS_204.69,EXM_ResetWind,0x31eb20,48,FUNC,GLOBAL,2
SLUS_204.69,sceMcInit,0x20e9e8,436,FUNC,GLOBAL,2
SLUS_204.69,Enemy_Command_Sac_Move,0x2d3370,136,FUNC,GLOBAL,2
SLUS_204.69,sceFsReset,0x204690,52,FUNC,GLOBAL,2
SLUS_204.69,Get_Point_By_AngleLength,0x2d7240,128,FUNC,GLOBAL,2
SLUS_204.69,cursor,0x99c7f0,96,OBJECT,GLOBAL,14
SLUS_204.69,sceMcOpen,0x20ed48,308,FUNC,GLOBAL,2
SLUS_204.69,scDestroyScript2,0x2e9e48,164,FUNC,GLOBAL,2
SLUS_204.69,GetThreadId,0x200410,16,FUNC,GLOBAL,2
SLUS_204.69,sefDrawEffect2D,0x2e7260,60,FUNC,GLOBAL,2
SLUS_204.69,HitCheckMapUnitPosReverse,0x2c03d0,196,FUNC,GLOBAL,2
SLUS_204.69,RSRC_setDefaultPath,0x26d728,12,FUNC,GLOBAL,2
SLUS_204.69,NewVu1LightTexReflSpecEnvStrip2,0x3510,0,NOTYPE,GLOBAL,33
SLUS_204.69,strstr,0x330220,132,FUNC,GLOBAL,2
SLUS_204.69,sefHitEffect,0x2e7bf8,12,FUNC,GLOBAL,2
SLUS_204.69,LOOK_eye_cont,0x317800,1248,FUNC,GLOBAL,2
SLUS_204.69,_sendIpuCommand,0x2136d0,44,FUNC,GLOBAL,2
SLUS_204.69,sceMpegDispCenterOffY,0x2171a8,12,FUNC,GLOBAL,2
SLUS_204.69,Java_xeno_Stage_setBgColor__FFF,0x305320,252,FUNC,GLOBAL,2
SLUS_204.69,TSLIDER_drawDefault,0x2601d0,224,FUNC,GLOBAL,2
SLUS_204.69,Java_xeno_Chr_move__Lxeno_util_Spline_IZ,0x2fd2e8,404,FUNC,GLOBAL,2
SLUS_204.69,CrossCheckMapUnitAim,0x2c2c38,264,FUNC,GLOBAL,2
SLUS_204.69,MenuEtherUseCheck,0x2aa0d0,144,FUNC,GLOBAL,2
SLUS_204.69,sin,0x323bd8,308,FUNC,GLOBAL,2
SLUS_204.69,dataEvtBoxChk,0x2bcdc8,28,FUNC,GLOBAL,2
SLUS_204.69,Java_xeno_util_Runtime_disable__I,0x2f74a0,32,FUNC,GLOBAL,2
SLUS_204.69,svLoadImageList,0x2ddfd8,220,FUNC,GLOBAL,2
SLUS_204.69,Get_Cursol_by_Reduce_Speed_Angle_Loop,0x2d8468,204,FUNC,GLOBAL,2
SLUS_204.69,TMENU_addQuery2,0x2602b0,808,FUNC,GLOBAL,2
SLUS_204.69,CharParameterMain,0x294798,1832,FUNC,GLOBAL,2
SLUS_204.69,subListMake01,0x290fd8,80,FUNC,GLOBAL,2
SLUS_204.69,rand,0x32f0f8,100,FUNC,GLOBAL,2
SLUS_204.69,MenuTecDataGet,0x2af4e0,44,FUNC,GLOBAL,2
SLUS_204.69,UnduParamInit,0x3223b0,84,FUNC,GLOBAL,2
SLUS_204.69,BootDisplay,0xa00850,8,FUNC,GLOBAL,1
SLUS_204.69,OptMntToPosEquip,0x28f928,100,FUNC,GLOBAL,2
SLUS_204.69,SEQ_rotate,0x3098b0,1180,FUNC,GLOBAL,2
SLUS_204.69,StringUtf_getHash,0x2f1708,60,FUNC,GLOBAL,2
SLUS_204.69,MenuModelCreate,0x281688,380,FUNC,GLOBAL,2
SLUS_204.69,NewVu1EnvGsKick,0x0,0,NOTYPE,GLOBAL,27
SLUS_204.69,VW_setCursorMode,0x26a5a0,28,FUNC,GLOBAL,2
SLUS_204.69,nmlPacketSetAttributeAlloc16N,0x238fc0,64,FUNC,GLOBAL,2
SLUS_204.69,_ri0_000,0x2117c0,148,FUNC,GLOBAL,2
SLUS_204.69,WindowSPSelectJump,0x283eb0,184,FUNC,GLOBAL,2
SLUS_204.69,Times,0x4db7f0,2,OBJECT,GLOBAL,12
SLUS_204.69,PauseMenuPageEnemy,0x2d4450,7236,FUNC,GLOBAL,2
SLUS_204.69,Java_xeno_Camera_setFog__IFFFFIIII,0x2fc7e8,236,FUNC,GLOBAL,2
SLUS_204.69,RSRC_info,0x26d500,540,FUNC,GLOBAL,2
SLUS_204.69,NewVu1DropStrip1,0x8f8,0,NOTYPE,GLOBAL,53
SLUS_204.69,g_aGsTag,0x4a9910,1296,OBJECT,GLOBAL,5
SLUS_204.69,PauseMenuPagePartyDebug,0x273c40,220,FUNC,GLOBAL,2
SLUS_204.69,SetVInterruptHandler,0x2001f0,16,FUNC,GLOBAL,2
SLUS_204.69,NewVu1LightTexProFaceStrip1,0xe08,0,NOTYPE,GLOBAL,36
SLUS_204.69,MenuItemLineMain,0x28a6b0,588,FUNC,GLOBAL,2
SLUS_204.69,resolveNativeMethod,0x2f4590,576,FUNC,GLOBAL,2
SLUS_204.69,subTreeLineDraw_type_3,0x2bc168,360,FUNC,GLOBAL,2
SLUS_204.69,xglHddMcLoad,0x2277f8,72,FUNC,GLOBAL,2
SLUS_204.69,JTHREAD_defaultUnit,0x305448,196,FUNC,GLOBAL,2
SLUS_204.69,atan2,0x324050,20,FUNC,GLOBAL,2
SLUS_204.69,MenuShopListChange00,0x2a3de8,664,FUNC,GLOBAL,2
SLUS_204.69,xglSoundSendSwd,0x225a70,276,FUNC,GLOBAL,2
SLUS_204.69,signal,0x32f438,36,FUNC,GLOBAL,2
SLUS_204.69,read,0x200b68,116,FUNC,GLOBAL,2
SLUS_204.69,UmnBgCubeXtx,0xa0fef8,4,OBJECT,GLOBAL,1
SLUS_204.69,Java_xeno_Unit_shadow_map_reset__,0x304ba0,84,FUNC,GLOBAL,2
SLUS_204.69,GameCfPlayerMoveInit,0x249300,52,FUNC,GLOBAL,2
SLUS_204.69,_defNIQM,0x4ad600,64,OBJECT,GLOBAL,5
SLUS_204.69,nmlPacketAddGsPixeltest1,0x239cf0,56,FUNC,GLOBAL,2
SLUS_204.69,LoadExecPS2,0x209368,72,FUNC,GLOBAL,2
SLUS_204.69,scGetCmdAdrScript,0x2ebd40,76,FUNC,GLOBAL,2
SLUS_204.69,_rix_001,0x211858,180,FUNC,GLOBAL,2
SLUS_204.69,sceSifCallRpc,0x2036b0,492,FUNC,GLOBAL,2
SLUS_204.69,SsdDisposeSequence,0x2413c8,68,FUNC,GLOBAL,2
SLUS_204.69,tyaElevatorTask,0x259a88,432,FUNC,GLOBAL,2
SLUS_204.69,DebugMenuResourceSizeAdd,0x4d9f50,4,OBJECT,GLOBAL,12
SLUS_204.69,sceSifGetSreg,0x202758,24,FUNC,GLOBAL,2
SLUS_204.69,MenuEtherL1R1Main,0x2ab480,544,FUNC,GLOBAL,2
SLUS_204.69,NewVu1AddVertcolTexBackStrip,0x1128,0,NOTYPE,GLOBAL,41
SLUS_204.69,ANM_reset,0x30e6d8,492,FUNC,GLOBAL,2
SLUS_204.69,digits,0x36ad70,16,OBJECT,GLOBAL,5
SLUS_204.69,xglLightIntensityAmbient,0x22ace8,16,FUNC,GLOBAL,2
SLUS_204.69,xglVectorOuter,0x2296e0,108,FUNC,GLOBAL,2
SLUS_204.69,CUR_MATRIX_Ry4s,0x26f3c0,52,FUNC,GLOBAL,2
SLUS_204.69,xglSoundStreamStop,0x226b00,268,FUNC,GLOBAL,2
SLUS_204.69,drawCursor,0x268700,88,FUNC,GLOBAL,2
SLUS_204.69,xglStudioMainCameraInit,0x22c6c8,84,FUNC,GLOBAL,2
SLUS_204.69,PhCunt,0x4db854,2,OBJECT,GLOBAL,12
SLUS_204.69,Enemy_Damage_Explosion,0x2cb808,228,FUNC,GLOBAL,2
SLUS_204.69,xglCullingMapSet,0x23ec98,380,FUNC,GLOBAL,2
SLUS_204.69,sceRename,0x206618,496,FUNC,GLOBAL,2
SLUS_204.69,Get_Attr_NU,0x2d89b8,176,FUNC,GLOBAL,2
SLUS_204.69,RSRC_getDefaultPath,0x26d720,8,FUNC,GLOBAL,2
SLUS_204.69,_type2id,0x215de0,136,FUNC,GLOBAL,2
SLUS_204.69,_EnableDmac,0x200280,16,FUNC,GLOBAL,2
SLUS_204.69,_kDebugHandler,0x4ab620,64,OBJECT,GLOBAL,5
SLUS_204.69,Java_xeno_Unit_sclY__IFZ,0x3033a8,44,FUNC,GLOBAL,2
SLUS_204.69,sefProgressEffect,0x2e7198,56,FUNC,GLOBAL,2
SLUS_204.69,sceSync,0x206828,408,FUNC,GLOBAL,2
SLUS_204.69,sefGetNowScheduler,0x2e7ed8,8,FUNC,GLOBAL,2
SLUS_204.69,sefGetPoint,0x2e1fd0,624,FUNC,GLOBAL,2
SLUS_204.69,TWSYS_setGRPStatus,0x25d038,16,FUNC,GLOBAL,2
SLUS_204.69,uet_file_end,0xa10d14,4,OBJECT,GLOBAL,1
SLUS_204.69,main_param_argc,0x4d8a44,4,OBJECT,GLOBAL,12
SLUS_204.69,MAP_drawUnit,0x31f498,84,FUNC,GLOBAL,2
SLUS_204.69,MenuFaceEpidGet,0x28ee18,388,FUNC,GLOBAL,2
SLUS_204.69,SsdStopVagStream,0x241d18,68,FUNC,GLOBAL,2
SLUS_204.69,MMathDivVector4,0x2ef708,76,FUNC,GLOBAL,2
SLUS_204.69,CreateContainer,0x2c9190,512,FUNC,GLOBAL,2
SLUS_204.69,sceCdSync,0x20d448,160,FUNC,GLOBAL,2
SLUS_204.69,UmnEventTextSymbolCheck,0xa0e938,304,FUNC,GLOBAL,1
SLUS_204.69,xglHddMcGetFree,0x227d70,244,FUNC,GLOBAL,2
SLUS_204.69,classClass,0x4dc044,4,OBJECT,GLOBAL,12
SLUS_204.69,Check_EnemyBurn,0x2d0c10,128,FUNC,GLOBAL,2
SLUS_204.69,VibrationEngine,0x2d6ce8,184,FUNC,GLOBAL,2
SLUS_204.69,Java_xeno_util_Runtime_setMenuLock__,0x2f86d0,24,FUNC,GLOBAL,2
SLUS_204.69,SsdCheckSpuMemory,0x240a28,68,FUNC,GLOBAL,2
SLUS_204.69,PartyDataGet,0x2b56c0,12,FUNC,GLOBAL,2
SLUS_204.69,MMathCalcLengthXY,0x2ef310,40,FUNC,GLOBAL,2
SLUS_204.69,sdvProgressPrm,0x2ecce0,828,FUNC,GLOBAL,2
SLUS_204.69,strncmp,0x32fe58,440,FUNC,GLOBAL,2
SLUS_204.69,RFU087_PollEvnetFlag,0x200690,16,FUNC,GLOBAL,2
SLUS_204.69,Java_xeno_Chr_resetHand__,0x301370,8,FUNC,GLOBAL,2
SLUS_204.69,SsdAddSeqEffectData,0x241378,80,FUNC,GLOBAL,2
SLUS_204.69,UnduInit,0x321ce8,1204,FUNC,GLOBAL,2
SLUS_204.69,ACT_createNPC,0x30b608,164,FUNC,GLOBAL,2
SLUS_204.69,classJava_xeno_vm_System,0x4dc7b4,4,OBJECT,GLOBAL,13
SLUS_204.69,RES_loadFile,0x24d5a0,536,FUNC,GLOBAL,2
SLUS_204.69,__load_start_ov11,0xac701a,0,OBJECT,GLOBAL,65521
SLUS_204.69,sceMcGetSlotMax,0x20ec88,192,FUNC,GLOBAL,2
SLUS_204.69,Java_xeno_Effect_setMotion__Z,0x2fb280,136,FUNC,GLOBAL,2
SLUS_204.69,SsdCheckPlayEffectFileID,0x240fc8,68,FUNC,GLOBAL,2
SLUS_204.69,EtherTreeObjectGet,0x2b9f50,64,FUNC,GLOBAL,2
SLUS_204.69,iProbeTLBEntry,0x208a20,16,FUNC,GLOBAL,2
SLUS_204.69,SGsAddGifSTQ,0x2e0f60,96,FUNC,GLOBAL,2
SLUS_204.69,scePadPortClose,0x20bae0,184,FUNC,GLOBAL,2
SLUS_204.69,SsdPlayWaveNormal,0x240e18,72,FUNC,GLOBAL,2
SLUS_204.69,JNT_setModelMatrix,0x313a90,192,FUNC,GLOBAL,2
SLUS_204.69,Java_xeno_Chr_setShadow__aB,0x2ffee0,340,FUNC,GLOBAL,2
SLUS_204.69,MjDoorFunc,0x2c4ca8,116,FUNC,GLOBAL,2
SLUS_204.69,MenuEtherStatus2,0x4db364,4,OBJECT,GLOBAL,12
SLUS_204.69,MenuEtherL1R1,0x4db35c,4,OBJECT,GLOBAL,12
SLUS_204.69,xglFlagsSet8,0x222998,28,FUNC,GLOBAL,2
SLUS_204.69,xglMcEasyLoad,0x220a28,260,FUNC,GLOBAL,2
SLUS_204.69,sdvClearSpecialWork,0x2ed2f0,96,FUNC,GLOBAL,2
SLUS_204.69,sceMpegDemuxPssRing,0x216068,760,FUNC,GLOBAL,2
SLUS_204.69,xglStudioEntry,0x22c868,80,FUNC,GLOBAL,2
SLUS_204.69,CharWeapon,0x4dae9c,4,OBJECT,GLOBAL,12
SLUS_204.69,RFU063,0x200510,16,FUNC,GLOBAL,2
SLUS_204.69,MMathCalcAngle,0x2ef450,132,FUNC,GLOBAL,2
SLUS_204.69,_sysbitJump,0x215d58,84,FUNC,GLOBAL,2
SLUS_204.69,lightSpeedTbl,0x36b160,16,OBJECT,GLOBAL,5
SLUS_204.69,Java_xeno_Effect_disp__Z,0x2fa730,128,FUNC,GLOBAL,2
SLUS_204.69,WindowSPSelect,0x283af0,148,FUNC,GLOBAL,2
SLUS_204.69,findClass,0x2f0ca0,240,FUNC,GLOBAL,2
SLUS_204.69,sceSifInitIopHeap,0x207468,136,FUNC,GLOBAL,2
SLUS_204.69,updateCursorMode2,0x2671d0,664,FUNC,GLOBAL,2
SLUS_204.69,sceCdLayerSearchFile,0x20cf08,788,FUNC,GLOBAL,2
SLUS_204.69,Enemy_Stiff,0x2cba10,184,FUNC,GLOBAL,2
SLUS_204.69,funcObserver,0x261df8,452,FUNC,GLOBAL,2
SLUS_204.69,_pictureTemporalScalableExtension,0x218210,12,FUNC,GLOBAL,2
SLUS_204.69,MenuTecMenu,0x4db524,4,OBJECT,GLOBAL,12
SLUS_204.69,iSuspendThread,0x201618,152,FUNC,GLOBAL,2
SLUS_204.69,MenuModelWeaponActorSet,0x280508,688,FUNC,GLOBAL,2
SLUS_204.69,Java_xeno_Unit_setScale__FFF,0x3041f0,112,FUNC,GLOBAL,2
SLUS_204.69,Java_xeno_Effect_setTranslate__,0x2fa9b8,236,FUNC,GLOBAL,2
SLUS_204.69,PLAY_setObserver,0x26a778,112,FUNC,GLOBAL,2
SLUS_204.69,srsGetWeaponEffectIdx,0x2e8988,132,FUNC,GLOBAL,2
SLUS_204.69,__ieee754_pow,0x324f98,3924,FUNC,GLOBAL,2
SLUS_204.69,sceRmdir,0x205ae0,28,FUNC,GLOBAL,2
SLUS_204.69,nmlPacketAddReflectParam,0x236950,580,FUNC,GLOBAL,2
SLUS_204.69,Java_xeno_Chr_getArgs__II,0x2ff080,156,FUNC,GLOBAL,2
SLUS_204.69,Java_xeno_PlayControl_loadTimeChart__Ljava_lang_Object_,0x2fa4c0,32,FUNC,GLOBAL,2
SLUS_204.69,TCAMERA_viewMPack,0x308b38,8,FUNC,GLOBAL,2
SLUS_204.69,UmnMailHeaderCreate,0xa0f358,500,FUNC,GLOBAL,1
SLUS_204.69,xglMemCopy4,0x228f28,36,FUNC,GLOBAL,2
SLUS_204.69,Java_xeno_Chr_setArgs__ILjava_lang_Object_I,0x2ff120,124,FUNC,GLOBAL,2
SLUS_204.69,pow,0x324080,20,FUNC,GLOBAL,2
SLUS_204.69,sresDataMapping,0x2e9110,612,FUNC,GLOBAL,2
SLUS_204.69,SsdSpuDmaCompleted,0x2409b0,120,FUNC,GLOBAL,2
SLUS_204.69,RSRC_inactiveSource,0x26d430,68,FUNC,GLOBAL,2
SLUS_204.69,EXM_SetPointWind,0x31eca0,60,FUNC,GLOBAL,2
SLUS_204.69,ScanLineInterpolate,0x4dc3d8,4,OBJECT,GLOBAL,12
SLUS_204.69,Homing_Add,0x2d1ee8,216,FUNC,GLOBAL,2
SLUS_204.69,loadScriptCD,0x263c80,312,FUNC,GLOBAL,2
SLUS_204.69,MAP_updateUnitHide,0x2bf978,484,FUNC,GLOBAL,2
SLUS_204.69,MAP_updateUnitEnemy,0x2bf8b0,196,FUNC,GLOBAL,2
SLUS_204.69,strncpy,0x330010,444,FUNC,GLOBAL,2
SLUS_204.69,__malloc_current_mallinfo,0x4ade20,40,OBJECT,GLOBAL,5
SLUS_204.69,_sceCd_scmd_prechk,0x20d558,368,FUNC,GLOBAL,2
SLUS_204.69,unlink,0x200d48,40,FUNC,GLOBAL,2
SLUS_204.69,MenuCharNameGet,0x28efd0,88,FUNC,GLOBAL,2
SLUS_204.69,sceSifExitCmd,0x202a20,52,FUNC,GLOBAL,2
SLUS_204.69,Java_xeno_Chr_sclX__IFZ,0x2ff778,44,FUNC,GLOBAL,2
SLUS_204.69,Get_LocaterType_Angle,0x2d6748,160,FUNC,GLOBAL,2
SLUS_204.69,Java_xeno_Effect_getRotate__,0x2faaa8,312,FUNC,GLOBAL,2
SLUS_204.69,Java_xeno_vm_System_waitFor__Ljava_lang_Object_,0x2f6500,32,FUNC,GLOBAL,2
SLUS_204.69,JNT_getVal2,0x310d08,5404,FUNC,GLOBAL,2
SLUS_204.69,MOutputDebugStringWarn,0x2eef50,140,FUNC,GLOBAL,2
SLUS_204.69,__sfvwrite,0x335c60,992,FUNC,GLOBAL,2
SLUS_204.69,EnableIntc,0x201058,104,FUNC,GLOBAL,2
SLUS_204.69,iSsdDisposeMemoryPtr,0x2423b0,84,FUNC,GLOBAL,2
SLUS_204.69,UmnMailAttachSet,0xa0f1f8,316,FUNC,GLOBAL,1
SLUS_204.69,sdvExecAlters,0x2eeb18,108,FUNC,GLOBAL,2
SLUS_204.69,Java_xeno_Stage_renderCommand__I,0x305310,16,FUNC,GLOBAL,2
SLUS_204.69,strcasecmp,0x32f6e0,216,FUNC,GLOBAL,2
SLUS_204.69,dispflg,0x4db6d0,1,OBJECT,GLOBAL,12
SLUS_204.69,MATRIX_toQuat4,0x26eb40,748,FUNC,GLOBAL,2
SLUS_204.69,_PES_packet,0x216638,1456,FUNC,GLOBAL,2
SLUS_204.69,xglPointLengthXZ,0x2297b8,48,FUNC,GLOBAL,2
SLUS_204.69,MenuLoadEnd,0x2751e0,8,FUNC,GLOBAL,2
SLUS_204.69,ExecOSD,0x2093d8,56,FUNC,GLOBAL,2
SLUS_204.69,_strmap,0x4ad510,160,OBJECT,GLOBAL,5
SLUS_204.69,ANM_getEntry,0x30dc08,296,FUNC,GLOBAL,2
SLUS_204.69,xglMcSetFullPath,0x21fed8,456,FUNC,GLOBAL,2
SLUS_204.69,NowTester,0x4db7f2,2,OBJECT,GLOBAL,12
SLUS_204.69,PartyTimePauseEnd,0x2b69d0,24,FUNC,GLOBAL,2
SLUS_204.69,Java_xeno_Chr_setParent__Lxeno_Chr_III,0x300120,176,FUNC,GLOBAL,2
SLUS_204.69,drawVector2,0x2659b0,592,FUNC,GLOBAL,2
SLUS_204.69,PrimTest,0x2bd6c0,280,FUNC,GLOBAL,2
SLUS_204.69,MapChange,0x2466f0,40,FUNC,GLOBAL,2
SLUS_204.69,GamePauseDispCf,0x246340,84,FUNC,GLOBAL,2
SLUS_204.69,sdvDestroyAlters,0x2eead0,72,FUNC,GLOBAL,2
SLUS_204.69,MenuShionMwsCheck,0x28e668,88,FUNC,GLOBAL,2
SLUS_204.69,BW,0x4da9e0,4,OBJECT,GLOBAL,12
SLUS_204.69,nmlModelSetFadeOutCancel,0x22ed88,20,FUNC,GLOBAL,2
SLUS_204.69,FlushCache,0x2007a0,16,FUNC,GLOBAL,2
SLUS_204.69,changeCameraMode,0x268128,516,FUNC,GLOBAL,2
SLUS_204.69,xglSoundSequenceFadeOut2,0x226220,84,FUNC,GLOBAL,2
SLUS_204.69,TYPE_Chr_talk,0x4dc75c,4,OBJECT,GLOBAL,13
SLUS_204.69,lookupClassField,0x2f5be0,124,FUNC,GLOBAL,2
SLUS_204.69,NewVu1LightTexProStrip2,0xe78,0,NOTYPE,GLOBAL,36
SLUS_204.69,xglFlagsSet,0x222878,192,FUNC,GLOBAL,2
SLUS_204.69,GameRadarDraw,0x252fc8,652,FUNC,GLOBAL,2
SLUS_204.69,Java_xeno_util_Runtime_checkTakeAgws__I,0x2f8000,52,FUNC,GLOBAL,2
SLUS_204.69,LOG,0x2dc3a8,72,FUNC,GLOBAL,2
SLUS_204.69,sceMcGetDir,0x20f6a8,344,FUNC,GLOBAL,2
SLUS_204.69,EXM_SetShakeWind,0x31edb0,12,FUNC,GLOBAL,2
SLUS_204.69,JC_setParent,0x316010,1736,FUNC,GLOBAL,2
SLUS_204.69,InitUwamono,0x2be950,432,FUNC,GLOBAL,2
SLUS_204.69,PACK_unlink,0x30df48,176,FUNC,GLOBAL,2
SLUS_204.69,PLAY_checkTCH,0x26aba8,192,FUNC,GLOBAL,2
SLUS_204.69,xglFontCheckProportional,0x21ab78,256,FUNC,GLOBAL,2
SLUS_204.69,SsdGetResultValue,0x2402a0,132,FUNC,GLOBAL,2
SLUS_204.69,PSMode,0x200960,16,FUNC,GLOBAL,2
SLUS_204.69,JNT_getRootElement,0x313ba0,16,FUNC,GLOBAL,2
SLUS_204.69,MAP_drawUnitItemBox,0x2c7310,160,FUNC,GLOBAL,2
SLUS_204.69,eModelTest,0x272088,236,FUNC,GLOBAL,2
SLUS_204.69,JS_classLight_setColor,0x26be38,224,FUNC,GLOBAL,2
SLUS_204.69,UwamonoAreaCheck,0x2c2ab8,208,FUNC,GLOBAL,2
SLUS_204.69,xglSoundEffectParamID,0x226490,108,FUNC,GLOBAL,2
SLUS_204.69,UnduTemp,0x3b25d0,64,OBJECT,GLOBAL,5
SLUS_204.69,SsdAddSequenceData,0x241328,80,FUNC,GLOBAL,2
SLUS_204.69,dataBoxDec,0x2bcbf8,76,FUNC,GLOBAL,2
SLUS_204.69,_strtoul_r,0x3377f8,556,FUNC,GLOBAL,2
SLUS_204.69,SsdResume,0x2403f8,64,FUNC,GLOBAL,2
SLUS_204.69,ACT_filterGuno,0x30b8c0,84,FUNC,GLOBAL,2
SLUS_204.69,MenuTask_XMX,0x4da858,4,OBJECT,GLOBAL,12
SLUS_204.69,Java_xeno_Stage_setPartsLastReset__,0x304fb0,20,FUNC,GLOBAL,2
SLUS_204.69,nmlFilterSetBufferToFrame,0x23cc00,260,FUNC,GLOBAL,2
SLUS_204.69,Java_xeno_Unit_renderCommand__I,0x3048c8,96,FUNC,GLOBAL,2
SLUS_204.69,loadArray,0x2f5068,60,FUNC,GLOBAL,2
SLUS_204.69,SGsTexFlush,0x2deba0,128,FUNC,GLOBAL,2
SLUS_204.69,JNT_onSmoothHair,0x315940,12,FUNC,GLOBAL,2
SLUS_204.69,ATTR_SourceFile,0x4dc760,4,OBJECT,GLOBAL,13
SLUS_204.69,DataBuffer_seek,0x2f5fc8,16,FUNC,GLOBAL,2
SLUS_204.69,xglMatrixMul,0x229bc8,120,FUNC,GLOBAL,2
SLUS_204.69,MenuModelUnitBreak,0x281390,52,FUNC,GLOBAL,2
SLUS_204.69,UmnBgCubeLex,0xa0fefc,4,OBJECT,GLOBAL,1
SLUS_204.69,Java_xeno_util_Menu_setCursor__I,0x2f8bf0,44,FUNC,GLOBAL,2
SLUS_204.69,EtherTreeTargetChange,0x2ba750,112,FUNC,GLOBAL,2
SLUS_204.69,_ExecOSD,0x200940,16,FUNC,GLOBAL,2
SLUS_204.69,sceVif1PkReserve,0x20b070,20,FUNC,GLOBAL,2
SLUS_204.69,__fpcmp_parts_d,0x32de50,288,FUNC,GLOBAL,2
SLUS_204.69,MATRIX_transpose3,0x26e598,52,FUNC,GLOBAL,2
SLUS_204.69,VMRegister,0x99d450,128,OBJECT,GLOBAL,14
SLUS_204.69,PartyAgwsNumGet,0x2b6588,108,FUNC,GLOBAL,2
SLUS_204.69,TCAMERA_transMPack,0x308848,392,FUNC,GLOBAL,2
SLUS_204.69,MMathCalcAngleCam,0x2ef4d8,136,FUNC,GLOBAL,2
SLUS_204.69,_scMslCate,0x4dbb34,4,OBJECT,GLOBAL,12
SLUS_204.69,FCV2_readAttribute,0x30d7e0,220,FUNC,GLOBAL,2
SLUS_204.69,CrossPointUwamonoAt,0x2c2518,76,FUNC,GLOBAL,2
SLUS_204.69,MenuModelResourceCancel2,0x27f740,40,FUNC,GLOBAL,2
SLUS_204.69,UmnProcuratorGoodBy,0xa055a0,204,FUNC,GLOBAL,1
SLUS_204.69,sdvProgressKey,0x2ec6a0,220,FUNC,GLOBAL,2
SLUS_204.69,MenuParaNextPointGet,0x291570,248,FUNC,GLOBAL,2
SLUS_204.69,Java_xeno_Chr_setSymmetryY__I,0x300468,124,FUNC,GLOBAL,2
SLUS_204.69,QUAT_toAxis,0x26ee30,188,FUNC,GLOBAL,2
SLUS_204.69,RFU005,0x200150,16,FUNC,GLOBAL,2
SLUS_204.69,STAGE_create,0x25ae20,16,FUNC,GLOBAL,2
SLUS_204.69,GameCameraReset,0x246918,300,FUNC,GLOBAL,2
SLUS_204.69,_close_r,0x337de0,88,FUNC,GLOBAL,2
SLUS_204.69,_DisableDmac,0x200290,16,FUNC,GLOBAL,2
SLUS_204.69,iInvalidDCache,0x200fd8,20,FUNC,GLOBAL,2
SLUS_204.69,Java_xeno_util_Menu_getSelected__,0x2f8ba8,32,FUNC,GLOBAL,2
SLUS_204.69,SEQ_scaleUnitSPL,0x320098,216,FUNC,GLOBAL,2
SLUS_204.69,DrillReturnFunc,0x2ca668,956,FUNC,GLOBAL,2
SLUS_204.69,TMENU_addItem,0x25f2c8,324,FUNC,GLOBAL,2
SLUS_204.69,VSync2,0x200a40,164,FUNC,GLOBAL,2
SLUS_204.69,GameResourceDump,0x24d800,232,FUNC,GLOBAL,2
SLUS_204.69,dataBoxPtrGet,0x2bcaf8,128,FUNC,GLOBAL,2
SLUS_204.69,SsdSetSeqNoteFader,0x241698,76,FUNC,GLOBAL,2
SLUS_204.69,bcopy,0x32e138,32,FUNC,GLOBAL,2
SLUS_204.69,_kTLBException,0x208c80,284,FUNC,GLOBAL,2
SLUS_204.69,NewVu1LightTexSpecAddEnvStrip2,0x2e50,0,NOTYPE,GLOBAL,49
SLUS_204.69,Java_xeno_Unit_setPivot__FFF,0x304568,148,FUNC,GLOBAL,2
SLUS_204.69,PartyAllPartyGet2,0x2b6370,292,FUNC,GLOBAL,2
SLUS_204.69,playControl,0x99c850,476,OBJECT,GLOBAL,14
SLUS_204.69,Java_xeno_Chr_mtn__IIFZ,0x2fe838,44,FUNC,GLOBAL,2
SLUS_204.69,JNI_catchException,0x2f0628,40,FUNC,GLOBAL,2
SLUS_204.69,nmlPacketAddGsFrame1,0x23a0b8,108,FUNC,GLOBAL,2
SLUS_204.69,sceGsGetGParam,0x2095a0,12,FUNC,GLOBAL,2
SLUS_204.69,drawRect2,0x265338,504,FUNC,GLOBAL,2
SLUS_204.69,Enemy_FindByEar,0x2d0d18,304,FUNC,GLOBAL,2
SLUS_204.69,RssdFuncCallCompleted,0x240250,56,FUNC,GLOBAL,2
SLUS_204.69,sefGetLineAdr,0x2e7ea0,40,FUNC,GLOBAL,2
SLUS_204.69,_kExitTLBHandler,0x208dc0,244,FUNC,GLOBAL,2
SLUS_204.69,xglPrimAddGouraudStripN,0x222ca8,804,FUNC,GLOBAL,2
SLUS_204.69,MenuShopPara,0x36dbe0,14,OBJECT,GLOBAL,5
SLUS_204.69,MATRIX_rotY4s,0x26e880,72,FUNC,GLOBAL,2
SLUS_204.69,memcmp,0x32ec38,148,FUNC,GLOBAL,2
SLUS_204.69,RES_GetMdlFileName,0x24ced8,184,FUNC,GLOBAL,2
SLUS_204.69,xglFlagsSet32,0x2229d8,28,FUNC,GLOBAL,2
SLUS_204.69,sceCdPowerOff,0x20e358,180,FUNC,GLOBAL,2
SLUS_204.69,MenuInfoWindow,0x27a108,1312,FUNC,GLOBAL,2
SLUS_204.69,JTHREAD_waitFor,0x305730,284,FUNC,GLOBAL,2
SLUS_204.69,_stack_size,0x8000,0,OBJECT,GLOBAL,65521
SLUS_204.69,dpadd,0x32be28,88,FUNC,GLOBAL,2
SLUS_204.69,PlayerLookAtAim,0x249ef0,136,FUNC,GLOBAL,2
SLUS_204.69,SsdFadeoutEffectFileID,0x240dd0,72,FUNC,GLOBAL,2
SLUS_204.69,look_limit_add,0x317148,108,FUNC,GLOBAL,2
SLUS_204.69,MenuItemIconMain,0x28bfa0,1428,FUNC,GLOBAL,2
SLUS_204.69,sefLerpIVectorA,0x2e1950,28,FUNC,GLOBAL,2
SLUS_204.69,JNI_popFrame,0x2f0488,28,FUNC,GLOBAL,2
SLUS_204.69,MMathDivVectorS,0x2ef6e0,40,FUNC,GLOBAL,2
SLUS_204.69,nmlModelSetGlobalPointLight,0x22f3c8,104,FUNC,GLOBAL,2
SLUS_204.69,dataAccBoxDec,0x2bcda8,28,FUNC,GLOBAL,2
SLUS_204.69,nmlModelSetSortOffset,0x22f3c0,8,FUNC,GLOBAL,2
SLUS_204.69,EtherTreeLine,0x4db694,4,OBJECT,GLOBAL,12
SLUS_204.69,sceCdDiskReady,0x20d9a8,504,FUNC,GLOBAL,2
SLUS_204.69,FCV_skipPack,0x30c940,24,FUNC,GLOBAL,2
SLUS_204.69,ACT_DrawShadowBegin,0x31a018,88,FUNC,GLOBAL,2
SLUS_204.69,STRING_h2zEUC,0x25d570,164,FUNC,GLOBAL,2
SLUS_204.69,ACT_setModelWrapper,0x3079e8,172,FUNC,GLOBAL,2
SLUS_204.69,MenuCharHpCheck,0x28ea60,200,FUNC,GLOBAL,2
SLUS_204.69,NewVu1GsKick,0x0,0,NOTYPE,GLOBAL,20
SLUS_204.69,eMessageModeChange,0x27bc68,8,FUNC,GLOBAL,2
SLUS_204.69,xglMatrixStackRTPS,0x22a678,48,FUNC,GLOBAL,2
SLUS_204.69,Java_xeno_Chr_rotY__ILjava_lang_Object_Z,0x2fe118,44,FUNC,GLOBAL,2
SLUS_204.69,MBUF_create2,0x25cc18,148,FUNC,GLOBAL,2
SLUS_204.69,Vu0CallMatrixStackPushUnit,0x538,0,NOTYPE,GLOBAL,19
SLUS_204.69,xglStudioGetCamera2,0x22c6a0,36,FUNC,GLOBAL,2
SLUS_204.69,MotSetEx,0x321ce0,8,FUNC,GLOBAL,2
SLUS_204.69,ACT_update,0x305f58,112,FUNC,GLOBAL,2
SLUS_204.69,sceCdStSeekF,0x20e570,44,FUNC,GLOBAL,2
SLUS_204.69,Java_xeno_Camera_setCFHokan__IFF,0x2fc3d0,124,FUNC,GLOBAL,2
SLUS_204.69,MenuTecListMain2,0x2b1890,3244,FUNC,GLOBAL,2
SLUS_204.69,SeisanMg,0x4db0d0,4,OBJECT,GLOBAL,12
SLUS_204.69,sscanf,0x32f638,168,FUNC,GLOBAL,2
SLUS_204.69,PartyAttackPosChange,0x2b67e0,132,FUNC,GLOBAL,2
SLUS_204.69,eBattleWinClose2,0x281e90,12,FUNC,GLOBAL,2
SLUS_204.69,sceReadlink,0x2072a0,456,FUNC,GLOBAL,2
SLUS_204.69,DIntr,0x208fe0,72,FUNC,GLOBAL,2
SLUS_204.69,classJava_xeno_util_Vector4f,0x4dc7b8,4,OBJECT,GLOBAL,13
SLUS_204.69,MenuItemStatusAgws,0x4dab20,4,OBJECT,GLOBAL,12
SLUS_204.69,NewVu1LightTexReflSpecEnvStrip,0x1228,0,NOTYPE,GLOBAL,29
SLUS_204.69,look_limit,0x3170e8,96,FUNC,GLOBAL,2
SLUS_204.69,_extensionAndUserData,0x213fd8,296,FUNC,GLOBAL,2
SLUS_204.69,CrossCheckActor,0x2c2e18,256,FUNC,GLOBAL,2
SLUS_204.69,Java_xeno_Camera_getRotateZ__,0x2fb430,80,FUNC,GLOBAL,2
SLUS_204.69,MMathApplyMatrix,0x2efc68,52,FUNC,GLOBAL,2
SLUS_204.69,dataBltBoxInc,0x2bcd28,28,FUNC,GLOBAL,2
SLUS_204.69,NewVu1LightTexMultiSpecEnvBackStrip1,0x2300,0,NOTYPE,GLOBAL,31
SLUS_204.69,sefDrawEffect3D,0x2e7220,60,FUNC,GLOBAL,2
SLUS_204.69,SGsAddReg,0x2e0e68,56,FUNC,GLOBAL,2
SLUS_204.69,nmlModelSetTexture,0x22fe60,88,FUNC,GLOBAL,2
SLUS_204.69,NewVu1LightTexSpecEnvBackStrip1,0x1e88,0,NOTYPE,GLOBAL,30
SLUS_204.69,InitAlarm,0x201278,212,FUNC,GLOBAL,2
SLUS_204.69,SEQ_scaleSPL,0x309538,216,FUNC,GLOBAL,2
SLUS_204.69,eMessageDraw,0x27bdb0,20,FUNC,GLOBAL,2
SLUS_204.69,xglSoundEffectNormalID,0x226390,156,FUNC,GLOBAL,2
SLUS_204.69,SeisanResult,0x4db0cc,4,OBJECT,GLOBAL,12
SLUS_204.69,JTHREAD_init,0x305728,8,FUNC,GLOBAL,2
SLUS_204.69,subLine2_DrawType_1,0x2bb448,324,FUNC,GLOBAL,2
SLUS_204.69,xglTaskEntryNext,0x21c638,116,FUNC,GLOBAL,2
SLUS_204.69,SsdInitPcmStream,0x2419c0,92,FUNC,GLOBAL,2
SLUS_204.69,MenuFileMain,0x289a70,1376,FUNC,GLOBAL,2
SLUS_204.69,MOutputDebugString,0x2eeec0,140,FUNC,GLOBAL,2
SLUS_204.69,AgwsWeapon2,0x4db010,4,OBJECT,GLOBAL,12
SLUS_204.69,ParaDataChangeTbl,0x36d890,8,OBJECT,GLOBAL,5
SLUS_204.69,ACT_animGetUserData,0x306d78,8,FUNC,GLOBAL,2
SLUS_204.69,AddDmacHandler2,0x200240,16,FUNC,GLOBAL,2
SLUS_204.69,ACT_updateMPack,0x30b730,96,FUNC,GLOBAL,2
SLUS_204.69,__sfp,0x335510,248,FUNC,GLOBAL,2
SLUS_204.69,xglRenderDrawFlip,0x22c8b8,164,FUNC,GLOBAL,2
SLUS_204.69,xglFlagsGet2,0x222ae0,24,FUNC,GLOBAL,2
SLUS_204.69,Get_WallSpace,0x2d79d0,272,FUNC,GLOBAL,2
SLUS_204.69,MachineType,0x200970,16,FUNC,GLOBAL,2
SLUS_204.69,MenuModelWeaponOpen,0x280e48,68,FUNC,GLOBAL,2
SLUS_204.69,WIN_initCF,0x25dad0,44,FUNC,GLOBAL,2
SLUS_204.69,Java_xeno_Effect_setTransOffset__FFF,0x2faf90,148,FUNC,GLOBAL,2
SLUS_204.69,ACT_updateMotionPause,0x306e88,24,FUNC,GLOBAL,2
SLUS_204.69,SsdStopSampling,0x2411c8,68,FUNC,GLOBAL,2
SLUS_204.69,Java_xeno_Camera_setRotate__FFF,0x2fbcd0,76,FUNC,GLOBAL,2
SLUS_204.69,scGetCmdScript,0x2ea418,108,FUNC,GLOBAL,2
SLUS_204.69,MenuListGet,0x2910f0,32,FUNC,GLOBAL,2
SLUS_204.69,Java_xeno_Camera_setCFAnglePers__IFFFFF,0x2fc178,596,FUNC,GLOBAL,2
SLUS_204.69,Enemy_Escape,0x2ccb08,588,FUNC,GLOBAL,2
SLUS_204.69,GameResourceSearch,0x24a7d0,200,FUNC,GLOBAL,2
SLUS_204.69,nmlPacketAddGsFlushWide,0x2367d0,380,FUNC,GLOBAL,2
SLUS_204.69,MenuTecList,0x4db534,4,OBJECT,GLOBAL,12
SLUS_204.69,GameBgDrawType2Entry,0x252c30,284,FUNC,GLOBAL,2
SLUS_204.69,MenuModelWeaponCreate,0x281430,596,FUNC,GLOBAL,2
SLUS_204.69,UnduGet,0x323a90,24,FUNC,GLOBAL,2
SLUS_204.69,drawCircle3,0x266598,996,FUNC,GLOBAL,2
SLUS_204.69,TCAMERA_update,0x308fb0,1140,FUNC,GLOBAL,2
SLUS_204.69,ClearEnv,0x4a9080,96,OBJECT,GLOBAL,5
SLUS_204.69,scExecEffect,0x2ea008,28,FUNC,GLOBAL,2
SLUS_204.69,iSsdNewMemoryPtr,0x242150,224,FUNC,GLOBAL,2
SLUS_204.69,Java_xeno_Chr_look_default__,0x300ba0,156,FUNC,GLOBAL,2
SLUS_204.69,dummyName,0x478c90,16,OBJECT,GLOBAL,5
SLUS_204.69,tiAlgName,0x43c170,24,OBJECT,GLOBAL,5
SLUS_204.69,Refresh_Homing,0x2d1fc0,260,FUNC,GLOBAL,2
SLUS_204.69,EventDoorOpenOpeFunc,0x2c5150,120,FUNC,GLOBAL,2
SLUS_204.69,__malloc_av_,0x4ad9f0,1032,OBJECT,GLOBAL,5
SLUS_204.69,DataBuffer_getUIntAt,0x2f6070,32,FUNC,GLOBAL,2
SLUS_204.69,sdvSetAmbState,0x2ec3f8,24,FUNC,GLOBAL,2
SLUS_204.69,UmnPluginTextGet,0xa0f550,36,FUNC,GLOBAL,1
SLUS_204.69,Enemy_SystemInit,0x2d3e18,272,FUNC,GLOBAL,2
SLUS_204.69,PartyAttackerSet,0x2b5e58,156,FUNC,GLOBAL,2
SLUS_204.69,MenuShopPara2,0x36dbf0,14,OBJECT,GLOBAL,5
SLUS_204.69,CharList,0x4daea0,4,OBJECT,GLOBAL,12
SLUS_204.69,RFU061,0x2004f0,16,FUNC,GLOBAL,2
SLUS_204.69,sceDopen,0x205eb0,200,FUNC,GLOBAL,2
SLUS_204.69,Java_xeno_Chr_move__FFFZ,0x2fd258,44,FUNC,GLOBAL,2
SLUS_204.69,SsdInitVagStreamMono,0x241c28,96,FUNC,GLOBAL,2
SLUS_204.69,ResumeThread,0x2004b0,16,FUNC,GLOBAL,2
SLUS_204.69,Get_MiddlePoint,0x2d72c0,208,FUNC,GLOBAL,2
SLUS_204.69,RES_GetEnemySeType,0x24a530,64,FUNC,GLOBAL,2
SLUS_204.69,faceTbl,0x3663e8,56,OBJECT,GLOBAL,5
SLUS_204.69,Java_xeno_Effect_getClip__,0x2fb120,112,FUNC,GLOBAL,2
SLUS_204.69,Java_xeno_Camera_rotateSPL__aFI,0x2fb6f8,44,FUNC,GLOBAL,2
SLUS_204.69,GameSnapShotNumber,0x24daa0,32,FUNC,GLOBAL,2
SLUS_204.69,EtherTreeCenterMove,0x2baa80,188,FUNC,GLOBAL,2
SLUS_204.69,TWIN_initScene,0x260600,84,FUNC,GLOBAL,2
SLUS_204.69,GameMoviePlay,0x2503c0,76,FUNC,GLOBAL,2
SLUS_204.69,Java_xeno_util_Runtime_enterShop__I,0x2f7ba0,44,FUNC,GLOBAL,2
SLUS_204.69,__sread,0x337688,100,FUNC,GLOBAL,2
SLUS_204.69,Java_xeno_util_Toolkit_call__Ljava_lang_Object_Ljava_lang_String_,0x2f9bf8,8,FUNC,GLOBAL,2
SLUS_204.69,Java_xeno_util_Runtime_resetOutFriend__I,0x2f7f50,36,FUNC,GLOBAL,2
SLUS_204.69,SsdGetResultParam,0x240328,136,FUNC,GLOBAL,2
SLUS_204.69,_LoadExecPS2,0x200160,16,FUNC,GLOBAL,2
SLUS_204.69,CUR_MATRIX_Unit,0x26f250,20,FUNC,GLOBAL,2
SLUS_204.69,GameStateRestore,0x2432f0,48,FUNC,GLOBAL,2
SLUS_204.69,fread,0x3356d8,284,FUNC,GLOBAL,2
SLUS_204.69,ENTRYPOINT,0x200008,0,OBJECT,GLOBAL,2
SLUS_204.69,xglCdStreamReadRingCore,0x21ea38,40,FUNC,GLOBAL,2
SLUS_204.69,sceVif1PkTerminate,0x20ac88,88,FUNC,GLOBAL,2
SLUS_204.69,MenuModelNavelMove,0x280b88,356,FUNC,GLOBAL,2
SLUS_204.69,GameBgDrawType2,0x252318,2324,FUNC,GLOBAL,2
SLUS_204.69,SetVTLBRefillHandler,0x2001d0,16,FUNC,GLOBAL,2
SLUS_204.69,MenuTextGet,0x28f028,460,FUNC,GLOBAL,2
SLUS_204.69,_sceCdSetTimeout,0x20e1c8,212,FUNC,GLOBAL,2
SLUS_204.69,xglHddUninstall,0x228288,92,FUNC,GLOBAL,2
SLUS_204.69,SEQ_scaleUnit,0x31fce0,672,FUNC,GLOBAL,2
SLUS_204.69,UmnTexAddr,0xa0fef4,4,OBJECT,GLOBAL,1
SLUS_204.69,initVM,0x2f1d98,364,FUNC,GLOBAL,2
SLUS_204.69,sceSetPtm,0x2171c8,20,FUNC,GLOBAL,2
SLUS_204.69,Java_xeno_Camera_resetFog__I,0x2fc8d8,100,FUNC,GLOBAL,2
SLUS_204.69,NewVu1LightTexReflSpecAddEnvFaceStrip1,0x2a28,0,NOTYPE,GLOBAL,49
SLUS_204.69,TitleHddInstall,0xa02148,608,FUNC,GLOBAL,1
SLUS_204.69,PacketSizeVu0MicroCode,0x4ade70,0,NOTYPE,GLOBAL,9
SLUS_204.69,sceSifRegisterRpc,0x203978,208,FUNC,GLOBAL,2
SLUS_204.69,sceGsExecLoadImage,0x20a3b8,380,FUNC,GLOBAL,2
SLUS_204.69,SsdSetSequenceOutputVolume,0x241788,72,FUNC,GLOBAL,2
SLUS_204.69,sceVif1PkSize,0x20ace0,20,FUNC,GLOBAL,2
SLUS_204.69,Check_InsideFan,0x2d8240,372,FUNC,GLOBAL,2
SLUS_204.69,ACT_allocMatrix,0x305998,220,FUNC,GLOBAL,2
SLUS_204.69,getScriptFlag,0x243c10,8,FUNC,GLOBAL,2
SLUS_204.69,NewVu1VertcolTexStrip,0xbd8,0,NOTYPE,GLOBAL,21
SLUS_204.69,MenuMaryIdChange,0x28ebe8,44,FUNC,GLOBAL,2
SLUS_204.69,__malloc_lock,0x32ef40,124,FUNC,GLOBAL,2
SLUS_204.69,sceDeci2ExLock,0x201818,36,FUNC,GLOBAL,2
SLUS_204.69,NewVu1LightTexMultiSpecAddEnvFaceStrip2,0x3748,0,NOTYPE,GLOBAL,50
SLUS_204.69,sbrk,0x200c20,172,FUNC,GLOBAL,2
SLUS_204.69,sceDclose,0x205f78,360,FUNC,GLOBAL,2
SLUS_204.69,xglMatrixStackRotY,0x22a4f8,40,FUNC,GLOBAL,2
SLUS_204.69,__ieee754_fmodf,0x326d68,464,FUNC,GLOBAL,2
SLUS_204.69,SsdTransferSampling,0x2410d0,84,FUNC,GLOBAL,2
SLUS_204.69,MenuModelTask,0x4da948,4,OBJECT,GLOBAL,12
SLUS_204.69,MATRIX_identity,0x26def8,84,FUNC,GLOBAL,2
SLUS_204.69,SPL_getValueXYZ,0x30c2b8,1060,FUNC,GLOBAL,2
SLUS_204.69,ACT_initSequence,0x30b410,232,FUNC,GLOBAL,2
SLUS_204.69,tyaCaptureEnd,0x2592f0,76,FUNC,GLOBAL,2
SLUS_204.69,nmlModelSendSignalStartBattle,0x22e7e0,12,FUNC,GLOBAL,2
SLUS_204.69,UmnDataBaseMonsterCheck,0x276248,76,FUNC,GLOBAL,2
SLUS_204.69,DB_pathGetShortPath,0x260a98,192,FUNC,GLOBAL,2
SLUS_204.69,Java_xeno_Chr_setWeaponR__Lxeno_Chr_,0x301298,108,FUNC,GLOBAL,2
SLUS_204.69,scalbnf,0x329de8,200,FUNC,GLOBAL,2
SLUS_204.69,_alalcAlloc,0x217218,108,FUNC,GLOBAL,2
SLUS_204.69,_ri0_101,0x211f70,228,FUNC,GLOBAL,2
SLUS_204.69,Java_xeno_Camera_change__,0x2fb608,28,FUNC,GLOBAL,2
SLUS_204.69,HitCheckContainerPosSize,0x2caf40,264,FUNC,GLOBAL,2
SLUS_204.69,Java_xeno_Unit_rotX__FFZ,0x302c28,44,FUNC,GLOBAL,2
SLUS_204.69,MenuEtherEx,0x4db358,4,OBJECT,GLOBAL,12
SLUS_204.69,VW_setCursor,0x26a5d8,36,FUNC,GLOBAL,2
SLUS_204.69,_showCount,0x4ad6a8,64,OBJECT,GLOBAL,5
SLUS_204.69,nmlModelSetPixelAlpha,0x22fc00,36,FUNC,GLOBAL,2
SLUS_204.69,_sceCd_ncmdsdata,0x4abb00,4096,OBJECT,GLOBAL,5
SLUS_204.69,Check_InsideID,0x2d67e8,700,FUNC,GLOBAL,2
SLUS_204.69,sefLerpFloat,0x2e1b98,256,FUNC,GLOBAL,2
SLUS_204.69,MenuSkill,0x2b91b8,3412,FUNC,GLOBAL,2
SLUS_204.69,JNI_loadClassDB,0x2f04d0,148,FUNC,GLOBAL,2
SLUS_204.69,GameDebugMenu,0x251e20,284,FUNC,GLOBAL,2
SLUS_204.69,iSyncDCache,0x200e98,20,FUNC,GLOBAL,2
SLUS_204.69,xglVectorMulSubXYZ,0x2291b0,84,FUNC,GLOBAL,2
SLUS_204.69,Java_xeno_Camera_setActive__Z,0x2fb758,52,FUNC,GLOBAL,2
SLUS_204.69,SsdResumeSequence,0x241460,20,FUNC,GLOBAL,2
SLUS_204.69,constStringTable,0x4dbfd8,4,OBJECT,GLOBAL,12
SLUS_204.69,FCV2_setStep,0x30d8e8,28,FUNC,GLOBAL,2
SLUS_204.69,XTK_setResourceID,0x2650e8,8,FUNC,GLOBAL,2
SLUS_204.69,_calloc_r,0x337d28,180,FUNC,GLOBAL,2
SLUS_204.69,xglMatrixRotV,0x229f30,456,FUNC,GLOBAL,2
SLUS_204.69,xglCdLoadOverlay,0x21f5a0,248,FUNC,GLOBAL,2
SLUS_204.69,UmnHistoryTreeGet,0xa0f128,36,FUNC,GLOBAL,1
SLUS_204.69,sefDeg2RadVector,0x2e7f40,32,FUNC,GLOBAL,2
SLUS_204.69,MenuItemIcon,0x4dab2c,4,OBJECT,GLOBAL,12
SLUS_204.69,SsdSetOutputMode,0x240478,68,FUNC,GLOBAL,2
SLUS_204.69,xglDmaBufferRef,0x21b818,40,FUNC,GLOBAL,2
SLUS_204.69,JS_classLight_getPeer,0x26be18,32,FUNC,GLOBAL,2
SLUS_204.69,xglMatrixTrans,0x229eb8,120,FUNC,GLOBAL,2
SLUS_204.69,SetGsVParam,0x200610,16,FUNC,GLOBAL,2
SLUS_204.69,iSignalSema,0x200550,16,FUNC,GLOBAL,2
SLUS_204.69,RSRC_getItem,0x26db88,92,FUNC,GLOBAL,2
SLUS_204.69,WindowSPSet,0x283b88,360,FUNC,GLOBAL,2
SLUS_204.69,Start_Enemy_Command,0x2d3538,752,FUNC,GLOBAL,2
SLUS_204.69,MenuTask,0x4da854,4,OBJECT,GLOBAL,12
SLUS_204.69,Java_xeno_Unit_setParent__Ljava_lang_Object_I,0x303df8,208,FUNC,GLOBAL,2
SLUS_204.69,EndOfHeap,0x200500,16,FUNC,GLOBAL,2
SLUS_204.69,NewVu1LightTexProBackStrip1,0xe40,0,NOTYPE,GLOBAL,36
SLUS_204.69,StudioEntrySkip,0x4dc3b8,4,OBJECT,GLOBAL,12
SLUS_204.69,GameDiskChange,0x254548,536,FUNC,GLOBAL,2
SLUS_204.69,NewVu1LightTexEnvFaceStrip1,0x1a18,0,NOTYPE,GLOBAL,30
SLUS_204.69,scePadRead,0x20bc48,124,FUNC,GLOBAL,2
SLUS_204.69,WindTest,0x2d9f40,664,FUNC,GLOBAL,2
SLUS_204.69,Java_xeno_Effect_setTarget__Lxeno_Unit_,0x2faef0,160,FUNC,GLOBAL,2
SLUS_204.69,MenuTairetuModelLexAddr,0x4da844,4,OBJECT,GLOBAL,12
SLUS_204.69,getClass,0x2f5b10,208,FUNC,GLOBAL,2
SLUS_204.69,MenuEtherMenu,0x4db354,4,OBJECT,GLOBAL,12
SLUS_204.69,SePacketTest,0x2bd468,600,FUNC,GLOBAL,2
SLUS_204.69,NewVu1LightTexSpecAddEnvFaceStrip2,0x3270,0,NOTYPE,GLOBAL,50
SLUS_204.69,nmlPacketSendCircleTexture,0x237ac0,376,FUNC,GLOBAL,2
SLUS_204.69,SPL_getValue,0x30c0b8,508,FUNC,GLOBAL,2
SLUS_204.69,LOOK_eyeR_cont,0x3177e0,32,FUNC,GLOBAL,2
SLUS_204.69,Java_xeno_util_Menu_addItem__Ljava_lang_String_,0x2f8b40,36,FUNC,GLOBAL,2
SLUS_204.69,MenuBackModelSet,0x278ef8,416,FUNC,GLOBAL,2
SLUS_204.69,Java_xeno_Chr_setArgs__III,0x2feff0,144,FUNC,GLOBAL,2
SLUS_204.69,MenuTecInfo,0x4db520,4,OBJECT,GLOBAL,12
SLUS_204.69,sefExecEffect,0x2e7168,48,FUNC,GLOBAL,2
SLUS_204.69,MenuModelResourceCancel3,0x27f600,320,FUNC,GLOBAL,2
SLUS_204.69,ACT_initMotion,0x307c48,520,FUNC,GLOBAL,2
SLUS_204.69,WindowSPSetSelect,0x284310,256,FUNC,GLOBAL,2
SLUS_204.69,nmlPacketAddGsZbuf1,0x239d70,72,FUNC,GLOBAL,2
SLUS_204.69,MenuModelWorkTop,0x4da824,4,OBJECT,GLOBAL,12
SLUS_204.69,MenuWinAddr,0x4da86c,4,OBJECT,GLOBAL,12
SLUS_204.69,CharListMake_Wpn,0x295598,140,FUNC,GLOBAL,2
SLUS_204.69,MATRIX_convert4MulMatrix,0x26e1e0,156,FUNC,GLOBAL,2
SLUS_204.69,MenuTecNextSpeedPointGet,0x2af6f0,60,FUNC,GLOBAL,2
SLUS_204.69,sceCdStSeek,0x20e5a0,44,FUNC,GLOBAL,2
SLUS_204.69,TCAMERA_setFCurve,0x309480,8,FUNC,GLOBAL,2
SLUS_204.69,AgwsSelect,0x4db004,4,OBJECT,GLOBAL,12
SLUS_204.69,_ipuVdec,0x213858,376,FUNC,GLOBAL,2
SLUS_204.69,MenuTecL1R1Main,0x2b0960,544,FUNC,GLOBAL,2
SLUS_204.69,WindowTexAddrGet,0x274ce8,60,FUNC,GLOBAL,2
SLUS_204.69,NewVu1LightTexMultiSpecBackStrip,0x1f08,0,NOTYPE,GLOBAL,23
SLUS_204.69,ACT_setVisible,0x308380,52,FUNC,GLOBAL,2
SLUS_204.69,Java_xeno_Unit_rotY__IFZ,0x302cc8,44,FUNC,GLOBAL,2
SLUS_204.69,sceIoctl2,0x205588,476,FUNC,GLOBAL,2
SLUS_204.69,MenuSkillInfoMain,0x2b6eb0,1136,FUNC,GLOBAL,2
SLUS_204.69,xglRenderVSyncCallback,0x22cb80,92,FUNC,GLOBAL,2
SLUS_204.69,ACT_setMotion2,0x307f70,596,FUNC,GLOBAL,2
SLUS_204.69,sceMcRead,0x20f0d8,284,FUNC,GLOBAL,2
SLUS_204.69,ACT_dispose2,0x305e70,136,FUNC,GLOBAL,2
SLUS_204.69,RssdSifRpcCallback,0x240188,196,FUNC,GLOBAL,2
SLUS_204.69,ParaDataBuf,0x4dae78,4,OBJECT,GLOBAL,12
SLUS_204.69,memset,0x32ee80,192,FUNC,GLOBAL,2
SLUS_204.69,__ieee754_sqrtf,0x327300,212,FUNC,GLOBAL,2
SLUS_204.69,MenuShopListColorChange,0x2a3ca0,324,FUNC,GLOBAL,2
SLUS_204.69,_lastFrame,0x217748,124,FUNC,GLOBAL,2
SLUS_204.69,svAddImageMapper,0x2de730,124,FUNC,GLOBAL,2
SLUS_204.69,MenuSkillL1R1,0x4db670,4,OBJECT,GLOBAL,12
SLUS_204.69,ACT_jointGetAccessories,0x306a70,112,FUNC,GLOBAL,2
SLUS_204.69,EtherTreeLineDraw,0x2bc2d0,140,FUNC,GLOBAL,2
SLUS_204.69,EtherTreeObjectGetClear,0x2b9f10,12,FUNC,GLOBAL,2
SLUS_204.69,xglSoundEffectPosID,0x226500,544,FUNC,GLOBAL,2
SLUS_204.69,Java_xeno_util_Runtime_checkFriend__I,0x2f7e68,52,FUNC,GLOBAL,2
SLUS_204.69,Get_Attr,0x2d8908,176,FUNC,GLOBAL,2
SLUS_204.69,Java_xeno_Chr_setScale__FFF,0x2ff2b8,112,FUNC,GLOBAL,2
SLUS_204.69,Java_xeno_Chr_setRotCNSParam__IFFFFF,0x2ffcc8,52,FUNC,GLOBAL,2
SLUS_204.69,sefRewindEffectCf,0x2e7948,28,FUNC,GLOBAL,2
SLUS_204.69,PartyLeaderCheck,0x2b6010,68,FUNC,GLOBAL,2
SLUS_204.69,main,0x218460,88,FUNC,GLOBAL,2
SLUS_204.69,FCV2_dump,0x30db88,124,FUNC,GLOBAL,2
SLUS_204.69,sceFsInit,0x204438,456,FUNC,GLOBAL,2
SLUS_204.69,_hitSignal,0x4dba7a,2,OBJECT,GLOBAL,12
SLUS_204.69,nmlModelSetPlace,0x22fed8,96,FUNC,GLOBAL,2
SLUS_204.69,MenuTecListMake01,0x2b3138,288,FUNC,GLOBAL,2
SLUS_204.69,PacketDataNewVu1DropMicroCode,0x4bd4a0,0,NOTYPE,GLOBAL,9
SLUS_204.69,Enemy_Init,0x2cb278,1420,FUNC,GLOBAL,2
SLUS_204.69,SsdGetVagStreamParam,0x241e98,68,FUNC,GLOBAL,2
SLUS_204.69,xglFontGetLoadAddress,0x21b580,12,FUNC,GLOBAL,2
SLUS_204.69,rcFile,0x4dc714,4,OBJECT,GLOBAL,13
SLUS_204.69,sefLerpIVector,0x2e1970,268,FUNC,GLOBAL,2
SLUS_204.69,sefLoadEffectCfName,0x2e7780,64,FUNC,GLOBAL,2
SLUS_204.69,NewVu1LightTexProStrip1,0xbb8,0,NOTYPE,GLOBAL,36
SLUS_204.69,nmlPacketAddTexture,0x237da0,328,FUNC,GLOBAL,2
SLUS_204.69,__malloc_max_total_mem,0x4ade18,8,OBJECT,GLOBAL,5
SLUS_204.69,MenuEtherList2,0x4db36c,4,OBJECT,GLOBAL,12
SLUS_204.69,sceSifAllocSysMemory,0x207560,128,FUNC,GLOBAL,2
SLUS_204.69,Java_xeno_util_Window_setSize__II,0x2f8948,44,FUNC,GLOBAL,2
SLUS_204.69,xglHddMount,0x228a48,524,FUNC,GLOBAL,2
SLUS_204.69,Java_xeno_Effect_setRotate__,0x2fabe0,312,FUNC,GLOBAL,2
SLUS_204.69,MenuBibrationSpeed,0x4da876,1,OBJECT,GLOBAL,12
SLUS_204.69,TWSYS_createComponent,0x25d058,148,FUNC,GLOBAL,2
SLUS_204.69,ACT_createChr,0x30b548,188,FUNC,GLOBAL,2
SLUS_204.69,MenuTecCharWaitUpCheck,0x2af9f0,112,FUNC,GLOBAL,2
SLUS_204.69,PartyAttackPosSet,0x2b6770,108,FUNC,GLOBAL,2
SLUS_204.69,FileWork,0x4daa94,4,OBJECT,GLOBAL,12
SLUS_204.69,Java_xeno_Chr_rotZ__ILjava_lang_Object_Z,0x2fe1d8,44,FUNC,GLOBAL,2
SLUS_204.69,talkCancel,0x2619e8,140,FUNC,GLOBAL,2
SLUS_204.69,nmlPacketAddGifTagStandard,0x2391b0,156,FUNC,GLOBAL,2
SLUS_204.69,srsGetEffectName,0x2e8928,96,FUNC,GLOBAL,2
SLUS_204.69,sceSifSendCmd,0x202c18,60,FUNC,GLOBAL,2
SLUS_204.69,HitCheckEnemy,0x2cb048,348,FUNC,GLOBAL,2
SLUS_204.69,EtherTreeDraw,0x2bc4f0,144,FUNC,GLOBAL,2
SLUS_204.69,Set_Spline_By_Route,0x2d1768,136,FUNC,GLOBAL,2
SLUS_204.69,MjDoorStanbyFunc,0x2c52f0,192,FUNC,GLOBAL,2
SLUS_204.69,MenuSaveMapNameGet,0x28e9b0,64,FUNC,GLOBAL,2
SLUS_204.69,srand,0x32f0e0,24,FUNC,GLOBAL,2
SLUS_204.69,xglVectorScaleSubXYZ,0x229558,72,FUNC,GLOBAL,2
SLUS_204.69,_iEnableDmac,0x2002e0,16,FUNC,GLOBAL,2
SLUS_204.69,NewVu1DropStrip2,0xa98,0,NOTYPE,GLOBAL,53
SLUS_204.69,lookupArray,0x2f5318,276,FUNC,GLOBAL,2
SLUS_204.69,srsAnalyzeEftNo,0x2e8170,752,FUNC,GLOBAL,2
SLUS_204.69,RES_GetFootStepNo,0x24b350,24,FUNC,GLOBAL,2
SLUS_204.69,SsdSetSeqPatchNumber,0x241818,72,FUNC,GLOBAL,2
SLUS_204.69,MATRIX_identity4s,0x26df50,84,FUNC,GLOBAL,2
SLUS_204.69,xglCdArcCheck,0x21fa30,52,FUNC,GLOBAL,2
SLUS_204.69,ATTR_Code,0x4dc764,4,OBJECT,GLOBAL,13
SLUS_204.69,MenuSystemPas,0x4db5b8,4,OBJECT,GLOBAL,12
SLUS_204.69,_ulp,0x336f18,208,FUNC,GLOBAL,2
SLUS_204.69,Java_xeno_Camera_setMode__I,0x2fc598,52,FUNC,GLOBAL,2
SLUS_204.69,MMathCalcOffsetXYZ,0x2ef608,64,FUNC,GLOBAL,2
SLUS_204.69,Java_xeno_Effect_getTranslate__,0x2fa8c8,236,FUNC,GLOBAL,2
SLUS_204.69,xglSoundEffectCheckID,0x226808,108,FUNC,GLOBAL,2
SLUS_204.69,SsdGetTimeCode,0x2418f8,124,FUNC,GLOBAL,2
SLUS_204.69,subMenuSystemMain,0x2b4d80,1840,FUNC,GLOBAL,2
SLUS_204.69,GameBgDrawType1Param,0x367bb0,2060,OBJECT,GLOBAL,5
SLUS_204.69,xglVectorScaleAddXYZ,0x2294b8,72,FUNC,GLOBAL,2
SLUS_204.69,xglFontPrintExtFunc,0x2191f8,160,FUNC,GLOBAL,2
SLUS_204.69,initVMThread,0x4dc7bc,4,OBJECT,GLOBAL,13
SLUS_204.69,SeisanMain,0x2a18c0,44,FUNC,GLOBAL,2
SLUS_204.69,GameIdLightSet,0x252d50,628,FUNC,GLOBAL,2
SLUS_204.69,EIntr,0x209028,24,FUNC,GLOBAL,2
SLUS_204.69,Check_Straight_ID,0x2d7db0,472,FUNC,GLOBAL,2
SLUS_204.69,AgwsStatusMain,0x29b8b8,1160,FUNC,GLOBAL,2
SLUS_204.69,CUR_MATRIX_Rz4s,0x26f3f8,52,FUNC,GLOBAL,2
SLUS_204.69,Check_Encount,0x2d11d8,876,FUNC,GLOBAL,2
SLUS_204.69,AdjTable_Z,0x3b1c20,16,OBJECT,GLOBAL,5
SLUS_204.69,GetTLBEntry,0x2089f0,16,FUNC,GLOBAL,2
SLUS_204.69,_kDebugException,0x208ec0,284,FUNC,GLOBAL,2
SLUS_204.69,Fly_to_Ladder,0x2ceb30,648,FUNC,GLOBAL,2
SLUS_204.69,SGsSetZTestEnv,0x2deef8,164,FUNC,GLOBAL,2
SLUS_204.69,Actor_LookAt_Release,0x2d2cc8,88,FUNC,GLOBAL,2
SLUS_204.69,MMathVectorDotProduct,0x2ef7d0,36,FUNC,GLOBAL,2
SLUS_204.69,MBUF_dispose,0x25cda8,8,FUNC,GLOBAL,2
SLUS_204.69,sefFreeSchedulerCf,0x2e5118,144,FUNC,GLOBAL,2
SLUS_204.69,TMENU_setItem,0x25f1e8,224,FUNC,GLOBAL,2
SLUS_204.69,ACT_modelDraw,0x307420,148,FUNC,GLOBAL,2
SLUS_204.69,LadderStep,0x3b1c30,508,OBJECT,GLOBAL,5
SLUS_204.69,xglCdPowerOffCB,0x21cf08,16,FUNC,GLOBAL,2
SLUS_204.69,lookupClassEntry,0x2f5218,252,FUNC,GLOBAL,2
SLUS_204.69,GetBSplineLoop,0x2d8cd8,480,FUNC,GLOBAL,2
SLUS_204.69,Java_xeno_Chr_sclZ__FFZ,0x2ffc28,44,FUNC,GLOBAL,2
SLUS_204.69,alignXYAxis,0x260d78,8,FUNC,GLOBAL,2
SLUS_204.69,GetOsdConfigParam2,0x200830,16,FUNC,GLOBAL,2
SLUS_204.69,__sclose,0x3377d8,28,FUNC,GLOBAL,2
SLUS_204.69,MenuTecExMain,0x2b0798,456,FUNC,GLOBAL,2
SLUS_204.69,FileCardDataBuf,0x4daaa0,4,OBJECT,GLOBAL,12
SLUS_204.69,loadClass,0x2f50a8,120,FUNC,GLOBAL,2
SLUS_204.69,STRING_int,0x25d490,224,FUNC,GLOBAL,2
SLUS_204.69,nmlModelSetFogCancel,0x230340,24,FUNC,GLOBAL,2
SLUS_204.69,MenuEtherListMake01,0x2ad728,340,FUNC,GLOBAL,2
SLUS_204.69,_loadCfCommonData,0x4dbaa8,4,OBJECT,GLOBAL,12
SLUS_204.69,nmlModelSetToumei,0x22fde0,32,FUNC,GLOBAL,2
SLUS_204.69,_sdrawFloor,0x4dba04,2,OBJECT,GLOBAL,12
SLUS_204.69,taskUmnTopWin,0xa03450,2656,FUNC,GLOBAL,1
SLUS_204.69,xglSoundLoadEffect,0x225df8,464,FUNC,GLOBAL,2
SLUS_204.69,ACT_initVMObject,0x30b4f8,80,FUNC,GLOBAL,2
SLUS_204.69,NewVu1LightTexMultiSpecEnvStrip,0xd60,0,NOTYPE,GLOBAL,28
SLUS_204.69,CUR_MATRIX_SetT,0x26f2c8,12,FUNC,GLOBAL,2
SLUS_204.69,_strtol_r,0x331210,568,FUNC,GLOBAL,2
SLUS_204.69,UmnDataBaseAnalisisCheck,0x2762f0,76,FUNC,GLOBAL,2
SLUS_204.69,PacketSizeNewVu1EnvMicroCode,0x4b19e0,0,NOTYPE,GLOBAL,9
SLUS_204.69,Java_xeno_Camera_rollSPL__aFI,0x2fbc60,112,FUNC,GLOBAL,2
SLUS_204.69,Enemy_After_Battle,0x2d1548,540,FUNC,GLOBAL,2
SLUS_204.69,ShootMapUnit,0x2c1cb8,684,FUNC,GLOBAL,2
SLUS_204.69,GetMdlFileName,0x321cc8,8,FUNC,GLOBAL,2
SLUS_204.69,Java_xeno_util_Runtime_getGameState__,0x2f74e0,16,FUNC,GLOBAL,2
SLUS_204.69,sceVif1PkOpenGifTag,0x20afb0,24,FUNC,GLOBAL,2
SLUS_204.69,Game_Data_Push,0x2429c0,380,FUNC,GLOBAL,2
SLUS_204.69,sceSifSetSysCmdBuffer,0x202a70,24,FUNC,GLOBAL,2
SLUS_204.69,InitThread,0x201428,212,FUNC,GLOBAL,2
SLUS_204.69,Java_xeno_Sound_sequenceStop__II,0x2fa080,32,FUNC,GLOBAL,2
SLUS_204.69,svDrawScheduler,0x2e0c90,32,FUNC,GLOBAL,2
SLUS_204.69,_defMatLc,0x40d530,64,OBJECT,GLOBAL,5
SLUS_204.69,UmnEventTextNextGet,0xa0efc0,64,FUNC,GLOBAL,1
SLUS_204.69,BSpline_Init,0x2d8c18,76,FUNC,GLOBAL,2
SLUS_204.69,FileCheckSumCheck,0x284760,56,FUNC,GLOBAL,2
SLUS_204.69,_dtoa_r,0x3340b8,4708,FUNC,GLOBAL,2
SLUS_204.69,MenuItemInfoMain,0x28a368,840,FUNC,GLOBAL,2
SLUS_204.69,_malloc_r,0x32e510,1832,FUNC,GLOBAL,2
SLUS_204.69,eBattleWinInit2,0x2828b0,108,FUNC,GLOBAL,2
SLUS_204.69,SsdSetServerCallback,0x2403b0,20,FUNC,GLOBAL,2
SLUS_204.69,MMathRotateMatrixYXZ,0x2efbb0,180,FUNC,GLOBAL,2
SLUS_204.69,RFU116,0x2008a0,16,FUNC,GLOBAL,2
SLUS_204.69,tskUmnSimulationPas,0xa0baf8,528,FUNC,GLOBAL,1
SLUS_204.69,MenuBibrationAct,0x4da875,1,OBJECT,GLOBAL,12
SLUS_204.69,Enemy_Route_Chase,0x2ccd58,572,FUNC,GLOBAL,2
SLUS_204.69,classObject,0x4dc7c0,4,OBJECT,GLOBAL,13
SLUS_204.69,MAP_updateUnitPartsSequence,0x320b98,360,FUNC,GLOBAL,2
SLUS_204.69,subMWModeExSet,0x282d30,676,FUNC,GLOBAL,2
SLUS_204.69,MenuShopAgwsListChange,0x2a1ff0,248,FUNC,GLOBAL,2
SLUS_204.69,JNI_pushFrame,0x2f0470,20,FUNC,GLOBAL,2
SLUS_204.69,Java_xeno_Chr_setPointLightPos__IFFF,0x300600,224,FUNC,GLOBAL,2
SLUS_204.69,EtherTreeBlackModeChange,0x2baf90,136,FUNC,GLOBAL,2
SLUS_204.69,classDB,0x99d430,32,OBJECT,GLOBAL,14
SLUS_204.69,updateCursorModePlane,0x267468,1620,FUNC,GLOBAL,2
SLUS_204.69,UmnKosmosSpecialBox,0x4da838,8,OBJECT,GLOBAL,12
SLUS_204.69,PauseMenuPagePartyDebugOutFriend,0x2735d8,472,FUNC,GLOBAL,2
SLUS_204.69,classJava_xeno_util_Runtime,0x4dc7c4,4,OBJECT,GLOBAL,13
SLUS_204.69,nmlModelSetPointLight,0x22f510,100,FUNC,GLOBAL,2
SLUS_204.69,TYPE_Void,0x4dc768,4,OBJECT,GLOBAL,13
SLUS_204.69,nmlModelSendSignalMovieStart,0x22e810,72,FUNC,GLOBAL,2
SLUS_204.69,xglFontDebugPrintf,0x219298,220,FUNC,GLOBAL,2
SLUS_204.69,MotCalc,0x321cd8,8,FUNC,GLOBAL,2
SLUS_204.69,ACT_initScene,0x30b790,160,FUNC,GLOBAL,2
SLUS_204.69,MenuAgwsPara2,0x36da80,14,OBJECT,GLOBAL,5
SLUS_204.69,MenuModelMenuMotionCheck,0x27f528,56,FUNC,GLOBAL,2
SLUS_204.69,xglMovieMakeXtxHeader,0x221aa8,156,FUNC,GLOBAL,2
SLUS_204.69,classEntryPool,0x4dc7c8,4,OBJECT,GLOBAL,13
SLUS_204.69,eSpriteMain,0x276c78,120,FUNC,GLOBAL,2
SLUS_204.69,xglMatrixStackPush,0x22a5f8,36,FUNC,GLOBAL,2
SLUS_204.69,sub2ParentChildSet,0x2b9ff8,172,FUNC,GLOBAL,2
SLUS_204.69,SCRIPT_methodClearGet,0x261250,8,FUNC,GLOBAL,2
SLUS_204.69,SsdStopEffectFileID,0x240ef8,68,FUNC,GLOBAL,2
SLUS_204.69,subMWControlType01,0x2836a8,1096,FUNC,GLOBAL,2
SLUS_204.69,__submore,0x337a58,232,FUNC,GLOBAL,2
SLUS_204.69,nmlPacketAddGsPixeltest,0x239cb8,56,FUNC,GLOBAL,2
SLUS_204.69,MenuLoadCancel,0x2751e8,48,FUNC,GLOBAL,2
SLUS_204.69,nmlModelSetEffectWrite,0x22f378,8,FUNC,GLOBAL,2
SLUS_204.69,_init_signal,0x32f460,28,FUNC,GLOBAL,2
SLUS_204.69,UmnDataBase,0xa0b1d8,2336,FUNC,GLOBAL,1
SLUS_204.69,MenuParaPtNowGet,0x291410,156,FUNC,GLOBAL,2
SLUS_204.69,MenuItemStatus,0x4dab1c,4,OBJECT,GLOBAL,12
SLUS_204.69,EtherTreeFirstDataGet,0x2b9f30,32,FUNC,GLOBAL,2
SLUS_204.69,MenuBgRgba,0x4da888,4,OBJECT,GLOBAL,12
SLUS_204.69,MenuItemList,0x4dab24,4,OBJECT,GLOBAL,12
SLUS_204.69,CUR_MATRIX_GetT,0x26f2b8,16,FUNC,GLOBAL,2
SLUS_204.69,JS_loadClass,0x26b1a0,108,FUNC,GLOBAL,2
SLUS_204.69,xglFontGetFlags,0x21b590,12,FUNC,GLOBAL,2
SLUS_204.69,MatumotoTest,0x2cb1a8,8,FUNC,GLOBAL,2
SLUS_204.69,SeisanWork,0x4db0c0,4,OBJECT,GLOBAL,12
SLUS_204.69,SsdGetMemoryFreeSize,0x242418,140,FUNC,GLOBAL,2
SLUS_204.69,scGetAdrImmScript,0x2ea790,80,FUNC,GLOBAL,2
SLUS_204.69,classJava_xeno_util_Layout,0x4dc7cc,4,OBJECT,GLOBAL,13
SLUS_204.69,subPosSet2,0x2ba350,176,FUNC,GLOBAL,2
SLUS_204.69,MenuSkillCategory,0x4db678,4,OBJECT,GLOBAL,12
SLUS_204.69,UmnGunoDataBaseTop,0x4da830,4,OBJECT,GLOBAL,12
SLUS_204.69,_quantMatrixExtension,0x214450,196,FUNC,GLOBAL,2
SLUS_204.69,newsToDirection,0x46f410,64,OBJECT,GLOBAL,5
SLUS_204.69,_fwalk,0x336040,148,FUNC,GLOBAL,2
SLUS_204.69,GameResourceRealloc,0x24aa90,168,FUNC,GLOBAL,2
SLUS_204.69,_ri0_111,0x212320,276,FUNC,GLOBAL,2
SLUS_204.69,SsdSetSPDIFMode,0x2404c0,68,FUNC,GLOBAL,2
SLUS_204.69,CrossCheckMapUnitAt,0x2c2f18,132,FUNC,GLOBAL,2
SLUS_204.69,CalcNearCrossPointBox,0x2c2690,840,FUNC,GLOBAL,2
SLUS_204.69,NewVu1LightTexReflSpecAddEnvBackStrip2,0x3cf8,0,NOTYPE,GLOBAL,51
SLUS_204.69,xglRenderDispOn,0x22d7d8,28,FUNC,GLOBAL,2
SLUS_204.69,MATRIX_rotZ4s,0x26e8c8,72,FUNC,GLOBAL,2
SLUS_204.69,nmlModelSetFadeInCancel,0x22ed58,20,FUNC,GLOBAL,2
SLUS_204.69,_defMatLcMod,0x40d4f0,64,OBJECT,GLOBAL,5
SLUS_204.69,AddIntcHandler,0x200200,16,FUNC,GLOBAL,2
SLUS_204.69,MenuItemListMake00,0x28b548,384,FUNC,GLOBAL,2
SLUS_204.69,xglCdReset,0x21d6a0,64,FUNC,GLOBAL,2
SLUS_204.69,sceDelDrv,0x205e90,28,FUNC,GLOBAL,2
SLUS_204.69,iResumeThread,0x2004c0,16,FUNC,GLOBAL,2
SLUS_204.69,XTK_getWindowOwner,0x265100,8,FUNC,GLOBAL,2
SLUS_204.69,_mbtowc_r,0x336318,52,FUNC,GLOBAL,2
SLUS_204.69,CharMenu,0x4dae88,4,OBJECT,GLOBAL,12
SLUS_204.69,PartyLockPartyOff,0x2b5bc0,84,FUNC,GLOBAL,2
SLUS_204.69,SCRIPT_getEventActiveFlag,0x261228,8,FUNC,GLOBAL,2
SLUS_204.69,ANM_resetPack,0x30e300,492,FUNC,GLOBAL,2
SLUS_204.69,Java_xeno_Camera_transSPL__aFIII,0x2fba00,44,FUNC,GLOBAL,2
SLUS_204.69,nmlPacketAddExecProg,0x238ba8,508,FUNC,GLOBAL,2
SLUS_204.69,GameResourceAlloc,0x24a9d8,180,FUNC,GLOBAL,2
SLUS_204.69,__fixunssfdi,0x32b8d8,296,FUNC,GLOBAL,2
SLUS_204.69,BitToTecNo,0x2af510,120,FUNC,GLOBAL,2
SLUS_204.69,PartyFriendOff,0x2b5ac0,84,FUNC,GLOBAL,2
SLUS_204.69,JNT_getFlags,0x3137b8,16,FUNC,GLOBAL,2
SLUS_204.69,SeisanCountMain,0x29f678,980,FUNC,GLOBAL,2
SLUS_204.69,drawBox2,0x265530,504,FUNC,GLOBAL,2
SLUS_204.69,xglStudioGetLight2,0x22c698,8,FUNC,GLOBAL,2
SLUS_204.69,__kernel_tanf,0x328f78,676,FUNC,GLOBAL,2
SLUS_204.69,DrillPowerOffFunc,0x2c9c90,328,FUNC,GLOBAL,2
SLUS_204.69,__load_stop_ov01,0xa5b8f8,0,OBJECT,GLOBAL,65521
SLUS_204.69,sceMcDelete,0x20faa0,296,FUNC,GLOBAL,2
SLUS_204.69,Java_xeno_Movie_stop__,0x2fa2e0,20,FUNC,GLOBAL,2
SLUS_204.69,Java_xeno_Effect_setCaster__Lxeno_Chr_,0x2fad18,152,FUNC,GLOBAL,2
SLUS_204.69,InitEvsSymbol,0x2bef88,272,FUNC,GLOBAL,2
SLUS_204.69,TskObjectSet2,0x29fa50,16,FUNC,GLOBAL,2
SLUS_204.69,_dispRefImageField,0x215090,440,FUNC,GLOBAL,2
SLUS_204.69,initLight2,0x268d30,632,FUNC,GLOBAL,2
SLUS_204.69,LOOK_eyeL_cont,0x3177c0,32,FUNC,GLOBAL,2
SLUS_204.69,InitSaveSymbol,0x2bed28,304,FUNC,GLOBAL,2
SLUS_204.69,EW_init,0x26c708,52,FUNC,GLOBAL,2
SLUS_204.69,TWSYS_init,0x25cfc8,112,FUNC,GLOBAL,2
SLUS_204.69,__thenan_df,0x4d7020,24,OBJECT,GLOBAL,10
SLUS_204.69,Java_xeno_vm_Thread_start__,0x2f6600,52,FUNC,GLOBAL,2
SLUS_204.69,sceSifSearchModuleByName,0x207dd0,160,FUNC,GLOBAL,2
SLUS_204.69,DrillCameraControlFunc,0x2caa28,488,FUNC,GLOBAL,2
SLUS_204.69,nmlPacketSetAttributeData,0x238e00,92,FUNC,GLOBAL,2
SLUS_204.69,_malloc_trim_r,0x335af0,364,FUNC,GLOBAL,2
SLUS_204.69,MostNear,0x4db844,4,OBJECT,GLOBAL,12
SLUS_204.69,xglFlagsGet,0x222a50,116,FUNC,GLOBAL,2
SLUS_204.69,xglRenderDrawFlipPk,0x22ca60,288,FUNC,GLOBAL,2
SLUS_204.69,Java_xeno_vm_System_sleep__I,0x2f61d0,64,FUNC,GLOBAL,2
SLUS_204.69,__CTOR_END__,0x4ade58,0,OBJECT,GLOBAL,6
SLUS_204.69,xglQuaternion2Matrix,0x22a950,128,FUNC,GLOBAL,2
SLUS_204.69,tskUmnDataBaseInfo,0xa09a70,332,FUNC,GLOBAL,1
SLUS_204.69,sceMcFlush,0x20fbc8,180,FUNC,GLOBAL,2
SLUS_204.69,sceMcSeek,0x20ef70,212,FUNC,GLOBAL,2
SLUS_204.69,NewVu1LightTexReflSpecStrip,0x1f60,0,NOTYPE,GLOBAL,23
SLUS_204.69,MAP_updateUnitItem,0x2c7760,364,FUNC,GLOBAL,2
SLUS_204.69,scGetRegAdr,0x2ebc80,96,FUNC,GLOBAL,2
SLUS_204.69,MenuSystemInitSet,0x2b4cd8,168,FUNC,GLOBAL,2
SLUS_204.69,xglFlagsGet8,0x222b10,24,FUNC,GLOBAL,2
SLUS_204.69,xglHddMcCheck,0x227cd8,152,FUNC,GLOBAL,2
SLUS_204.69,ACT_setFace,0x306d18,96,FUNC,GLOBAL,2
SLUS_204.69,nmlModelSetMatOffset,0x22ff98,100,FUNC,GLOBAL,2
SLUS_204.69,NewVu1LightTexSpecAddEnvBackStrip1,0x2090,0,NOTYPE,GLOBAL,48
SLUS_204.69,subMenuShopEquipCheck,0x2a3898,852,FUNC,GLOBAL,2
SLUS_204.69,CharStatus,0x4dae94,4,OBJECT,GLOBAL,12
SLUS_204.69,RssdWork,0x4aa080,512,OBJECT,GLOBAL,5
SLUS_204.69,tskUmnManzaiWin,0xa04388,1084,FUNC,GLOBAL,1
SLUS_204.69,MIF2_font,0x25c680,100,FUNC,GLOBAL,2
SLUS_204.69,MSG_init,0x25b118,8,FUNC,GLOBAL,2
SLUS_204.69,RssdRequestCall,0x2412b0,32,FUNC,GLOBAL,2
SLUS_204.69,xglSoundSendEffect,0x225db0,72,FUNC,GLOBAL,2
SLUS_204.69,ACT_initMTNResource,0x307c38,8,FUNC,GLOBAL,2
SLUS_204.69,CallMethod,0x261b58,204,FUNC,GLOBAL,2
SLUS_204.69,GameMovieMain,0x2502d0,192,FUNC,GLOBAL,2
SLUS_204.69,Java_xeno_util_Toolkit_loadResource__Ljava_lang_Object_Ljava_lang_Object_I,0x2f9d90,284,FUNC,GLOBAL,2
SLUS_204.69,SsdSetCDVolume,0x240550,68,FUNC,GLOBAL,2
SLUS_204.69,strcmp,0x32fa74,324,FUNC,GLOBAL,2
SLUS_204.69,GameStateSave,0x243278,120,FUNC,GLOBAL,2
SLUS_204.69,eTagFontSet,0x2775e0,36,FUNC,GLOBAL,2
SLUS_204.69,NewVu1LightTexSpecEnvBackStrip,0xd28,0,NOTYPE,GLOBAL,28
SLUS_204.69,DB_evtMonitor,0x2640f0,1816,FUNC,GLOBAL,2
SLUS_204.69,xglMoviePlay,0x2212e8,1756,FUNC,GLOBAL,2
SLUS_204.69,eBattleWinOpen4,0x2826f0,224,FUNC,GLOBAL,2
SLUS_204.69,srsSetLoadMode,0x2e84c0,8,FUNC,GLOBAL,2
SLUS_204.69,map_ex_text,0x4dad10,4,OBJECT,GLOBAL,12
SLUS_204.69,GameLoopState,0x338680,172080,OBJECT,GLOBAL,5
SLUS_204.69,MenuBibrationPad,0x4da877,1,OBJECT,GLOBAL,12
SLUS_204.69,ACT_setParent,0x3067a8,352,FUNC,GLOBAL,2
SLUS_204.69,NewVu1GsKickWide,0x28,0,NOTYPE,GLOBAL,20
SLUS_204.69,Java_xeno_Chr_mtn__IIIIIFZ,0x2fe808,44,FUNC,GLOBAL,2
SLUS_204.69,__DTOR_LIST__,0x4ade5c,0,OBJECT,GLOBAL,7
SLUS_204.69,Java_xeno_PlayControl_start__,0x2fa4e0,20,FUNC,GLOBAL,2
SLUS_204.69,MenuEquipStealMaskCheck,0x28e6c0,36,FUNC,GLOBAL,2
SLUS_204.69,sceSifGetDataTable,0x202790,12,FUNC,GLOBAL,2
SLUS_204.69,sefFreeScheduler,0x2e51a8,272,FUNC,GLOBAL,2
SLUS_204.69,SsdSetTrackPatchSet,0x241860,80,FUNC,GLOBAL,2
SLUS_204.69,Java_xeno_util_Runtime_mpeg2AfterCrossFade__I,0x2f8370,32,FUNC,GLOBAL,2
SLUS_204.69,ACT_DrawShadow,0x31a098,236,FUNC,GLOBAL,2
SLUS_204.69,nmlPacketClrModelCache,0x237d88,20,FUNC,GLOBAL,2
SLUS_204.69,UmnChangeTopLevel,0xa024d8,84,FUNC,GLOBAL,1
SLUS_204.69,sefDrawEffect,0x2e71d0,76,FUNC,GLOBAL,2
SLUS_204.69,classFloat,0x4dc7d0,4,OBJECT,GLOBAL,13
SLUS_204.69,title_dummy_table,0xa0f728,84,OBJECT,GLOBAL,1
SLUS_204.69,SsdDisposeWaveBank,0x240920,68,FUNC,GLOBAL,2
SLUS_204.69,EtherTreeObjectP,0x4db690,4,OBJECT,GLOBAL,12
SLUS_204.69,sceMpegGetDecodeMode,0x216fb8,32,FUNC,GLOBAL,2
SLUS_204.69,SsdCheckPlayEffectAll,0x240f40,64,FUNC,GLOBAL,2
SLUS_204.69,sceVif1PkOpenDirectCode,0x20af28,88,FUNC,GLOBAL,2
SLUS_204.69,SsdPlaySequence,0x2412d0,88,FUNC,GLOBAL,2
SLUS_204.69,MenuAgwsListMake_Gun,0x29afe0,284,FUNC,GLOBAL,2
SLUS_204.69,nmlPacketAddGsAlpha1,0x239e20,48,FUNC,GLOBAL,2
SLUS_204.69,SsdResetSegmentAllocMode,0x2408d8,68,FUNC,GLOBAL,2
SLUS_204.69,MenuTairetuLoad,0x275560,260,FUNC,GLOBAL,2
SLUS_204.69,SCENE_dispose,0x25a6b8,32,FUNC,GLOBAL,2
SLUS_204.69,MenuSortCheck,0x2907f0,68,FUNC,GLOBAL,2
SLUS_204.69,eBattleWinMain4,0x2827d0,192,FUNC,GLOBAL,2
SLUS_204.69,MSG_queueGetInfo,0x25b3f0,660,FUNC,GLOBAL,2
SLUS_204.69,iPollSema,0x200580,16,FUNC,GLOBAL,2
SLUS_204.69,UmnEventTextNumberGet,0xa0eb28,136,FUNC,GLOBAL,1
SLUS_204.69,sceMcGetEntSpace,0x210088,280,FUNC,GLOBAL,2
SLUS_204.69,xglCdStreamReadRing,0x21ea60,120,FUNC,GLOBAL,2
SLUS_204.69,copysign,0x329eb0,68,FUNC,GLOBAL,2
SLUS_204.69,xglPacketSend,0x22c520,52,FUNC,GLOBAL,2
SLUS_204.69,classJava_xeno_Effect,0x4dc7d4,4,OBJECT,GLOBAL,13
SLUS_204.69,MapGetName,0x246778,128,FUNC,GLOBAL,2
SLUS_204.69,UmnProcuratorManzai,0xa04e80,1144,FUNC,GLOBAL,1
SLUS_204.69,sceSifLoadElf,0x2082d0,40,FUNC,GLOBAL,2
SLUS_204.69,FCV2_getKey,0x30dad0,184,FUNC,GLOBAL,2
SLUS_204.69,CrossCheckMapUnit,0x2c2d40,212,FUNC,GLOBAL,2
SLUS_204.69,sdvExecSpecial,0x2ed3d0,1072,FUNC,GLOBAL,2
SLUS_204.69,CharInfo,0x4dae80,4,OBJECT,GLOBAL,12
SLUS_204.69,UmnMain2,0xa029a8,960,FUNC,GLOBAL,1
SLUS_204.69,Java_xeno_Chr_setFilter__I,0x300250,280,FUNC,GLOBAL,2
SLUS_204.69,Enemy_Command_Motion,0x2d2d98,252,FUNC,GLOBAL,2
SLUS_204.69,__fixunsdfdi,0x32b7c0,280,FUNC,GLOBAL,2
SLUS_204.69,AgwsSelectMain,0x29ab00,892,FUNC,GLOBAL,2
SLUS_204.69,sceVif1PkOpenUpkCode,0x20ae40,144,FUNC,GLOBAL,2
SLUS_204.69,Java_xeno_Camera_getTranslateZ__,0x2fb4f0,52,FUNC,GLOBAL,2
SLUS_204.69,MenuSkillEx,0x4db66c,4,OBJECT,GLOBAL,12
SLUS_204.69,SsdSetSpuVolume,0x240508,68,FUNC,GLOBAL,2
SLUS_204.69,Java_xeno_Camera_setCFPedestal__IFFFFFFFF,0x2fc5e0,356,FUNC,GLOBAL,2
SLUS_204.69,MenuFileNameGet,0x291110,684,FUNC,GLOBAL,2
SLUS_204.69,Java_xeno_Chr_rotY__Ljava_lang_Object_FZ,0x2fe148,44,FUNC,GLOBAL,2
SLUS_204.69,Java_xeno_PlayControl_setObserver__ILjava_lang_String_Ljava_lang_Object_Ljava_lang_String_,0x2fa588,188,FUNC,GLOBAL,2
SLUS_204.69,MenuAgwsPara,0x36da70,14,OBJECT,GLOBAL,5
SLUS_204.69,UmnProcuratorMail,0xa052f8,504,FUNC,GLOBAL,1
SLUS_204.69,__deregister_frame,0x32cee0,32,FUNC,GLOBAL,2
SLUS_204.69,_hitFlag,0x4dba78,2,OBJECT,GLOBAL,12
SLUS_204.69,CallMethod_I,0x261c28,220,FUNC,GLOBAL,2
SLUS_204.69,tskUmnSimulationInfo,0xa0bd08,476,FUNC,GLOBAL,1
SLUS_204.69,Java_xeno_Unit_rotYCNS__Ljava_lang_Object_IFFF,0x301500,264,FUNC,GLOBAL,2
SLUS_204.69,nmlPacketAddTextureParam,0x2384e8,476,FUNC,GLOBAL,2
SLUS_204.69,WindowSPKeepSelect,0x284288,60,FUNC,GLOBAL,2
SLUS_204.69,sceWrite,0x204f78,704,FUNC,GLOBAL,2
SLUS_204.69,sub2ObjectLampDraw,0x2bb9c0,360,FUNC,GLOBAL,2
SLUS_204.69,xglFontInitial,0x21b620,140,FUNC,GLOBAL,2
SLUS_204.69,xglCdStreamClose,0x21eb40,224,FUNC,GLOBAL,2
SLUS_204.69,EtherTreeBlackDraw,0x2bb018,300,FUNC,GLOBAL,2
SLUS_204.69,QUAT_interpS,0x26efb8,428,FUNC,GLOBAL,2
SLUS_204.69,GameRadarInit,0x253b08,80,FUNC,GLOBAL,2
SLUS_204.69,UwamonoBgmFadeOut,0x2c3f08,204,FUNC,GLOBAL,2
SLUS_204.69,MenuModelWeaponDispose,0x27ff50,52,FUNC,GLOBAL,2
SLUS_204.69,MSG_print2,0x25b120,132,FUNC,GLOBAL,2
SLUS_204.69,Java_xeno_Effect_setForceLoop__Z,0x2fb098,136,FUNC,GLOBAL,2
SLUS_204.69,tskUmnMailFolder,0xa05f40,3948,FUNC,GLOBAL,1
SLUS_204.69,eBattleWinPageCheck4,0x2828a0,12,FUNC,GLOBAL,2
SLUS_204.69,JNT_setCurve,0x313940,16,FUNC,GLOBAL,2
SLUS_204.69,FileLoadTest,0x272be0,528,FUNC,GLOBAL,2
SLUS_204.69,copysignf,0x329ef8,60,FUNC,GLOBAL,2
SLUS_204.69,DataBuffer_getPos,0x2f5fa8,16,FUNC,GLOBAL,2
SLUS_204.69,FlagOnEvent,0x4db9a7,1,OBJECT,GLOBAL,12
SLUS_204.69,nmlModelSetRenderStatus,0x22fa98,72,FUNC,GLOBAL,2
SLUS_204.69,Java_xeno_Stage_start__ILjava_lang_Object_,0x304d70,292,FUNC,GLOBAL,2
SLUS_204.69,__swsetup,0x333d58,268,FUNC,GLOBAL,2
SLUS_204.69,EnableIntcHandler,0x2006e0,16,FUNC,GLOBAL,2
SLUS_204.69,ACT_loadResource,0x307a98,412,FUNC,GLOBAL,2
SLUS_204.69,xglMovieInfoInit,0x221a50,84,FUNC,GLOBAL,2
SLUS_204.69,atan,0x329220,1224,FUNC,GLOBAL,2
SLUS_204.69,Java_xeno_util_Runtime_setWindParam__IFFFF,0x2f81e0,180,FUNC,GLOBAL,2
SLUS_204.69,subJoutoPosSet,0x2ba4a8,348,FUNC,GLOBAL,2
SLUS_204.69,MenuAgwsCameraSet,0x29d728,160,FUNC,GLOBAL,2
SLUS_204.69,FileObjectDataNoGet,0x284568,36,FUNC,GLOBAL,2
SLUS_204.69,RFU008,0x200180,16,FUNC,GLOBAL,2
SLUS_204.69,_iRotateThreadReadyQueue,0x2003e0,16,FUNC,GLOBAL,2
SLUS_204.69,TCAMERA_rotateSPL,0x308ca8,124,FUNC,GLOBAL,2
SLUS_204.69,sprintf,0x32f5a0,144,FUNC,GLOBAL,2
SLUS_204.69,NewVu1LightTexMultiSpecEnvBackStrip2,0x34d8,0,NOTYPE,GLOBAL,33
SLUS_204.69,endDecodeJpeg,0x27ee90,76,FUNC,GLOBAL,2
SLUS_204.69,NAME_Constructor,0x4dc76c,4,OBJECT,GLOBAL,13
SLUS_204.69,MenuTecMenuMain,0x2b0558,576,FUNC,GLOBAL,2
SLUS_204.69,xglMatrixUnit,0x229b68,48,FUNC,GLOBAL,2
SLUS_204.69,svDrawScheduler2D,0x2e0c58,52,FUNC,GLOBAL,2
SLUS_204.69,Java_xeno_Unit_scale__Lxeno_util_Spline_IZ,0x302d78,384,FUNC,GLOBAL,2
SLUS_204.69,eBattleWinOpen,0x2819a8,420,FUNC,GLOBAL,2
SLUS_204.69,nmlModelSetShadowMapEntry,0x230410,28,FUNC,GLOBAL,2
SLUS_204.69,setPath,0x2dc508,56,FUNC,GLOBAL,2
SLUS_204.69,PLAY_getCurrent,0x26a630,12,FUNC,GLOBAL,2
SLUS_204.69,sceGsResetGraph,0x209410,400,FUNC,GLOBAL,2
SLUS_204.69,SEQ_moveUnitSPL,0x320170,276,FUNC,GLOBAL,2
SLUS_204.69,nmlModelSetWindow,0x22f3a8,24,FUNC,GLOBAL,2
SLUS_204.69,Java_xeno_Chr_move__Ljava_lang_Object_FZ,0x2fd2b8,44,FUNC,GLOBAL,2
SLUS_204.69,nmlModelSetMulColor,0x230000,24,FUNC,GLOBAL,2
SLUS_204.69,DrillZMoveFunc,0x2ca000,344,FUNC,GLOBAL,2
SLUS_204.69,subLine2_OpenType_1,0x2bb688,608,FUNC,GLOBAL,2
SLUS_204.69,nmlModelCalcClipNoCulling,0x23f3c0,80,FUNC,GLOBAL,2
SLUS_204.69,CalcNearCrossPointCircle,0x2c2568,296,FUNC,GLOBAL,2
SLUS_204.69,scePadSetActAlign,0x20c358,216,FUNC,GLOBAL,2
SLUS_204.69,ATTR_Exceptions,0x4dc770,4,OBJECT,GLOBAL,13
SLUS_204.69,MenuEtherListMain2,0x2ad158,1200,FUNC,GLOBAL,2
SLUS_204.69,Java_xeno_Unit_rotX__ILjava_lang_Object_Z,0x302c88,8,FUNC,GLOBAL,2
SLUS_204.69,__fixdfdi,0x3384f8,120,FUNC,GLOBAL,2
SLUS_204.69,ReferThreadStatus,0x200420,16,FUNC,GLOBAL,2
SLUS_204.69,_sysbitMarker,0x215d10,68,FUNC,GLOBAL,2
SLUS_204.69,nmlModelSetBackBuffer,0x22f340,56,FUNC,GLOBAL,2
SLUS_204.69,xglStudioGetCamera,0x22c588,40,FUNC,GLOBAL,2
SLUS_204.69,drawCircle2,0x265728,644,FUNC,GLOBAL,2
SLUS_204.69,GameSnapShotSave,0x24de50,584,FUNC,GLOBAL,2
SLUS_204.69,sceSifIsAliveIop,0x208608,40,FUNC,GLOBAL,2
SLUS_204.69,Java_xeno_Chr_getTranslate__,0x2fed08,232,FUNC,GLOBAL,2
SLUS_204.69,classDouble,0x4dc7d8,4,OBJECT,GLOBAL,13
SLUS_204.69,CheckCrossLine,0x2c8c30,156,FUNC,GLOBAL,2
SLUS_204.69,EnemyTarget,0x379100,16,OBJECT,GLOBAL,5
SLUS_204.69,MAP_loadUnitResource,0x31ede0,164,FUNC,GLOBAL,2
SLUS_204.69,eLineMain,0x277150,948,FUNC,GLOBAL,2
SLUS_204.69,UmnWorkEnd,0xa0fef0,4,OBJECT,GLOBAL,1
SLUS_204.69,atexit,0x32e058,160,FUNC,GLOBAL,2
SLUS_204.69,_sysbitInit,0x215bd0,52,FUNC,GLOBAL,2
SLUS_204.69,CancelWakeupThread,0x200470,16,FUNC,GLOBAL,2
SLUS_204.69,sceMcSetFileInfo,0x20fc80,472,FUNC,GLOBAL,2
SLUS_204.69,GameDrawSync,0x244b00,544,FUNC,GLOBAL,2
SLUS_204.69,dataAccBoxInc,0x2bcd88,28,FUNC,GLOBAL,2
SLUS_204.69,xglSoundStreamOpenPcm,0x226878,152,FUNC,GLOBAL,2
SLUS_204.69,DB_lightSave,0x2635b8,368,FUNC,GLOBAL,2
SLUS_204.69,MAP_updateUnitSpecialSymbol,0x2c74e0,640,FUNC,GLOBAL,2
SLUS_204.69,Java_xeno_util_Runtime_etherTecSet__I,0x2f8768,24,FUNC,GLOBAL,2
SLUS_204.69,PartyTimePauseStart,0x2b69b8,20,FUNC,GLOBAL,2
SLUS_204.69,_write_r,0x337cc8,96,FUNC,GLOBAL,2
SLUS_204.69,CharParameter,0x4dae98,4,OBJECT,GLOBAL,12
SLUS_204.69,SsdStartSequence,0x241410,76,FUNC,GLOBAL,2
SLUS_204.69,Vu0CallMatrixStackMulVector,0x620,0,NOTYPE,GLOBAL,19
SLUS_204.69,UmnHistoryTreeLoad,0xa0f0d8,80,FUNC,GLOBAL,1
SLUS_204.69,_b2d,0x336fe8,408,FUNC,GLOBAL,2
SLUS_204.69,NewVu1LightTexSpecEnvFaceStrip2,0x2fe8,0,NOTYPE,GLOBAL,32
SLUS_204.69,xglMemCopy16b,0x228eb0,36,FUNC,GLOBAL,2
SLUS_204.69,xglSoundSequenceStop2,0x226298,76,FUNC,GLOBAL,2
SLUS_204.69,CharExMain,0x2930d8,776,FUNC,GLOBAL,2
SLUS_204.69,OptMntToPosEquip2,0x28f990,116,FUNC,GLOBAL,2
SLUS_204.69,GamePushSaveDataUser,0x243320,820,FUNC,GLOBAL,2
SLUS_204.69,_initSeq,0x217bc0,680,FUNC,GLOBAL,2
SLUS_204.69,nmlPacketSetCurrent,0x239a08,32,FUNC,GLOBAL,2
SLUS_204.69,instanceOf,0x2f5700,372,FUNC,GLOBAL,2
SLUS_204.69,SCRIPT_sceneChangeTimeSet,0x2611c8,8,FUNC,GLOBAL,2
SLUS_204.69,setlocale,0x336178,36,FUNC,GLOBAL,2
SLUS_204.69,Java_xeno_util_Input_getButton__,0x2f6ad0,124,FUNC,GLOBAL,2
SLUS_204.69,scGetRegScript,0x2ea4e0,80,FUNC,GLOBAL,2
SLUS_204.69,xglSoundStreamMute,0x226c10,148,FUNC,GLOBAL,2
SLUS_204.69,xglMatrixStackRotV,0x22a4a8,40,FUNC,GLOBAL,2
SLUS_204.69,subMWControlType00,0x283528,380,FUNC,GLOBAL,2
SLUS_204.69,ChangeThreadPriority,0x2003b0,16,FUNC,GLOBAL,2
SLUS_204.69,Java_xeno_util_Toolkit_getPeer__Ljava_lang_Object_,0x2f8c20,260,FUNC,GLOBAL,2
SLUS_204.69,MMathDivVector,0x2ef6a0,64,FUNC,GLOBAL,2
SLUS_204.69,newClass,0x2f4860,56,FUNC,GLOBAL,2
SLUS_204.69,JC_setParent2,0x3166d8,1768,FUNC,GLOBAL,2
SLUS_204.69,MMathCalcLength,0x2ef2e0,44,FUNC,GLOBAL,2
SLUS_204.69,MenuTopCommandCheck,0x277608,32,FUNC,GLOBAL,2
SLUS_204.69,_sceFs_q,0x4aa2b8,128,OBJECT,GLOBAL,5
SLUS_204.69,sceCdStInit,0x20e508,44,FUNC,GLOBAL,2
SLUS_204.69,MenuBibrationSet,0x275218,20,FUNC,GLOBAL,2
SLUS_204.69,Java_xeno_util_Format_toInt__Ljava_lang_String_,0x2f6830,8,FUNC,GLOBAL,2
SLUS_204.69,GameSnapShotCheck,0x24dac0,8,FUNC,GLOBAL,2
SLUS_204.69,subTreeLineDraw,0x2bbdf8,440,FUNC,GLOBAL,2
SLUS_204.69,sceCdStatus,0x20e058,184,FUNC,GLOBAL,2
SLUS_204.69,Java_xeno_Chr_look_eye_set__FF,0x300cb8,160,FUNC,GLOBAL,2
SLUS_204.69,Set_Shadow,0x2d28f0,344,FUNC,GLOBAL,2
SLUS_204.69,SetGsCrt,0x200120,16,FUNC,GLOBAL,2
SLUS_204.69,PartyTimeInit,0x2b68c0,40,FUNC,GLOBAL,2
SLUS_204.69,MenuShopModelDisp,0x2a2188,280,FUNC,GLOBAL,2
SLUS_204.69,Java_xeno_Chr_rotY__IFZ,0x2fe0e8,44,FUNC,GLOBAL,2
SLUS_204.69,DebDispEvtItem,0x2c7c40,424,FUNC,GLOBAL,2
SLUS_204.69,subParentChildSet,0x2ba0a8,176,FUNC,GLOBAL,2
SLUS_204.69,classLong,0x4dc7dc,4,OBJECT,GLOBAL,13
SLUS_204.69,JNT_constructMatrix,0x30f938,4820,FUNC,GLOBAL,2
SLUS_204.69,Java_xeno_Chr_hairStop__II,0x301010,104,FUNC,GLOBAL,2
SLUS_204.69,_waitIpuIdle,0x213700,164,FUNC,GLOBAL,2
SLUS_204.69,sceSetBrokenLink,0x2171b8,16,FUNC,GLOBAL,2
SLUS_204.69,SsdSetSamplingEffect,0x241260,76,FUNC,GLOBAL,2
SLUS_204.69,EvtItemTbl,0x370bb0,32640,OBJECT,GLOBAL,5
SLUS_204.69,NewVu1LightTexAddEnvFaceStrip1,0x1c00,0,NOTYPE,GLOBAL,47
SLUS_204.69,_sequenceDisplayExtension,0x218150,140,FUNC,GLOBAL,2
SLUS_204.69,MenuFontLoad,0x275160,80,FUNC,GLOBAL,2
SLUS_204.69,_impure_ptr,0x4ad9e8,4,OBJECT,GLOBAL,5
SLUS_204.69,MIF2_label,0x25c718,92,FUNC,GLOBAL,2
SLUS_204.69,Interrupt2Iop,0x2001c0,16,FUNC,GLOBAL,2
SLUS_204.69,Check_Actor,0x2d6aa8,436,FUNC,GLOBAL,2
SLUS_204.69,xglSoundStreamOpenVagMultiParam,0x2269e8,248,FUNC,GLOBAL,2
SLUS_204.69,CrossCheckMapUnitCircle,0x2c2fa0,360,FUNC,GLOBAL,2
SLUS_204.69,AgwsListMain,0x29b378,1340,FUNC,GLOBAL,2
SLUS_204.69,SCENE_instance,0x25a210,1192,FUNC,GLOBAL,2
SLUS_204.69,Java_xeno_Chr_setFlags__I,0x2ffda0,88,FUNC,GLOBAL,2
SLUS_204.69,Java_xeno_util_Runtime_setIdLightDir__IIFFF,0x2f8100,112,FUNC,GLOBAL,2
SLUS_204.69,MAP_updateUnitMPack,0x3208e0,116,FUNC,GLOBAL,2
SLUS_204.69,SsdDisposeMemoryPtr,0x242380,44,FUNC,GLOBAL,2
SLUS_204.69,scalbn,0x329938,484,FUNC,GLOBAL,2
SLUS_204.69,SEQ_setRotY2Player,0x30a438,120,FUNC,GLOBAL,2
SLUS_204.69,xglRenderDispOff,0x22d7b8,28,FUNC,GLOBAL,2
SLUS_204.69,BW3BattleOrDataBase,0x4da9dc,4,OBJECT,GLOBAL,12
SLUS_204.69,sceMpegAddBs,0x216e98,36,FUNC,GLOBAL,2
SLUS_204.69,xglTaskEntryPrev,0x21c5c0,116,FUNC,GLOBAL,2
SLUS_204.69,MSG_queuePop,0x25b688,1004,FUNC,GLOBAL,2
SLUS_204.69,iGsPutIMR,0x200870,16,FUNC,GLOBAL,2
SLUS_204.69,DebDispItemBox,0x2c7de8,600,FUNC,GLOBAL,2
SLUS_204.69,Java_xeno_Chr_look_unit__Ljava_lang_Object_,0x300b00,156,FUNC,GLOBAL,2
SLUS_204.69,Java_xeno_Chr_setHand__I,0x2fef50,92,FUNC,GLOBAL,2
SLUS_204.69,Java_xeno_util_Runtime_getPartyData__I,0x2f7c50,124,FUNC,GLOBAL,2
SLUS_204.69,xheap_current_clear,0x2f1b58,68,FUNC,GLOBAL,2
SLUS_204.69,HitCheckMapUnitWithNyuru,0x2bffe8,576,FUNC,GLOBAL,2
SLUS_204.69,Java_xeno_Effect_getScale__,0x2fa830,148,FUNC,GLOBAL,2
SLUS_204.69,atan2f,0x3240c8,20,FUNC,GLOBAL,2
SLUS_204.69,SCRIPT_incCfTime,0x261298,16,FUNC,GLOBAL,2
SLUS_204.69,SsdSetVagStreamDataMono,0x241db8,84,FUNC,GLOBAL,2
SLUS_204.69,Enemy_Damage_Electric,0x2cb8f0,144,FUNC,GLOBAL,2
SLUS_204.69,MenuTecPasMain,0x2afa60,792,FUNC,GLOBAL,2
SLUS_204.69,MenuSaveDataGet,0x28e658,12,FUNC,GLOBAL,2
SLUS_204.69,HitCheckNyuru,0x2c0ff0,244,FUNC,GLOBAL,2
SLUS_204.69,UmnMailFolderSet,0xa087a0,684,FUNC,GLOBAL,1
SLUS_204.69,xglFlagsSet4,0x222978,28,FUNC,GLOBAL,2
SLUS_204.69,EtherTreeInit,0x2bc580,104,FUNC,GLOBAL,2
SLUS_204.69,MenuModelResourceRequest,0x27fba0,76,FUNC,GLOBAL,2
SLUS_204.69,sceSifWriteBackDCache,0x202dc0,176,FUNC,GLOBAL,2
SLUS_204.69,FileSlotNameGet,0x285320,24,FUNC,GLOBAL,2
SLUS_204.69,xglMpeg2Close,0x2226d0,120,FUNC,GLOBAL,2
SLUS_204.69,ExecPS2,0x209308,92,FUNC,GLOBAL,2
SLUS_204.69,sceSifInitCmd,0x2027a0,640,FUNC,GLOBAL,2
SLUS_204.69,classString,0x4dc7e0,4,OBJECT,GLOBAL,13
SLUS_204.69,classJava_xeno_Light,0x4dc7e4,4,OBJECT,GLOBAL,13
SLUS_204.69,menutbl,0x490e60,2048,OBJECT,GLOBAL,5
SLUS_204.69,debug_flag,0x4da850,4,OBJECT,GLOBAL,12
SLUS_204.69,MenuSystemPasMain,0x2b4128,608,FUNC,GLOBAL,2
SLUS_204.69,NewVu1VertcolTexIndexFaceStrip,0x11e0,0,NOTYPE,GLOBAL,22
SLUS_204.69,Java_xeno_Chr_relax__II,0x2ffd00,52,FUNC,GLOBAL,2
SLUS_204.69,sefCreateParticle,0x2e4078,1312,FUNC,GLOBAL,2
SLUS_204.69,EXM_SetWindStruct,0x31ece0,8,FUNC,GLOBAL,2
SLUS_204.69,Java_xeno_Unit_setShadow__II,0x304a68,96,FUNC,GLOBAL,2
SLUS_204.69,MSG_dump,0x25b320,116,FUNC,GLOBAL,2
SLUS_204.69,isnan,0x337648,60,FUNC,GLOBAL,2
SLUS_204.69,AutoDoorOpenFuncSub,0x2c4e58,108,FUNC,GLOBAL,2
SLUS_204.69,SCRIPT_execEntered,0x261a78,220,FUNC,GLOBAL,2
SLUS_204.69,xglMatrixStackFrustum,0x22a548,72,FUNC,GLOBAL,2
SLUS_204.69,sceVif1PkInit,0x20ac68,16,FUNC,GLOBAL,2
SLUS_204.69,MenuBackRgba,0x4da868,4,OBJECT,GLOBAL,12
SLUS_204.69,dataMoneyBoxChk,0x2bce28,20,FUNC,GLOBAL,2
SLUS_204.69,Java_xeno_vm_Math_cos__F,0x2f66a8,44,FUNC,GLOBAL,2
SLUS_204.69,Vu0CallMatrixStackMul,0x130,0,NOTYPE,GLOBAL,19
SLUS_204.69,RemoveDmacHandler,0x200250,16,FUNC,GLOBAL,2
SLUS_204.69,TSLIDER_init,0x25ff50,88,FUNC,GLOBAL,2
SLUS_204.69,iSetTLBEntry,0x2089e0,16,FUNC,GLOBAL,2
SLUS_204.69,SsdCheckPlayEffect,0x240f80,72,FUNC,GLOBAL,2
SLUS_204.69,MenuModelInit,0x2818a8,84,FUNC,GLOBAL,2
SLUS_204.69,sresLoadCfMemory,0x2e8de8,120,FUNC,GLOBAL,2
SLUS_204.69,kputs,0x201868,36,FUNC,GLOBAL,2
SLUS_204.69,nmlPacketSetAttributeData16N,0x238f50,112,FUNC,GLOBAL,2
SLUS_204.69,MenuCharEquipCalcPointGet,0x291e70,320,FUNC,GLOBAL,2
SLUS_204.69,dataEvtBoxInc,0x2bcde8,28,FUNC,GLOBAL,2
SLUS_204.69,Intermission,0x2542d8,476,FUNC,GLOBAL,2
SLUS_204.69,SsdSetSampleKeyoffCallback,0x2410b8,20,FUNC,GLOBAL,2
SLUS_204.69,Java_xeno_Chr_sclY__IFZ,0x2ff9e8,44,FUNC,GLOBAL,2
SLUS_204.69,_nextBit,0x213bc8,336,FUNC,GLOBAL,2
SLUS_204.69,_dualPrimeVector,0x212730,388,FUNC,GLOBAL,2
SLUS_204.69,STRING_toUInt,0x25d618,72,FUNC,GLOBAL,2
SLUS_204.69,Java_xeno_Unit_setVisible__Z,0x303950,128,FUNC,GLOBAL,2
SLUS_204.69,MenuSkillMenu,0x4db668,4,OBJECT,GLOBAL,12
SLUS_204.69,iEnableDmac,0x2011d0,32,FUNC,GLOBAL,2
SLUS_204.69,sefCreateEffect,0x2e7570,172,FUNC,GLOBAL,2
SLUS_204.69,nmlModelSetTexMap,0x22f5d8,164,FUNC,GLOBAL,2
SLUS_204.69,AgwsNameMain,0x29c630,3424,FUNC,GLOBAL,2
SLUS_204.69,Java_xeno_Unit_initElevatorFunc__,0x3047b0,148,FUNC,GLOBAL,2
SLUS_204.69,xglCameraMoveOffset,0x22c120,68,FUNC,GLOBAL,2
SLUS_204.69,Java_xeno_Chr_setVisible__Z,0x2fedf0,128,FUNC,GLOBAL,2
SLUS_204.69,UwamonoBgmFunc,0x2c3e30,216,FUNC,GLOBAL,2
SLUS_204.69,xglTimer0Reset,0x2184b8,32,FUNC,GLOBAL,2
SLUS_204.69,JNT_getRootRotate,0x313d40,24,FUNC,GLOBAL,2
SLUS_204.69,MenuTecListMake00_2,0x2b3028,272,FUNC,GLOBAL,2
SLUS_204.69,nmlPacketAddGsFBA1,0x239ef0,60,FUNC,GLOBAL,2
SLUS_204.69,MenuShopSortSet,0x2a36d0,456,FUNC,GLOBAL,2
SLUS_204.69,_nextStartCode,0x213d18,124,FUNC,GLOBAL,2
SLUS_204.69,Java_xeno_Unit_transCNS__Ljava_lang_Object_IFFF,0x301608,264,FUNC,GLOBAL,2
SLUS_204.69,mefCamParams,0x43af40,80,OBJECT,GLOBAL,5
SLUS_204.69,eMessageDrawType01,0x27aed8,2984,FUNC,GLOBAL,2
SLUS_204.69,AdrsEnemySpline,0x4db828,4,OBJECT,GLOBAL,12
SLUS_204.69,MMathSpecialVectorSub,0x2ef850,76,FUNC,GLOBAL,2
SLUS_204.69,MenuModelControl,0x2807b8,264,FUNC,GLOBAL,2
SLUS_204.69,sceGetstat,0x206238,416,FUNC,GLOBAL,2
SLUS_204.69,classes,0x4dc734,4,OBJECT,GLOBAL,13
SLUS_204.69,scePadStateIntToStr,0x20bd40,52,FUNC,GLOBAL,2
SLUS_204.69,SkillCharPointPlus,0x2b6a90,260,FUNC,GLOBAL,2
SLUS_204.69,UNIT_motion,0x302a10,440,FUNC,GLOBAL,2
SLUS_204.69,sceVif1PkAddGsPacked,0x20b568,20,FUNC,GLOBAL,2
SLUS_204.69,ACT_info,0x30b6b0,44,FUNC,GLOBAL,2
SLUS_204.69,EventCheck_Circle_Button,0x2d62b0,88,FUNC,GLOBAL,2
SLUS_204.69,InitMapKoware,0x2beba8,380,FUNC,GLOBAL,2
SLUS_204.69,AgwsSwitch,0x4db01c,4,OBJECT,GLOBAL,12
SLUS_204.69,MenuItem,0x28d9d0,3208,FUNC,GLOBAL,2
SLUS_204.69,_defRestartDMA,0x218230,12,FUNC,GLOBAL,2
SLUS_204.69,_InitSys,0x209140,60,FUNC,GLOBAL,2
SLUS_204.69,xglSoundWaitDma,0x225a58,24,FUNC,GLOBAL,2
SLUS_204.69,xglCameraClipRangeDefault,0x22c250,20,FUNC,GLOBAL,2
SLUS_204.69,xglPrimAddLineStripN,0x222fd0,724,FUNC,GLOBAL,2
SLUS_204.69,classJava_xeno_util_Menu,0x4dc7e8,4,OBJECT,GLOBAL,13
SLUS_204.69,nmlModelSetMapLastInit,0x2304a8,8,FUNC,GLOBAL,2
SLUS_204.69,_nowEvent,0x4dbb54,4,OBJECT,GLOBAL,12
SLUS_204.69,Java_xeno_Chr_rotate__Lxeno_util_Spline_IZ,0x2fd480,392,FUNC,GLOBAL,2
SLUS_204.69,Java_xeno_vm_Thread_setTarget__Ljava_lang_Object_Ljava_lang_String_,0x2f6588,120,FUNC,GLOBAL,2
SLUS_204.69,nmlModelSetMapClip,0x22e770,20,FUNC,GLOBAL,2
SLUS_204.69,subSeisanItemCheck,0x2a14b8,8,FUNC,GLOBAL,2
SLUS_204.69,nmlPacketAddGsFlush,0x236658,372,FUNC,GLOBAL,2
SLUS_204.69,ResetEE,0x200110,16,FUNC,GLOBAL,2
SLUS_204.69,Get_One_Step,0x2d7ae0,148,FUNC,GLOBAL,2
SLUS_204.69,MenuAgws,0x29dc50,6124,FUNC,GLOBAL,2
SLUS_204.69,sceSifLoadIopHeap,0x207678,240,FUNC,GLOBAL,2
SLUS_204.69,svLoadTexture,0x2dde58,224,FUNC,GLOBAL,2
SLUS_204.69,ACT_init,0x305af8,472,FUNC,GLOBAL,2
SLUS_204.69,JNT_setMDLMatrix,0x313950,320,FUNC,GLOBAL,2
SLUS_204.69,isceSifDmaStat,0x2008d0,16,FUNC,GLOBAL,2
SLUS_204.69,MenuTecSortSet00,0x2b2db8,264,FUNC,GLOBAL,2
SLUS_204.69,Java_xeno_Unit_getAxis__Lxeno_util_Vector4f_,0x304600,168,FUNC,GLOBAL,2
SLUS_204.69,dptoli,0x32c418,156,FUNC,GLOBAL,2
SLUS_204.69,xglCullingMapDebug,0x23ef48,8,FUNC,GLOBAL,2
SLUS_204.69,xglSoundSequenceStop,0x2262e8,24,FUNC,GLOBAL,2
SLUS_204.69,SsdSetVagStreamVolume,0x241f70,76,FUNC,GLOBAL,2
SLUS_204.69,Java_xeno_util_Runtime_setEventTimer__Ljava_lang_String_I,0x2f7848,36,FUNC,GLOBAL,2
SLUS_204.69,svDeleteImageMapper,0x2de7b0,52,FUNC,GLOBAL,2
SLUS_204.69,xglStudioChange,0x22c558,28,FUNC,GLOBAL,2
SLUS_204.69,subSeisanMain,0x2a15c0,768,FUNC,GLOBAL,2
SLUS_204.69,eMessageHalfSpaseCheck,0x27ac88,60,FUNC,GLOBAL,2
SLUS_204.69,HitCheckBoxTest,0x2c0a80,1392,FUNC,GLOBAL,2
SLUS_204.69,MenuModelAlphaDraw,0x280018,84,FUNC,GLOBAL,2
SLUS_204.69,MIF2_wait,0x25c810,56,FUNC,GLOBAL,2
SLUS_204.69,TSLIDER_updateDefault,0x25ffa8,548,FUNC,GLOBAL,2
SLUS_204.69,sefSetupEnemy,0x2e6da8,276,FUNC,GLOBAL,2
SLUS_204.69,sceMcClose,0x20eeb8,180,FUNC,GLOBAL,2
SLUS_204.69,SignalSema,0x200540,16,FUNC,GLOBAL,2
SLUS_204.69,NewVu1AddLightTexMultiSpecFaceStrip,0x2198,0,NOTYPE,GLOBAL,43
SLUS_204.69,xglCdSetCallback,0x21d6e0,88,FUNC,GLOBAL,2
SLUS_204.69,MenuBulletCheck2,0x2902d8,124,FUNC,GLOBAL,2
SLUS_204.69,Java_xeno_Unit_sclZ__IFZ,0x303618,44,FUNC,GLOBAL,2
SLUS_204.69,FileExistCheckWork,0x4daaa8,4,OBJECT,GLOBAL,12
SLUS_204.69,LoadMap,0x25ab90,144,FUNC,GLOBAL,2
SLUS_204.69,SsdNewMemoryPtr2,0x242230,72,FUNC,GLOBAL,2
SLUS_204.69,sdvKillAlter,0x2ee168,100,FUNC,GLOBAL,2
SLUS_204.69,classJava_xeno_util_Toolkit,0x4dc7ec,4,OBJECT,GLOBAL,13
SLUS_204.69,xglStudioSelectGetActiveCamera,0x22c5f8,80,FUNC,GLOBAL,2
SLUS_204.69,sinf,0x323ed8,232,FUNC,GLOBAL,2
SLUS_204.69,drawVector4S,0x265c00,688,FUNC,GLOBAL,2
SLUS_204.69,Java_xeno_util_Runtime_setLockParty__I,0x2f7ea0,36,FUNC,GLOBAL,2
SLUS_204.69,GameCfPlayerLoadResource,0x249f78,1024,FUNC,GLOBAL,2
SLUS_204.69,Check_Undu,0x2d8a68,352,FUNC,GLOBAL,2
SLUS_204.69,endPrintExtFunc,0x27ec28,112,FUNC,GLOBAL,2
SLUS_204.69,TWIN_dispose,0x25dee0,100,FUNC,GLOBAL,2
SLUS_204.69,sceCdMmode,0x20dba0,196,FUNC,GLOBAL,2
SLUS_204.69,nmlModelEntryEffect,0x233980,1108,FUNC,GLOBAL,2
SLUS_204.69,BW_item,0x4da9e4,4,OBJECT,GLOBAL,12
SLUS_204.69,nmlPacketAddParts,0x237ee8,1532,FUNC,GLOBAL,2
SLUS_204.69,SGsSendPacket,0x2deb00,156,FUNC,GLOBAL,2
SLUS_204.69,xglDmaMFIFOLeave,0x21b9e0,124,FUNC,GLOBAL,2
SLUS_204.69,xglTaskWaitRemove,0x21c718,20,FUNC,GLOBAL,2
SLUS_204.69,FileObjectDataClear,0x284590,108,FUNC,GLOBAL,2
SLUS_204.69,VSync,0x2009b0,144,FUNC,GLOBAL,2
SLUS_204.69,F2I,0x22ab98,32,FUNC,GLOBAL,2
SLUS_204.69,MMathRotateMatrixX,0x2ef8a0,100,FUNC,GLOBAL,2
SLUS_204.69,nmlPacketAddPixelTestPacket,0x237030,268,FUNC,GLOBAL,2
SLUS_204.69,Java_xeno_Chr_childGetPeer__II,0x300838,184,FUNC,GLOBAL,2
SLUS_204.69,nmlPacketAddWaitMicrocode,0x237140,52,FUNC,GLOBAL,2
SLUS_204.69,JNT_setFCurve2,0x313cb0,116,FUNC,GLOBAL,2
SLUS_204.69,numPrimitive,0x4dc738,4,OBJECT,GLOBAL,13
SLUS_204.69,MAP_drawUnitAt,0x31f150,836,FUNC,GLOBAL,2
SLUS_204.69,SGsAddGifXYZ2,0x2e0ec8,112,FUNC,GLOBAL,2
SLUS_204.69,CUR_MATRIX_Get,0x26f2a0,20,FUNC,GLOBAL,2
SLUS_204.69,Get_HeightAttr,0x2d87d0,148,FUNC,GLOBAL,2
SLUS_204.69,MenuEtherStatusMain2,0x2abf98,2960,FUNC,GLOBAL,2
SLUS_204.69,dummy_func,0x25a1d8,56,FUNC,GLOBAL,2
SLUS_204.69,classJava_xeno_Stage,0x4dc7f0,4,OBJECT,GLOBAL,13
SLUS_204.69,EtherTreeWorkClear,0x2ba7c0,96,FUNC,GLOBAL,2
SLUS_204.69,sefLoadMemoryEffectCf,0x2e77c0,32,FUNC,GLOBAL,2
SLUS_204.69,dataBltBoxDec,0x2bcd48,28,FUNC,GLOBAL,2
SLUS_204.69,Java_xeno_util_Runtime_addGold__I,0x2f7b00,44,FUNC,GLOBAL,2
SLUS_204.69,ItaiTest,0x2dc3f0,32,FUNC,GLOBAL,2
SLUS_204.69,sceCdStStop,0x20e5d0,56,FUNC,GLOBAL,2
SLUS_204.69,Java_xeno_vm_System_println__Ljava_lang_String_,0x2f6258,340,FUNC,GLOBAL,2
SLUS_204.69,nmlPacketAddGsFrame,0x23a048,108,FUNC,GLOBAL,2
SLUS_204.69,HitCheckUwamonoAt,0x2c4250,188,FUNC,GLOBAL,2
SLUS_204.69,sceMcWrite,0x20f1f8,380,FUNC,GLOBAL,2
SLUS_204.69,NewVu1LightTexAddEnvStrip2,0x2a98,0,NOTYPE,GLOBAL,49
SLUS_204.69,Java_xeno_Stage_setPartsLast__I,0x304f70,60,FUNC,GLOBAL,2
SLUS_204.69,Java_xeno_Chr_shadow_map_reset__,0x300fc0,80,FUNC,GLOBAL,2
SLUS_204.69,SGsInitGifPacket,0x2e0dc0,28,FUNC,GLOBAL,2
SLUS_204.69,Disp_Homing,0x2d20c8,2088,FUNC,GLOBAL,2
SLUS_204.69,sceSifLoadStartModuleBuffer,0x207f20,28,FUNC,GLOBAL,2
SLUS_204.69,MAP_callUnitGroup,0x320858,132,FUNC,GLOBAL,2
SLUS_204.69,Java_xeno_Chr_renderCommand__I,0x300e78,96,FUNC,GLOBAL,2
SLUS_204.69,Java_xeno_Light_setGlobalPointLightPos__IFFF,0x2fcc98,60,FUNC,GLOBAL,2
SLUS_204.69,ShopTest,0x26f908,1248,FUNC,GLOBAL,2
SLUS_204.69,SCRIPT_setEventActiveFlag,0x261218,12,FUNC,GLOBAL,2
SLUS_204.69,CheckDoorDist,0x2c5768,104,FUNC,GLOBAL,2
SLUS_204.69,Java_xeno_Camera_viewCNS__Ljava_lang_Object_FFF,0x2fba30,256,FUNC,GLOBAL,2
SLUS_204.69,scGetTableAdrImmIdx,0x2ea640,84,FUNC,GLOBAL,2
SLUS_204.69,unitSequence,0x486d20,38912,OBJECT,GLOBAL,5
SLUS_204.69,NewVu1VertcolTexIndexBackStrip,0x1320,0,NOTYPE,GLOBAL,22
SLUS_204.69,MAP_updateUnitDefault,0x320a80,144,FUNC,GLOBAL,2
SLUS_204.69,GamePauseDispBG,0x246308,56,FUNC,GLOBAL,2
SLUS_204.69,LOOK_target_init,0x3172c8,8,FUNC,GLOBAL,2
SLUS_204.69,UmnEventTextMessageMake,0xa0ebf0,236,FUNC,GLOBAL,1
SLUS_204.69,JTHREAD_defaultChr,0x305510,196,FUNC,GLOBAL,2
SLUS_204.69,scGetNumScript,0x2ea488,88,FUNC,GLOBAL,2
SLUS_204.69,xglVectorInner,0x229660,60,FUNC,GLOBAL,2
SLUS_204.69,sefLoadMemoryEffectCfName,0x2e77e0,80,FUNC,GLOBAL,2
SLUS_204.69,NewVu1LightTexSpecEnvStrip1,0x1a88,0,NOTYPE,GLOBAL,30
SLUS_204.69,sefCalcRotTransSMatrix,0x2e1270,108,FUNC,GLOBAL,2
SLUS_204.69,SsdPlayPcmStream,0x241a60,72,FUNC,GLOBAL,2
SLUS_204.69,sefCreateReactionEffect,0x2e5938,448,FUNC,GLOBAL,2
SLUS_204.69,xtxres_tbl,0x36df98,56,OBJECT,GLOBAL,5
SLUS_204.69,dataWpnBoxChk,0x2bcca8,28,FUNC,GLOBAL,2
SLUS_204.69,TopMenuWin,0x4da90c,4,OBJECT,GLOBAL,12
SLUS_204.69,sceSifRemoveCmdHandler,0x202ab8,40,FUNC,GLOBAL,2
SLUS_204.69,classJava_xeno_PlayControl,0x4dc7f4,4,OBJECT,GLOBAL,13
SLUS_204.69,srsLeaveCdRead,0x2e8c10,8,FUNC,GLOBAL,2
SLUS_204.69,_rix_111,0x212200,288,FUNC,GLOBAL,2
SLUS_204.69,NewVu1AddEnvGsKick,0x0,0,NOTYPE,GLOBAL,44
SLUS_204.69,PACK_getEntry,0x30dd30,264,FUNC,GLOBAL,2
SLUS_204.69,localeconv,0x3361a0,28,FUNC,GLOBAL,2
SLUS_204.69,nmlModelGetFogParaStudio,0x230268,180,FUNC,GLOBAL,2
SLUS_204.69,GameCameraStateSave,0x246a48,144,FUNC,GLOBAL,2
SLUS_204.69,_multadd,0x336508,264,FUNC,GLOBAL,2
SLUS_204.69,UmnWork,0xa10410,128,OBJECT,GLOBAL,1
SLUS_204.69,Java_xeno_Stage_clrBackBuffer__,0x305430,20,FUNC,GLOBAL,2
SLUS_204.69,sceRead,0x204d08,624,FUNC,GLOBAL,2
SLUS_204.69,UseVMFlag,0x4dc718,4,OBJECT,GLOBAL,13
SLUS_204.69,MenuCharEpCheck,0x28eb28,192,FUNC,GLOBAL,2
SLUS_204.69,RFU085_iClearEventFlag,0x200670,16,FUNC,GLOBAL,2
SLUS_204.69,MAP_updateUnitShopSymbol,0x2bfba0,60,FUNC,GLOBAL,2
SLUS_204.69,xglMemCopy2,0x228f78,36,FUNC,GLOBAL,2
SLUS_204.69,loadStaticClass,0x2f5120,140,FUNC,GLOBAL,2
SLUS_204.69,AdrsEnemy,0x4db83c,4,OBJECT,GLOBAL,12
SLUS_204.69,EtherTreeObject,0x4db68c,4,OBJECT,GLOBAL,12
SLUS_204.69,Game_Data_Pop,0x242b40,944,FUNC,GLOBAL,2
SLUS_204.69,__ieee754_sqrt,0x3264a8,796,FUNC,GLOBAL,2
SLUS_204.69,MenuSortSet,0x290838,1792,FUNC,GLOBAL,2
SLUS_204.69,xglFontPrintDirectOT,0x2191a8,80,FUNC,GLOBAL,2
SLUS_204.69,SCRIPT_debugMenu,0x263a38,584,FUNC,GLOBAL,2
SLUS_204.69,xglAsin,0x317060,136,FUNC,GLOBAL,2
SLUS_204.69,ControlEntry,0x218240,184,FUNC,GLOBAL,2
SLUS_204.69,stageVM,0x4dc71c,4,OBJECT,GLOBAL,13
SLUS_204.69,_waitIpuIdle64,0x2137a8,176,FUNC,GLOBAL,2
SLUS_204.69,SsdSetSeqMute,0x2418b0,72,FUNC,GLOBAL,2
SLUS_204.69,xglMenuDraw,0x21ce08,140,FUNC,GLOBAL,2
SLUS_204.69,Actor_LookAt_Set,0x2d2c60,100,FUNC,GLOBAL,2
SLUS_204.69,stat,0x200d20,40,FUNC,GLOBAL,2
SLUS_204.69,xglPrimAddGifTag,0x222c88,32,FUNC,GLOBAL,2
SLUS_204.69,MIF2_color,0x25c6e8,48,FUNC,GLOBAL,2
SLUS_204.69,Check_Octpus,0x2d76e8,740,FUNC,GLOBAL,2
SLUS_204.69,xglDmaInitial,0x21ba60,8,FUNC,GLOBAL,2
SLUS_204.69,nmlModelSetBackBufferClear,0x22e710,20,FUNC,GLOBAL,2
SLUS_204.69,tanf,0x323fc0,120,FUNC,GLOBAL,2
SLUS_204.69,PacketDataNewVu1EnvMicroCode,0x4b19f0,0,NOTYPE,GLOBAL,9
SLUS_204.69,sceGsExecStoreImage,0x20a538,1676,FUNC,GLOBAL,2
SLUS_204.69,Java_xeno_Unit_setCollision__Z,0x303648,124,FUNC,GLOBAL,2
SLUS_204.69,CharCategory,0x4dae84,4,OBJECT,GLOBAL,12
SLUS_204.69,__sce_sema_id,0x4aa364,4,OBJECT,GLOBAL,5
SLUS_204.69,UmnMailDispTest,0x272720,472,FUNC,GLOBAL,2
SLUS_204.69,CUR_MATRIX_Rx4s,0x26f388,52,FUNC,GLOBAL,2
SLUS_204.69,svDrawScheduler3D,0x2e0cb0,268,FUNC,GLOBAL,2
SLUS_204.69,nmlPacketDirectData,0x239978,144,FUNC,GLOBAL,2
SLUS_204.69,ppCheckWall,0x2d93b8,32,FUNC,GLOBAL,2
SLUS_204.69,CrossCheckMapUnitBox,0x2c3108,540,FUNC,GLOBAL,2
SLUS_204.69,iCpuConfig,0x2007e0,16,FUNC,GLOBAL,2
SLUS_204.69,nmlModelLexDataCheck,0x231028,224,FUNC,GLOBAL,2
SLUS_204.69,NewVu1AddGsKick,0x0,0,NOTYPE,GLOBAL,39
SLUS_204.69,sceCdGetDiskType,0x20df28,152,FUNC,GLOBAL,2
SLUS_204.69,SetTLBEntry,0x2089b0,48,FUNC,GLOBAL,2
SLUS_204.69,nmlPacketAddGsScissor,0x239e50,48,FUNC,GLOBAL,2
SLUS_204.69,DISP_on,0x25a950,112,FUNC,GLOBAL,2
SLUS_204.69,_iEnableIntc,0x2002c0,16,FUNC,GLOBAL,2
SLUS_204.69,XTK_getResourceID,0x2650f0,8,FUNC,GLOBAL,2
SLUS_204.69,nmlModelSetShadowHeight,0x22f5a0,24,FUNC,GLOBAL,2
SLUS_204.69,monster_folder,0xa10748,256,OBJECT,GLOBAL,1
SLUS_204.69,_ipuSetMPEG1,0x2124f8,40,FUNC,GLOBAL,2
SLUS_204.69,SsdSetVagStreamPitch,0x241f20,76,FUNC,GLOBAL,2
SLUS_204.69,NewVu1LightTexReflSpecEnvFaceStrip,0x1720,0,NOTYPE,GLOBAL,29
SLUS_204.69,__sce_eh_sema_id,0x4aa368,4,OBJECT,GLOBAL,5
SLUS_204.69,Vu0CallMatrixStackReverse,0x1b8,0,NOTYPE,GLOBAL,19
SLUS_204.69,sceGszbufaddr,0x209948,200,FUNC,GLOBAL,2
SLUS_204.69,CheckNearMapUnit,0x2c33c0,256,FUNC,GLOBAL,2
SLUS_204.69,TopInfo,0x4da908,4,OBJECT,GLOBAL,12
SLUS_204.69,MenuPasLengthGet,0x291930,96,FUNC,GLOBAL,2
SLUS_204.69,Java_xeno_util_Runtime_setTakeAgws__I,0x2f7fb0,36,FUNC,GLOBAL,2
SLUS_204.69,MenuEtherCapSet,0x2aa160,156,FUNC,GLOBAL,2
SLUS_204.69,__EH_FRAME_BEGIN__,0x4ade68,0,OBJECT,GLOBAL,8
SLUS_204.69,_imageMapper,0x3b2f40,370080,OBJECT,GLOBAL,5
SLUS_204.69,nmlModelSetFogDist,0x230108,60,FUNC,GLOBAL,2
SLUS_204.69,PollSema,0x200570,16,FUNC,GLOBAL,2
SLUS_204.69,RFU060,0x2004e0,16,FUNC,GLOBAL,2
SLUS_204.69,McMathUnitVector,0x4cc940,16,OBJECT,GLOBAL,10
SLUS_204.69,nmlModelSetActiveFadeInCancel,0x22ed40,20,FUNC,GLOBAL,2
SLUS_204.69,Vu0CallMatrixStackRotZ,0x460,0,NOTYPE,GLOBAL,19
SLUS_204.69,MAP_updateUnitPartsSequence2,0x320d00,1180,FUNC,GLOBAL,2
SLUS_204.69,Java_xeno_Chr_getFlags__,0x2ffd38,100,FUNC,GLOBAL,2
SLUS_204.69,xglCameraSetWindow,0x22c168,228,FUNC,GLOBAL,2
SLUS_204.69,PacketSizeNewVu1AddMicroCode,0x4b6f70,0,NOTYPE,GLOBAL,9
SLUS_204.69,dataBoxChk,0x2bcb78,48,FUNC,GLOBAL,2
SLUS_204.69,MenuModelUnitOpen,0x280e90,100,FUNC,GLOBAL,2
SLUS_204.69,MenuSkillInfo,0x4db660,4,OBJECT,GLOBAL,12
SLUS_204.69,MenuWpnMountIdChange,0x28fb38,116,FUNC,GLOBAL,2
SLUS_204.69,EtherTreeRightDraw,0x2baf08,116,FUNC,GLOBAL,2
SLUS_204.69,TCAMERA_viewSPL,0x308d28,156,FUNC,GLOBAL,2
SLUS_204.69,ANM_resetTimeInterp,0x30e4f0,484,FUNC,GLOBAL,2
SLUS_204.69,MenuEtherListMain,0x2acb28,1584,FUNC,GLOBAL,2
SLUS_204.69,Java_xeno_Camera_setRoll__F,0x2fbd20,68,FUNC,GLOBAL,2
SLUS_204.69,eBattleWinInit,0x282920,32,FUNC,GLOBAL,2
SLUS_204.69,_sceCd_ee_read_mode,0x4aba34,4,OBJECT,GLOBAL,5
SLUS_204.69,CalcVerticalVector,0x2c89d8,112,FUNC,GLOBAL,2
SLUS_204.69,SsdSetStreamEndCallback,0x2403e0,20,FUNC,GLOBAL,2
SLUS_204.69,sceSifSetRpcQueue,0x2038e0,148,FUNC,GLOBAL,2
SLUS_204.69,Sound_FootStep,0x2d0548,552,FUNC,GLOBAL,2
SLUS_204.69,xglPacketInit,0x22c458,92,FUNC,GLOBAL,2
SLUS_204.69,_sendDataToIPU,0x217988,240,FUNC,GLOBAL,2
SLUS_204.69,kprintf,0x202690,56,FUNC,GLOBAL,2
SLUS_204.69,sceCdStStart,0x20e538,52,FUNC,GLOBAL,2
SLUS_204.69,UmnProcuratorTop,0xa054f0,172,FUNC,GLOBAL,1
SLUS_204.69,sceGsSyncPath,0x209d78,788,FUNC,GLOBAL,2
SLUS_204.69,packet_gs_entry32,0x23a1d0,72,FUNC,GLOBAL,2
SLUS_204.69,FCV_getValue,0x30c6e0,572,FUNC,GLOBAL,2
SLUS_204.69,Enemy_Pause,0x2ccf98,444,FUNC,GLOBAL,2
SLUS_204.69,eBattleWinClose4,0x282890,16,FUNC,GLOBAL,2
SLUS_204.69,SEQ_rotateSPL,0x309d50,276,FUNC,GLOBAL,2
SLUS_204.69,scGetTableAdrIdx,0x2ea5e0,96,FUNC,GLOBAL,2
SLUS_204.69,NewVu1LightTexReflSpecEnvBackStrip2,0x3a30,0,NOTYPE,GLOBAL,34
SLUS_204.69,isceSifSetDChain,0x200910,16,FUNC,GLOBAL,2
SLUS_204.69,addMethod,0x2f1038,172,FUNC,GLOBAL,2
SLUS_204.69,MEfObjInit,0x2f0018,52,FUNC,GLOBAL,2
SLUS_204.69,_end,0x99d910,0,OBJECT,GLOBAL,65521
SLUS_204.69,UmnManzaiFlag,0xa104cc,4,OBJECT,GLOBAL,1
SLUS_204.69,MDL_setNameVisible,0x317da8,444,FUNC,GLOBAL,2
SLUS_204.69,xglHddMcUmount,0x227448,48,FUNC,GLOBAL,2
SLUS_204.69,sceSifAllocIopHeap,0x2074f0,112,FUNC,GLOBAL,2
SLUS_204.69,sefGetPosition,0x2e2240,64,FUNC,GLOBAL,2
SLUS_204.69,xglMemCopy4b,0x228f50,36,FUNC,GLOBAL,2
SLUS_204.69,MenuLoadSync,0x2751d0,8,FUNC,GLOBAL,2
SLUS_204.69,_pictureDisplayExtension,0x214518,244,FUNC,GLOBAL,2
SLUS_204.69,sdvScheduleCamera,0x2ed020,220,FUNC,GLOBAL,2
SLUS_204.69,JNI_callMethod,0x2f0568,192,FUNC,GLOBAL,2
SLUS_204.69,Java_xeno_Chr_sclZ__IFZ,0x2ffc58,44,FUNC,GLOBAL,2
SLUS_204.69,PartyBattleChange,0x2b5ef8,144,FUNC,GLOBAL,2
SLUS_204.69,scePadExitPressMode,0x20c650,84,FUNC,GLOBAL,2
SLUS_204.69,iEnableDmacHandler,0x200730,16,FUNC,GLOBAL,2
SLUS_204.69,eCursolSet,0x274ba8,52,FUNC,GLOBAL,2
SLUS_204.69,DataBuffer_getUByteAt,0x2f6030,20,FUNC,GLOBAL,2
SLUS_204.69,MMathCalcRotFar,0x2ef0d0,140,FUNC,GLOBAL,2
SLUS_204.69,xglFontGetSPcodeSize,0x218cc0,176,FUNC,GLOBAL,2
SLUS_204.69,svLoadMapperList,0x2de0b8,108,FUNC,GLOBAL,2
SLUS_204.69,xglSoundLoadRequestSmd,0x225fc8,464,FUNC,GLOBAL,2
SLUS_204.69,JNT_setFlags,0x313788,16,FUNC,GLOBAL,2
SLUS_204.69,srsGetEffectData,0x2e88e0,20,FUNC,GLOBAL,2
SLUS_204.69,xglCullingCheck,0x23e970,172,FUNC,GLOBAL,2
SLUS_204.69,WakeupThread,0x200450,16,FUNC,GLOBAL,2
SLUS_204.69,Java_xeno_util_Runtime_setOutFriend__I,0x2f7f28,36,FUNC,GLOBAL,2
SLUS_204.69,MenuNumberTextGet,0x28ec38,456,FUNC,GLOBAL,2
SLUS_204.69,CheckBrokenMapUnit,0x2c34c0,80,FUNC,GLOBAL,2
SLUS_204.69,TerminateThread,0x200370,16,FUNC,GLOBAL,2
SLUS_204.69,JNI_getRegister,0x2f0c48,28,FUNC,GLOBAL,2
SLUS_204.69,PartyLeaderSet,0x2b5f88,132,FUNC,GLOBAL,2
SLUS_204.69,nmlPacketSetAttributeData64N,0x238ec8,136,FUNC,GLOBAL,2
SLUS_204.69,PartyTimeDispChange,0x2b6980,52,FUNC,GLOBAL,2
SLUS_204.69,Java_xeno_Chr_setVisible__IZ,0x2fee70,96,FUNC,GLOBAL,2
SLUS_204.69,Java_xeno_Effect_setClip__Z,0x2fb190,136,FUNC,GLOBAL,2
SLUS_204.69,ChangeTopLevel,0x274d68,76,FUNC,GLOBAL,2
SLUS_204.69,nmlModelClear,0x235fc0,56,FUNC,GLOBAL,2
SLUS_204.69,AdrsEnemyQuestion,0x4db830,4,OBJECT,GLOBAL,12
SLUS_204.69,xglMpeg2InfoInit2,0x222748,252,FUNC,GLOBAL,2
SLUS_204.69,DrillClearContainer,0x2c9390,88,FUNC,GLOBAL,2
SLUS_204.69,MenuEtherTypeGet,0x2aa0a8,40,FUNC,GLOBAL,2
SLUS_204.69,Java_xeno_Chr_talkto__Ljava_lang_String_,0x300768,104,FUNC,GLOBAL,2
SLUS_204.69,xglSoundEffectStopID,0x2267b0,84,FUNC,GLOBAL,2
SLUS_204.69,MenuCharCameraSet,0x296168,428,FUNC,GLOBAL,2
SLUS_204.69,uet_flag,0xa10d10,4,OBJECT,GLOBAL,1
SLUS_204.69,MenuTecEquipCheck,0x2b2ec0,88,FUNC,GLOBAL,2
SLUS_204.69,DB_lightWrite,0x265150,484,FUNC,GLOBAL,2
SLUS_204.69,Java_xeno_Unit_mtnGetRoot__ILxeno_util_Vector4f_,0x304320,292,FUNC,GLOBAL,2
SLUS_204.69,NewVu1TexEnvStrip1,0x8b0,0,NOTYPE,GLOBAL,26
SLUS_204.69,MenuBgTaskMain,0x2754a0,68,FUNC,GLOBAL,2
SLUS_204.69,AgwsList,0x4db008,4,OBJECT,GLOBAL,12
SLUS_204.69,MMathVectorCrossProduct,0x2ef7f8,36,FUNC,GLOBAL,2
SLUS_204.69,xglVectorMulAdd,0x229088,100,FUNC,GLOBAL,2
SLUS_204.69,maptbl,0x362dd8,160,OBJECT,GLOBAL,5
SLUS_204.69,attrObserver,0x2621e8,404,FUNC,GLOBAL,2
SLUS_204.69,Java_xeno_Unit_setFilterParam__aF,0x3049d0,148,FUNC,GLOBAL,2
SLUS_204.69,HitCheckMapUnit,0x2bff28,192,FUNC,GLOBAL,2
SLUS_204.69,xglFlagsGet32,0x222b40,24,FUNC,GLOBAL,2
SLUS_204.69,Java_xeno_util_Runtime_CaptureStart__Ljava_lang_String_I,0x2f7508,36,FUNC,GLOBAL,2
SLUS_204.69,SendBrokenSignal,0x2be6e8,12,FUNC,GLOBAL,2
SLUS_204.69,tracePrint,0x2dda70,116,FUNC,GLOBAL,2
SLUS_204.69,BW3,0x4da9ec,4,OBJECT,GLOBAL,12
SLUS_204.69,g_nGsEntry,0x4dc484,4,OBJECT,GLOBAL,12
SLUS_204.69,EtherTreeToCenterSet,0x2ba9e0,16,FUNC,GLOBAL,2
SLUS_204.69,SimajiriTest,0x2dd8f8,376,FUNC,GLOBAL,2
SLUS_204.69,NewVu1LightTexReflSpecEnvBackStrip,0x1758,0,NOTYPE,GLOBAL,29
SLUS_204.69,Get_Off_Ladder,0x2cedb8,192,FUNC,GLOBAL,2
SLUS_204.69,sceCdCbfunc_num,0x4aba54,4,OBJECT,GLOBAL,5
SLUS_204.69,RES_GetEnemySeBank,0x24a4e8,72,FUNC,GLOBAL,2
SLUS_204.69,Java_xeno_Effect_setCaster__Lxeno_Unit_,0x2fae48,168,FUNC,GLOBAL,2
SLUS_204.69,xglFontPrintDirect,0x219188,28,FUNC,GLOBAL,2
SLUS_204.69,Java_xeno_Unit_shadow_map_id__I,0x304b20,124,FUNC,GLOBAL,2
SLUS_204.69,_setup,0x209120,28,FUNC,GLOBAL,2
SLUS_204.69,ppNextEnd,0x2d9368,76,FUNC,GLOBAL,2
SLUS_204.69,PLAY_setup,0x26a6a8,200,FUNC,GLOBAL,2
SLUS_204.69,TMENU_updateDefault,0x25f410,1844,FUNC,GLOBAL,2
SLUS_204.69,MenuShopListChange01,0x2a4080,224,FUNC,GLOBAL,2
SLUS_204.69,getPeer_Uwamono,0x2f93f8,588,FUNC,GLOBAL,2
SLUS_204.69,FileThumbnailDecode,0x284600,92,FUNC,GLOBAL,2
SLUS_204.69,Java_xeno_vm_Math_sin__F,0x2f66d8,44,FUNC,GLOBAL,2
SLUS_204.69,xglMatrixStackRotX,0x22a4d0,40,FUNC,GLOBAL,2
SLUS_204.69,GetItemName,0x2c6840,192,FUNC,GLOBAL,2
SLUS_204.69,SortLine,0x2c4650,268,FUNC,GLOBAL,2
SLUS_204.69,MenuSegmentMapNameGet,0x28e8a0,80,FUNC,GLOBAL,2
SLUS_204.69,xglStudioGetLight,0x22c578,12,FUNC,GLOBAL,2
SLUS_204.69,tyaDrawGauge,0x25a0b0,272,FUNC,GLOBAL,2
SLUS_204.69,sceCdGetError,0x20dfc0,152,FUNC,GLOBAL,2
SLUS_204.69,DB_cmode,0x260880,8,FUNC,GLOBAL,2
SLUS_204.69,sefCheckLoad,0x2e7138,44,FUNC,GLOBAL,2
SLUS_204.69,sceChstat,0x2063d8,572,FUNC,GLOBAL,2
SLUS_204.69,sceVif1PkRefLoadImage,0x20b208,488,FUNC,GLOBAL,2
SLUS_204.69,GameBgDrawType1Entry,0x2522c8,76,FUNC,GLOBAL,2
SLUS_204.69,Java_xeno_util_Runtime_setMap__II,0x2f7870,32,FUNC,GLOBAL,2
SLUS_204.69,__swrite,0x3376f0,128,FUNC,GLOBAL,2
SLUS_204.69,MenuBoxChk,0x28f1f8,156,FUNC,GLOBAL,2
SLUS_204.69,EXM_PresetHair,0x31a200,6088,FUNC,GLOBAL,2
SLUS_204.69,ACT_resourceInit,0x307c40,8,FUNC,GLOBAL,2
SLUS_204.69,CrossPointUwamono,0x2c1f68,1452,FUNC,GLOBAL,2
SLUS_204.69,xglDmaMFIFOKick,0x21b940,156,FUNC,GLOBAL,2
SLUS_204.69,__malloc_trim_threshold,0x4addf8,8,OBJECT,GLOBAL,5
SLUS_204.69,xglVectorDivAdd,0x229208,132,FUNC,GLOBAL,2
SLUS_204.69,xheap_push,0x2f1ba0,36,FUNC,GLOBAL,2
SLUS_204.69,MenuItemEx,0x4dab30,4,OBJECT,GLOBAL,12
SLUS_204.69,nmlModelSendBackBufferSignal,0x22e798,12,FUNC,GLOBAL,2
SLUS_204.69,EtherTreeLine2Main,0x2bb8e8,216,FUNC,GLOBAL,2
SLUS_204.69,JNT_getAccessories,0x3137c8,88,FUNC,GLOBAL,2
SLUS_204.69,EtherTreeLine2SelectChange,0x2bb3d8,108,FUNC,GLOBAL,2
SLUS_204.69,instructionCodeName,0x43b090,960,OBJECT,GLOBAL,5
SLUS_204.69,I2F,0x22abb8,20,FUNC,GLOBAL,2
SLUS_204.69,PACK_getAttr,0x30de38,272,FUNC,GLOBAL,2
SLUS_204.69,_rix_011,0x211b48,248,FUNC,GLOBAL,2
SLUS_204.69,xglRenderDispEnvMove,0x22d3b8,368,FUNC,GLOBAL,2
SLUS_204.69,xglLightDirection,0x22ad20,60,FUNC,GLOBAL,2
SLUS_204.69,nmlModelCalcClipStudio,0x23f620,112,FUNC,GLOBAL,2
SLUS_204.69,sceGsSyncVCallback,0x20abc8,160,FUNC,GLOBAL,2
SLUS_204.69,GameOver,0x2540d0,516,FUNC,GLOBAL,2
SLUS_204.69,nmlModelSetActiveFadeOutCancel,0x22ed70,20,FUNC,GLOBAL,2
SLUS_204.69,sceVif1PkCloseGifTag,0x20afc8,164,FUNC,GLOBAL,2
SLUS_204.69,exit,0x32e168,172,FUNC,GLOBAL,2
SLUS_204.69,MenuAccessoryEquipCheck,0x2900c8,404,FUNC,GLOBAL,2
SLUS_204.69,dataMoneyBoxDec,0x2bce70,36,FUNC,GLOBAL,2
SLUS_204.69,NewVu1LightTexEnvFaceStrip2,0x2b78,0,NOTYPE,GLOBAL,32
SLUS_204.69,Java_xeno_Unit_start__ILjava_lang_Object_,0x303a60,500,FUNC,GLOBAL,2
SLUS_204.69,DrawEnv,0x4a8f00,256,OBJECT,GLOBAL,5
SLUS_204.69,Java_xeno_Chr_ignoreShape__I,0x301380,124,FUNC,GLOBAL,2
SLUS_204.69,EvtTools,0x268a18,160,FUNC,GLOBAL,2
SLUS_204.69,YosikawaTest,0x2d9100,476,FUNC,GLOBAL,2
SLUS_204.69,nmlModelFlush,0x235ff8,1036,FUNC,GLOBAL,2
SLUS_204.69,EtherTreeBlack,0x4db6a0,4,OBJECT,GLOBAL,12
SLUS_204.69,NewVu1AddVertcolTexFaceStrip,0xee0,0,NOTYPE,GLOBAL,40
SLUS_204.69,_iSuspendThread,0x2004a0,16,FUNC,GLOBAL,2
SLUS_204.69,Java_xeno_Unit_mtn__IIIIIFZ,0x302bf8,44,FUNC,GLOBAL,2
SLUS_204.69,MAP_updateUnitKoware,0x2bf6e0,464,FUNC,GLOBAL,2
SLUS_204.69,scePadInfoComb,0x20bf88,284,FUNC,GLOBAL,2
SLUS_204.69,nmlPacketAddGsFBA,0x239eb0,60,FUNC,GLOBAL,2
SLUS_204.69,sceCdReadClock,0x20e410,248,FUNC,GLOBAL,2
SLUS_204.69,Java_xeno_util_Runtime_setRegister__II,0x2f73d8,36,FUNC,GLOBAL,2
SLUS_204.69,__mdiff,0x336d88,400,FUNC,GLOBAL,2
SLUS_204.69,MenuModelSubWindowBreak,0x27fd68,48,FUNC,GLOBAL,2
SLUS_204.69,InitRetSymbol,0x2bf098,272,FUNC,GLOBAL,2
SLUS_204.69,PlayHis,0x3b2020,1024,OBJECT,GLOBAL,5
SLUS_204.69,MDL_draw,0x3180f8,84,FUNC,GLOBAL,2
SLUS_204.69,ScenePath,0x4d9ee7,1,OBJECT,GLOBAL,12
SLUS_204.69,UmnPlugin,0xa0e6f8,572,FUNC,GLOBAL,1
SLUS_204.69,xglJpegEncode,0x223fc0,2260,FUNC,GLOBAL,2
SLUS_204.69,EnableCache,0x200770,16,FUNC,GLOBAL,2
SLUS_204.69,MenuBgTaskBreak,0x2754e8,120,FUNC,GLOBAL,2
SLUS_204.69,FileObjectDataSystem,0x4daab4,4,OBJECT,GLOBAL,12
SLUS_204.69,Java_xeno_Camera_getTranslateX__,0x2fb480,52,FUNC,GLOBAL,2
SLUS_204.69,Java_xeno_util_Runtime_getEntrance__,0x2f7420,16,FUNC,GLOBAL,2
SLUS_204.69,xglMatrixStackScale,0x22a458,36,FUNC,GLOBAL,2
SLUS_204.69,DeleteThread,0x200330,16,FUNC,GLOBAL,2
SLUS_204.69,MMathRotateMatrixXY,0x2ef9d8,140,FUNC,GLOBAL,2
SLUS_204.69,MenuItemStatusAgwsMain,0x28b110,1076,FUNC,GLOBAL,2
SLUS_204.69,sceSifSetSreg,0x202770,28,FUNC,GLOBAL,2
SLUS_204.69,sefCaclAllTarget,0x2e6698,160,FUNC,GLOBAL,2
SLUS_204.69,actSequence,0x46f460,38912,OBJECT,GLOBAL,5
SLUS_204.69,GetMemorySize,0x200980,16,FUNC,GLOBAL,2
SLUS_204.69,classJava_xeno_util_TCHParams,0x4dc7f8,4,OBJECT,GLOBAL,13
SLUS_204.69,sceDeci2ExSend,0x2017b0,52,FUNC,GLOBAL,2
SLUS_204.69,initCursor,0x268758,200,FUNC,GLOBAL,2
SLUS_204.69,classJava_xeno_util_Spline,0x4dc7fc,4,OBJECT,GLOBAL,13
SLUS_204.69,CharCategoryMain,0x292868,1220,FUNC,GLOBAL,2
SLUS_204.69,EtherTreeLineSet,0x2ba6f8,84,FUNC,GLOBAL,2
SLUS_204.69,reloadClassEntry,0x2f51b0,100,FUNC,GLOBAL,2
SLUS_204.69,xglFRand,0x22ab68,20,FUNC,GLOBAL,2
SLUS_204.69,tskTskMain2,0x29fa60,144,FUNC,GLOBAL,2
SLUS_204.69,MenuEtherExMain,0x2ab0c8,952,FUNC,GLOBAL,2
SLUS_204.69,PartyTimeLimitCheck,0x2b6868,88,FUNC,GLOBAL,2
SLUS_204.69,sceFormat,0x205b00,620,FUNC,GLOBAL,2
SLUS_204.69,SsdSetSampleDmaCallback,0x2410a0,20,FUNC,GLOBAL,2
SLUS_204.69,WaitSema,0x200560,16,FUNC,GLOBAL,2
SLUS_204.69,SGsAddGifRGBA,0x2e0ea0,36,FUNC,GLOBAL,2
SLUS_204.69,ModelDrawTypeClose02,0x280d98,52,FUNC,GLOBAL,2
SLUS_204.69,xglStudioFlushActiveCamera,0x22c648,76,FUNC,GLOBAL,2
SLUS_204.69,JNT_initProducer,0x313e10,68,FUNC,GLOBAL,2
SLUS_204.69,MenuParaPtBaseGet,0x2913e8,40,FUNC,GLOBAL,2
SLUS_204.69,FX_call,0x26ae48,288,FUNC,GLOBAL,2
SLUS_204.69,xglHddMcSave,0x228200,136,FUNC,GLOBAL,2
SLUS_204.69,atanf,0x329b20,668,FUNC,GLOBAL,2
SLUS_204.69,Java_xeno_util_Runtime_setFriend__I,0x2f7e18,36,FUNC,GLOBAL,2
SLUS_204.69,MenuCursorKeepCheck,0x28e840,16,FUNC,GLOBAL,2
SLUS_204.69,endPrintDirectLine,0x27ed08,392,FUNC,GLOBAL,2
SLUS_204.69,AddIntcHandler2,0x200210,16,FUNC,GLOBAL,2
SLUS_204.69,Vu0CallMatrixStackInverse,0x218,0,NOTYPE,GLOBAL,19
SLUS_204.69,MenuEtherPasMain,0x2aa200,872,FUNC,GLOBAL,2
SLUS_204.69,Const2JavaString,0x2f47d0,84,FUNC,GLOBAL,2
SLUS_204.69,scGetTableNumIdx,0x2ea738,68,FUNC,GLOBAL,2
SLUS_204.69,MenuItemSelect,0x4dab28,4,OBJECT,GLOBAL,12
SLUS_204.69,SEQ_moveXZ,0x30a788,676,FUNC,GLOBAL,2
SLUS_204.69,JNT_animSetFlags,0x3137a8,16,FUNC,GLOBAL,2
SLUS_204.69,_defMatLn,0x40d570,64,OBJECT,GLOBAL,5
SLUS_204.69,sceMpegClearRefBuff,0x217048,84,FUNC,GLOBAL,2
SLUS_204.69,sceSifLoadStartModule,0x208188,28,FUNC,GLOBAL,2
SLUS_204.69,drawAxis,0x266260,820,FUNC,GLOBAL,2
SLUS_204.69,RES_GetEnemySeName,0x24a5b0,48,FUNC,GLOBAL,2
SLUS_204.69,classJava_xeno_util_Input,0x4dc800,4,OBJECT,GLOBAL,13
SLUS_204.69,CharListMain,0x295988,804,FUNC,GLOBAL,2
SLUS_204.69,sefGetNullPosition,0x2e1ed0,124,FUNC,GLOBAL,2
SLUS_204.69,_print,0x2008b0,16,FUNC,GLOBAL,2
SLUS_204.69,nmlModelSetGlobalPointLightPos,0x22f488,68,FUNC,GLOBAL,2
SLUS_204.69,GivesEnemyDamage,0x2c6128,608,FUNC,GLOBAL,2
SLUS_204.69,CharL1R1Main,0x2933e0,560,FUNC,GLOBAL,2
SLUS_204.69,xglCdSync,0x21e400,16,FUNC,GLOBAL,2
SLUS_204.69,AdjTable_X,0x3b1c10,16,OBJECT,GLOBAL,5
SLUS_204.69,Java_xeno_util_Runtime_addItem__II,0x2f79a0,52,FUNC,GLOBAL,2
SLUS_204.69,JS_loadConstInteger,0x26b210,60,FUNC,GLOBAL,2
SLUS_204.69,MenuSkillSetListMain,0x2b8330,544,FUNC,GLOBAL,2
SLUS_204.69,nmlModelSetFadeOutLock,0x22ed20,16,FUNC,GLOBAL,2
SLUS_204.69,sefKillEffect,0x2e7b80,120,FUNC,GLOBAL,2
SLUS_204.69,xglPacketGetCurrent,0x22c450,8,FUNC,GLOBAL,2
SLUS_204.69,SsdSetPlayEffectParam,0x240c10,80,FUNC,GLOBAL,2
SLUS_204.69,nmlModelSetFadeInDispose,0x22ee28,16,FUNC,GLOBAL,2
SLUS_204.69,Java_xeno_Chr_look_point__FFF,0x300c40,120,FUNC,GLOBAL,2
SLUS_204.69,xglMatrixRotY,0x22a198,156,FUNC,GLOBAL,2
SLUS_204.69,SsdClearStreamRingBuffer,0x242060,68,FUNC,GLOBAL,2
SLUS_204.69,__sccl,0x333b80,256,FUNC,GLOBAL,2
SLUS_204.69,MenuTecWaitLimitCheck,0x2af838,56,FUNC,GLOBAL,2
SLUS_204.69,atoi,0x32e110,40,FUNC,GLOBAL,2
SLUS_204.69,Enemy_Unique,0x2cd1d8,196,FUNC,GLOBAL,2
SLUS_204.69,Get_LocaterType,0x2d6668,224,FUNC,GLOBAL,2
SLUS_204.69,xglTaskInitial,0x21c528,148,FUNC,GLOBAL,2
SLUS_204.69,sceMpegDispHeight,0x217188,12,FUNC,GLOBAL,2
SLUS_204.69,scCreateScript,0x2e9c10,360,FUNC,GLOBAL,2
SLUS_204.69,uwaWind,0x36dfd0,48,OBJECT,GLOBAL,5
SLUS_204.69,RFU088_iPollEvnetFlag,0x2006a0,16,FUNC,GLOBAL,2
SLUS_204.69,RotateThreadReadyQueue,0x2003d0,16,FUNC,GLOBAL,2
SLUS_204.69,SsdGetVagStreamStatusMono,0x241e50,68,FUNC,GLOBAL,2
SLUS_204.69,UmnDataBaseModel,0xa0b028,432,FUNC,GLOBAL,1
SLUS_204.69,tskUmnPluginPas,0xa0de20,532,FUNC,GLOBAL,1
SLUS_204.69,PartyOutFriendCheck,0x2b5d18,84,FUNC,GLOBAL,2
SLUS_204.69,Java_xeno_Camera_setView__FFF,0x2fbe50,76,FUNC,GLOBAL,2
SLUS_204.69,classJava_xeno_Camera,0x4dc804,4,OBJECT,GLOBAL,13
SLUS_204.69,ACT_setMotion,0x307e50,284,FUNC,GLOBAL,2
SLUS_204.69,NewVu1LightTexSpecEnvStrip2,0x2be8,0,NOTYPE,GLOBAL,32
SLUS_204.69,_ctype_,0x4d7870,257,OBJECT,GLOBAL,10
SLUS_204.69,sceChdir,0x206808,28,FUNC,GLOBAL,2
SLUS_204.69,tskUmnDataBaseKeyWord,0xa0ace0,840,FUNC,GLOBAL,1
SLUS_204.69,Java_xeno_Chr_shadow_clip_scale__F,0x300ed8,96,FUNC,GLOBAL,2
SLUS_204.69,xglLightSetDefault,0x22ac30,184,FUNC,GLOBAL,2
SLUS_204.69,sceMpegIsRefBuffEmpty,0x216fe8,16,FUNC,GLOBAL,2
SLUS_204.69,NewVu1LightTexProBackStrip2,0x11b0,0,NOTYPE,GLOBAL,37
SLUS_204.69,sceMount,0x2069c0,620,FUNC,GLOBAL,2
SLUS_204.69,SleepThread,0x200440,16,FUNC,GLOBAL,2
SLUS_204.69,MapDraw,0x2467f8,264,FUNC,GLOBAL,2
SLUS_204.69,ACT_setHumanHand,0x3083b8,604,FUNC,GLOBAL,2
SLUS_204.69,_system_header,0x2165c8,108,FUNC,GLOBAL,2
SLUS_204.69,EventCheck_Square_Button,0x2d63b0,88,FUNC,GLOBAL,2
SLUS_204.69,ball2point,0x266e88,124,FUNC,GLOBAL,2
SLUS_204.69,Java_xeno_PlayControl_create__,0x2fa3a8,60,FUNC,GLOBAL,2
SLUS_204.69,xglSoundStreamOpenVagStereoParam,0x226910,184,FUNC,GLOBAL,2
SLUS_204.69,MenuTecWaitUp,0x2af870,160,FUNC,GLOBAL,2
SLUS_204.69,AutoDoorCloseOpeFunc,0x2c4f98,236,FUNC,GLOBAL,2
SLUS_204.69,eRibbonMain,0x276d20,628,FUNC,GLOBAL,2
SLUS_204.69,xglRenderSwapBase,0x22d770,68,FUNC,GLOBAL,2
SLUS_204.69,AgwsInfoMain,0x29a480,1664,FUNC,GLOBAL,2
SLUS_204.69,iFlushCache,0x2007d0,16,FUNC,GLOBAL,2
SLUS_204.69,FCV_resetPack,0x30c920,32,FUNC,GLOBAL,2
SLUS_204.69,AimMapUnit,0x2c3558,1428,FUNC,GLOBAL,2
SLUS_204.69,nmlModelSetActiveFadeIn,0x22f078,304,FUNC,GLOBAL,2
SLUS_204.69,_rix_000,0x211748,116,FUNC,GLOBAL,2
SLUS_204.69,__moddi3,0x32a648,1680,FUNC,GLOBAL,2
SLUS_204.69,alignZAxis,0x260ff8,216,FUNC,GLOBAL,2
SLUS_204.69,JNT_setMatrix2,0x313920,16,FUNC,GLOBAL,2
SLUS_204.69,Vu0CallLightCalcMatrix,0x6a8,0,NOTYPE,GLOBAL,19
SLUS_204.69,xglCdReadFilePart,0x21deb8,1108,FUNC,GLOBAL,2
SLUS_204.69,MenuTecTLevUp,0x2af640,176,FUNC,GLOBAL,2
SLUS_204.69,MATRIX_translate4,0x26e910,180,FUNC,GLOBAL,2
SLUS_204.69,srsSetViewPath,0x2e84d0,32,FUNC,GLOBAL,2
SLUS_204.69,_isDirty,0x4ad680,40,OBJECT,GLOBAL,5
SLUS_204.69,NewVu1LightTexSpecAddEnvStrip,0xa48,0,NOTYPE,GLOBAL,45
SLUS_204.69,sceMpegReset,0x216ff8,80,FUNC,GLOBAL,2
SLUS_204.69,Java_xeno_util_Runtime_mailExec__I,0x2f8570,60,FUNC,GLOBAL,2
SLUS_204.69,CharL1R1,0x4dae90,4,OBJECT,GLOBAL,12
SLUS_204.69,TopFaceExWin,0x4da910,4,OBJECT,GLOBAL,12
SLUS_204.69,CUR_MATRIX_Set,0x26f288,20,FUNC,GLOBAL,2
SLUS_204.69,MenuEtherStatus,0x4db360,4,OBJECT,GLOBAL,12
SLUS_204.69,RFU003,0x200130,16,FUNC,GLOBAL,2
SLUS_204.69,sceMkdir,0x205930,428,FUNC,GLOBAL,2
SLUS_204.69,MMathCalcVectorMatrix,0x2efec8,24,FUNC,GLOBAL,2
SLUS_204.69,DrillResetCameraPos,0x2cacd8,152,FUNC,GLOBAL,2
SLUS_204.69,Java_xeno_util_Window_print__Ljava_lang_String_,0x2f89a8,60,FUNC,GLOBAL,2
SLUS_204.69,DrawRadar,0x2c43d8,432,FUNC,GLOBAL,2
SLUS_204.69,EtherTreeLine2,0x4db698,4,OBJECT,GLOBAL,12
SLUS_204.69,PartyOutFriendOff,0x2b5cc0,84,FUNC,GLOBAL,2
SLUS_204.69,updateLight,0x269140,3440,FUNC,GLOBAL,2
SLUS_204.69,loadScriptCD2,0x263db8,320,FUNC,GLOBAL,2
SLUS_204.69,xglThreadInitial,0x218968,256,FUNC,GLOBAL,2
SLUS_204.69,MMathScaleMatrixS,0x2efd60,68,FUNC,GLOBAL,2
SLUS_204.69,eMessageCat,0x27bde8,340,FUNC,GLOBAL,2
SLUS_204.69,sefDummy2,0x410d40,64,OBJECT,GLOBAL,5
SLUS_204.69,xglCdFileSelect,0x21eff8,1160,FUNC,GLOBAL,2
SLUS_204.69,_defIQM,0x4ad5c0,64,OBJECT,GLOBAL,5
SLUS_204.69,_exit,0x2000b8,8,FUNC,GLOBAL,2
SLUS_204.69,SsdInitVagStreamStereo,0x241bc8,92,FUNC,GLOBAL,2
SLUS_204.69,MAP_updateUnitItemSymbol,0x2c73b0,300,FUNC,GLOBAL,2
SLUS_204.69,xglHddMcExist,0x227500,596,FUNC,GLOBAL,2
SLUS_204.69,Java_xeno_util_Runtime_setShootUwaCheck__Z,0x2f7950,60,FUNC,GLOBAL,2
SLUS_204.69,JNI_isInstanceOf,0x2f04a8,40,FUNC,GLOBAL,2
SLUS_204.69,__kernel_rem_pio2f,0x3285a8,2212,FUNC,GLOBAL,2
SLUS_204.69,NewVu1LightTexProFaceStrip,0xb48,0,NOTYPE,GLOBAL,36
SLUS_204.69,EXM_OnMovedHair,0x31e890,20,FUNC,GLOBAL,2
SLUS_204.69,MenuSelectMove2,0x274ed0,176,FUNC,GLOBAL,2
SLUS_204.69,xglPacketMove,0x22c4b8,100,FUNC,GLOBAL,2
SLUS_204.69,MATRIX_scale4,0x26e9c8,148,FUNC,GLOBAL,2
SLUS_204.69,nmlFilterSetBufferRender,0x23cd08,496,FUNC,GLOBAL,2
SLUS_204.69,TopStatusWinMain,0x277628,528,FUNC,GLOBAL,2
SLUS_204.69,JNT_offSmoothHair,0x315950,8,FUNC,GLOBAL,2
SLUS_204.69,HitCheckMapUnitAt,0x2c0498,220,FUNC,GLOBAL,2
SLUS_204.69,EtherTreeRightSet,0x2bab40,164,FUNC,GLOBAL,2
SLUS_204.69,TCAMERA_setRoll,0x308b80,36,FUNC,GLOBAL,2
SLUS_204.69,Get_Angle_Relative,0x2d8140,96,FUNC,GLOBAL,2
SLUS_204.69,SCRIPT_getFadeTime,0x261270,8,FUNC,GLOBAL,2
SLUS_204.69,PutTLBEntry,0x208980,16,FUNC,GLOBAL,2
SLUS_204.69,sceSifExitRpc,0x203010,36,FUNC,GLOBAL,2
SLUS_204.69,xglFontPrint,0x219138,80,FUNC,GLOBAL,2
SLUS_204.69,UmnManzaiControl,0xa04170,308,FUNC,GLOBAL,1
SLUS_204.69,ACT_filterStealth,0x30b918,84,FUNC,GLOBAL,2
SLUS_204.69,moneyBox,0x4dbb68,8,OBJECT,GLOBAL,12
SLUS_204.69,Java_xeno_util_Runtime_AGWSAllRecovery__,0x2f8798,20,FUNC,GLOBAL,2
SLUS_204.69,MMathDivVectorS4,0x2ef758,40,FUNC,GLOBAL,2
SLUS_204.69,Java_xeno_util_Runtime_getLeader__,0x2f7bd0,16,FUNC,GLOBAL,2
SLUS_204.69,GameResourcePreLoad,0x24c4f8,156,FUNC,GLOBAL,2
SLUS_204.69,BattleWindowTest,0x2710f8,788,FUNC,GLOBAL,2
SLUS_204.69,__muldi3,0x329f38,116,FUNC,GLOBAL,2
SLUS_204.69,SCRIPT_execTalkto,0x2614f0,152,FUNC,GLOBAL,2
SLUS_204.69,PartyLockPartyOn,0x2b5b70,80,FUNC,GLOBAL,2
SLUS_204.69,sefSetLoadQue,0x2e7b30,8,FUNC,GLOBAL,2
SLUS_204.69,NewVu1VertcolTexFaceStrip,0xf90,0,NOTYPE,GLOBAL,21
SLUS_204.69,MAP_LoadUwamonoResource,0x2be5f0,116,FUNC,GLOBAL,2
SLUS_204.69,EXM_GetWindPower,0x31e8c8,596,FUNC,GLOBAL,2
SLUS_204.69,sefDrawParticleListCf,0x2e0230,648,FUNC,GLOBAL,2
SLUS_204.69,RES_GetEnemySeFoot,0x24a570,64,FUNC,GLOBAL,2
SLUS_204.69,Java_xeno_Unit_rotY__Ljava_lang_Object_FZ,0x302d00,8,FUNC,GLOBAL,2
SLUS_204.69,xglVectorLength,0x229750,44,FUNC,GLOBAL,2
SLUS_204.69,tskUmnDataBaseName,0xa09bc0,2100,FUNC,GLOBAL,1
SLUS_204.69,srsGetEsdData,0x2e80d8,72,FUNC,GLOBAL,2
SLUS_204.69,HitCheckCorner,0x2c0840,576,FUNC,GLOBAL,2
SLUS_204.69,VW_getCursor,0x26a600,48,FUNC,GLOBAL,2
SLUS_204.69,check_culling_map,0x23ebe0,184,FUNC,GLOBAL,2
SLUS_204.69,LOOK_head_cont,0x3174a0,796,FUNC,GLOBAL,2
SLUS_204.69,endPrintWinTexLoad,0x27bf70,252,FUNC,GLOBAL,2
SLUS_204.69,PartyAgwsGet,0x2b6498,128,FUNC,GLOBAL,2
SLUS_204.69,MenuEtherStatusMain,0x2ab6a0,2292,FUNC,GLOBAL,2
SLUS_204.69,MenuSegmentItemNameGet,0x28e8f0,80,FUNC,GLOBAL,2
SLUS_204.69,UnlockMapUnit,0x2c3328,152,FUNC,GLOBAL,2
SLUS_204.69,Java_xeno_Camera_getFov__,0x2fbe00,80,FUNC,GLOBAL,2
SLUS_204.69,sdvExecAlter,0x2ee1d0,708,FUNC,GLOBAL,2
SLUS_204.69,DeleteSema,0x200530,16,FUNC,GLOBAL,2
SLUS_204.69,GameResourceGetFreeAddr,0x24a8e0,76,FUNC,GLOBAL,2
SLUS_204.69,AdrsEnemySquare,0x4db838,4,OBJECT,GLOBAL,12
SLUS_204.69,PartyAllPartyGet,0x2b6118,296,FUNC,GLOBAL,2
SLUS_204.69,strlen,0x32fccc,312,FUNC,GLOBAL,2
SLUS_204.69,sceSifLoadModule,0x208168,32,FUNC,GLOBAL,2
SLUS_204.69,UnduGet2,0x3239e8,168,FUNC,GLOBAL,2
SLUS_204.69,JAVA_tmpString,0x4dc09c,4,OBJECT,GLOBAL,12
SLUS_204.69,CreateThread,0x200320,16,FUNC,GLOBAL,2
SLUS_204.69,_initSeqAgain,0x217738,12,FUNC,GLOBAL,2
SLUS_204.69,RSRC_check,0x26d780,32,FUNC,GLOBAL,2
SLUS_204.69,AgwsStatus,0x4db00c,4,OBJECT,GLOBAL,12
SLUS_204.69,_init_signal_r,0x32f1b8,112,FUNC,GLOBAL,2
SLUS_204.69,Java_xeno_Unit_rotY__FFZ,0x302c98,44,FUNC,GLOBAL,2
SLUS_204.69,open,0x200be0,40,FUNC,GLOBAL,2
SLUS_204.69,xglPlaneParameter,0x229960,144,FUNC,GLOBAL,2
SLUS_204.69,sefGetDmgNull,0x2e7e40,28,FUNC,GLOBAL,2
SLUS_204.69,MenuSkillPasMain,0x2b6b98,792,FUNC,GLOBAL,2
SLUS_204.69,TskObjectSet,0x285338,16,FUNC,GLOBAL,2
SLUS_204.69,_sceCd_cd_callback,0x20ca00,160,FUNC,GLOBAL,2
SLUS_204.69,ColliTest,0x2dc010,920,FUNC,GLOBAL,2
SLUS_204.69,UmnMailDataGet,0x2761d8,24,FUNC,GLOBAL,2
SLUS_204.69,sefPrintVector,0x2ddae8,8,FUNC,GLOBAL,2
SLUS_204.69,xglCdDiskCheck,0x21d548,324,FUNC,GLOBAL,2
SLUS_204.69,_stack,0x1f8000,0,OBJECT,GLOBAL,65521
SLUS_204.69,eRibbonSet,0x276fa0,428,FUNC,GLOBAL,2
SLUS_204.69,EW_drawComoponent,0x26c420,744,FUNC,GLOBAL,2
SLUS_204.69,MenuTask_BG,0x4da81c,4,OBJECT,GLOBAL,12
SLUS_204.69,Java_xeno_Unit_setAxis__FFFF,0x3046a8,156,FUNC,GLOBAL,2
SLUS_204.69,xglPointLength,0x229780,52,FUNC,GLOBAL,2
SLUS_204.69,MenuDrillCall,0x4da818,4,OBJECT,GLOBAL,12
SLUS_204.69,_sysbitPtr,0x215db0,44,FUNC,GLOBAL,2
SLUS_204.69,EnableDmac,0x201128,104,FUNC,GLOBAL,2
SLUS_204.69,Java_xeno_Chr_setPointLightCol__IFFF,0x300548,184,FUNC,GLOBAL,2
SLUS_204.69,WindowSPItemChange,0x283cf0,448,FUNC,GLOBAL,2
SLUS_204.69,classInt,0x4dc808,4,OBJECT,GLOBAL,13
SLUS_204.69,MenuModelMemorySet,0x27f108,800,FUNC,GLOBAL,2
SLUS_204.69,Java_xeno_Effect_clearEffect__,0x2fb218,104,FUNC,GLOBAL,2
SLUS_204.69,sceDeci2ExUnLock,0x201840,36,FUNC,GLOBAL,2
SLUS_204.69,Java_xeno_Chr_setPeer__Ljava_lang_Object_,0x3008f0,200,FUNC,GLOBAL,2
SLUS_204.69,_printf,0x2020c8,1480,FUNC,GLOBAL,2
SLUS_204.69,Java_xeno_Stage_setFade__IIFFF,0x304ff0,244,FUNC,GLOBAL,2
SLUS_204.69,xglFontPrintf,0x2190e8,80,FUNC,GLOBAL,2
SLUS_204.69,Java_xeno_Camera_fovSPL__aFI,0x2fb528,112,FUNC,GLOBAL,2
SLUS_204.69,STR_tokenGetType,0x26b9b0,8,FUNC,GLOBAL,2
SLUS_204.69,UwamonoBrokenSe,0x2bfc70,180,FUNC,GLOBAL,2
SLUS_204.69,xglVectorDivAddXYZ,0x229290,108,FUNC,GLOBAL,2
SLUS_204.69,MenuParaNameGet,0x28efa0,24,FUNC,GLOBAL,2
SLUS_204.69,RFU086_WaitEvnetFlag,0x200680,16,FUNC,GLOBAL,2
SLUS_204.69,MenuShopParaSet,0x2a6ca0,1128,FUNC,GLOBAL,2
SLUS_204.69,CharPoint,0x4daea8,4,OBJECT,GLOBAL,12
SLUS_204.69,Java_xeno_util_Spline_setCtrlVertex__aFIII,0x2f6750,72,FUNC,GLOBAL,2
SLUS_204.69,eLineSet,0x277508,92,FUNC,GLOBAL,2
SLUS_204.69,sceIpuStopDMA,0x210270,228,FUNC,GLOBAL,2
SLUS_204.69,TopStatusWin,0x4da904,4,OBJECT,GLOBAL,12
SLUS_204.69,sceSifExecRequest,0x203bc8,452,FUNC,GLOBAL,2
SLUS_204.69,SEQ_moveNPC_XZ,0x30a4b0,724,FUNC,GLOBAL,2
SLUS_204.69,SysExecPS2Entry,0x4aab18,24,OBJECT,GLOBAL,5
SLUS_204.69,MenuItemExMain,0x28c538,276,FUNC,GLOBAL,2
SLUS_204.69,TopInfoMain,0x277838,372,FUNC,GLOBAL,2
SLUS_204.69,_rix_010,0x2119e0,172,FUNC,GLOBAL,2
SLUS_204.69,NewVu1VertcolTexIndexStrip,0xde0,0,NOTYPE,GLOBAL,21
SLUS_204.69,strchr,0x32f8e4,400,FUNC,GLOBAL,2
SLUS_204.69,floorf,0x323de8,240,FUNC,GLOBAL,2
SLUS_204.69,__srefill,0x337480,380,FUNC,GLOBAL,2
SLUS_204.69,sceSifLoadModuleBuffer,0x207f00,28,FUNC,GLOBAL,2
SLUS_204.69,sefCreateScheduler,0x2e5900,28,FUNC,GLOBAL,2
SLUS_204.69,Enemy_Command_Target,0x2d3110,100,FUNC,GLOBAL,2
SLUS_204.69,Enemy_Command_Freeze,0x2d2e98,220,FUNC,GLOBAL,2
SLUS_204.69,MDL_create,0x317fb0,164,FUNC,GLOBAL,2
SLUS_204.69,MMathMakeRandom2PI,0x2ef010,48,FUNC,GLOBAL,2
SLUS_204.69,sefGetLoadQue,0x2e7b38,12,FUNC,GLOBAL,2
SLUS_204.69,MenuTecSaveDataGet,0x2af498,68,FUNC,GLOBAL,2
SLUS_204.69,nearDir,0x309488,176,FUNC,GLOBAL,2
SLUS_204.69,Java_xeno_Chr_getPlayer__,0x2fccf0,84,FUNC,GLOBAL,2
SLUS_204.69,CfCameraDefine,0x362e80,5280,OBJECT,GLOBAL,5
SLUS_204.69,MenuModelResourceLoad,0x27f768,552,FUNC,GLOBAL,2
SLUS_204.69,_iDisableIntc,0x2002d0,16,FUNC,GLOBAL,2
SLUS_204.69,xglVectorScaleXYZ,0x229430,48,FUNC,GLOBAL,2
SLUS_204.69,SEQ_motion,0x30aa30,352,FUNC,GLOBAL,2
SLUS_204.69,sceSifGetOtherData,0x203288,344,FUNC,GLOBAL,2
SLUS_204.69,SsdStopSequence,0x241478,68,FUNC,GLOBAL,2
SLUS_204.69,DrillStandbyFunc,0x2c9dd8,548,FUNC,GLOBAL,2
SLUS_204.69,NewVu1LightTexMultiSpecEnvFaceStrip1,0x22c8,0,NOTYPE,GLOBAL,31
SLUS_204.69,xglVectorInter,0x2295a0,100,FUNC,GLOBAL,2
SLUS_204.69,__load_start_ov02,0xa5b8f8,0,OBJECT,GLOBAL,65521
SLUS_204.69,_ri0_011,0x211c40,252,FUNC,GLOBAL,2
SLUS_204.69,GameStateRestoreCameraLight,0x243200,116,FUNC,GLOBAL,2
SLUS_204.69,sdvSelectCamera,0x2ec828,432,FUNC,GLOBAL,2
SLUS_204.69,sefGetBattleData,0x2e7e30,12,FUNC,GLOBAL,2
SLUS_204.69,CalcCrossPoint,0x2c8ab0,264,FUNC,GLOBAL,2
SLUS_204.69,subTreeLineDraw_type_1,0x2bbfb8,100,FUNC,GLOBAL,2
SLUS_204.69,MenuEtherList,0x4db368,4,OBJECT,GLOBAL,12
SLUS_204.69,scGetImmAdrImmIdx2,0x2ea6f8,60,FUNC,GLOBAL,2
SLUS_204.69,EfTab_Code,0x3b2530,30,OBJECT,GLOBAL,5
SLUS_204.69,Java_xeno_Chr_setMotionFlags__IZ,0x3001d0,128,FUNC,GLOBAL,2
SLUS_204.69,subRightDraw,0x2badf0,276,FUNC,GLOBAL,2
SLUS_204.69,eBattleWinOpen2,0x281c60,408,FUNC,GLOBAL,2
SLUS_204.69,nmlModelSetTexfunc,0x22feb8,12,FUNC,GLOBAL,2
SLUS_204.69,Java_xeno_util_Runtime_setShootFlag__Z,0x2f7890,60,FUNC,GLOBAL,2
SLUS_204.69,classJava_xeno_Movie,0x4dc80c,4,OBJECT,GLOBAL,13
SLUS_204.69,MMathNormalizeVector2,0x2ef2b0,48,FUNC,GLOBAL,2
SLUS_204.69,ePrintWHGet,0x27bf40,8,FUNC,GLOBAL,2
SLUS_204.69,subPosSet3,0x2ba400,112,FUNC,GLOBAL,2
SLUS_204.69,PartyReserveGet,0x2b62c0,172,FUNC,GLOBAL,2
SLUS_204.69,NewVu1LightTexAddEnvBackStrip2,0x2e18,0,NOTYPE,GLOBAL,49
SLUS_204.69,Java_xeno_Unit_move__Ljava_lang_Object_FZ,0x302a08,8,FUNC,GLOBAL,2
SLUS_204.69,sceMpegResetDefaultPtsGap,0x217158,16,FUNC,GLOBAL,2
SLUS_204.69,SGsCloseGifPacket,0x2e0e40,36,FUNC,GLOBAL,2
SLUS_204.69,sceMcRename,0x20fe58,360,FUNC,GLOBAL,2
SLUS_204.69,TM_Check_Move,0x2ce3b8,616,FUNC,GLOBAL,2
SLUS_204.69,asinf,0x3240b0,20,FUNC,GLOBAL,2
SLUS_204.69,iDisableIntcHandler,0x200710,16,FUNC,GLOBAL,2
SLUS_204.69,container,0x378b30,1488,OBJECT,GLOBAL,5
SLUS_204.69,RssdCallFunc,0x23fff0,408,FUNC,GLOBAL,2
SLUS_204.69,SsdSetVagStreamDataStereo,0x241d60,84,FUNC,GLOBAL,2
SLUS_204.69,CalcLength,0x2c8a48,100,FUNC,GLOBAL,2
SLUS_204.69,SetTLBHandler,0x208778,96,FUNC,GLOBAL,2
SLUS_204.69,EtherTreeSystem,0x4db688,4,OBJECT,GLOBAL,12
SLUS_204.69,xglVectorMulSub,0x229148,100,FUNC,GLOBAL,2
SLUS_204.69,GameResourceLoad,0x24c5b8,664,FUNC,GLOBAL,2
SLUS_204.69,_Cdvd_cbLoop,0x20caa0,188,FUNC,GLOBAL,2
SLUS_204.69,MAP_updateUnitSymbol,0x2bfbe0,20,FUNC,GLOBAL,2
SLUS_204.69,prevActor,0x266f08,88,FUNC,GLOBAL,2
SLUS_204.69,GameBgDrawType2Param,0x3683c0,2260,OBJECT,GLOBAL,5
SLUS_204.69,xglSoundInitial,0x227108,152,FUNC,GLOBAL,2
SLUS_204.69,xglCdInitial,0x21fa68,240,FUNC,GLOBAL,2
SLUS_204.69,JNT_defaultConsumer,0x313f40,868,FUNC,GLOBAL,2
SLUS_204.69,xglHddMcCreate,0x227f28,724,FUNC,GLOBAL,2
SLUS_204.69,xglFontDebugHex,0x219378,184,FUNC,GLOBAL,2
SLUS_204.69,xglRenderGlobalFadeInit,0x22d940,24,FUNC,GLOBAL,2
SLUS_204.69,MenuShopParaSet2,0x2a68a0,1024,FUNC,GLOBAL,2
SLUS_204.69,NewVu1AddLightTexFaceStrip,0x1f48,0,NOTYPE,GLOBAL,42
SLUS_204.69,sceMpegCreate,0x216c88,520,FUNC,GLOBAL,2
SLUS_204.69,xglMatrixReverse,0x229c40,124,FUNC,GLOBAL,2
SLUS_204.69,UmnEventTextMakeWork,0xa10d08,4,OBJECT,GLOBAL,1
SLUS_204.69,acos,0x324038,20,FUNC,GLOBAL,2
SLUS_204.69,nmlFilterSetTexFillDraw,0x23d458,1120,FUNC,GLOBAL,2
SLUS_204.69,Java_xeno_Stage_setEffectRender__I,0x3052f8,24,FUNC,GLOBAL,2
SLUS_204.69,SeisanCountInit2,0x29f4a8,392,FUNC,GLOBAL,2
SLUS_204.69,NAME_Init,0x4dc774,4,OBJECT,GLOBAL,13
SLUS_204.69,Java_xeno_Chr_scale__Lxeno_util_Spline_IZ,0x2ff3b8,384,FUNC,GLOBAL,2
SLUS_204.69,Java_xeno_util_Runtime_battleChangeParty__I,0x2f8038,36,FUNC,GLOBAL,2
SLUS_204.69,RSRC_getItemID,0x26daf8,72,FUNC,GLOBAL,2
SLUS_204.69,sceSifRemoveRpcQueue,0x203ae0,144,FUNC,GLOBAL,2
SLUS_204.69,RemoveSbusIntcHandler,0x2001b0,16,FUNC,GLOBAL,2
SLUS_204.69,MenuRWeaponCheck2,0x28f8a0,72,FUNC,GLOBAL,2
SLUS_204.69,Enemy_Found,0x2cbac8,132,FUNC,GLOBAL,2
SLUS_204.69,uwares_tbl,0x36df60,56,OBJECT,GLOBAL,5
SLUS_204.69,scGetTaskAdr,0x2ebc48,56,FUNC,GLOBAL,2
SLUS_204.69,MenuModelMotionSet,0x280cf0,52,FUNC,GLOBAL,2
SLUS_204.69,main_param_argv,0x4d8a48,4,OBJECT,GLOBAL,12
SLUS_204.69,nmlModelCalcClipMat2,0x23f4a0,188,FUNC,GLOBAL,2
SLUS_204.69,Java_xeno_Unit_sclX__IFZ,0x303138,44,FUNC,GLOBAL,2
SLUS_204.69,SCENE_cleanup,0x25a6d8,160,FUNC,GLOBAL,2
SLUS_204.69,sceVif1PkAlign,0x20b088,124,FUNC,GLOBAL,2
SLUS_204.69,MenuCharWeaponAttCheck,0x291858,8,FUNC,GLOBAL,2
SLUS_204.69,_dmVector,0x212710,28,FUNC,GLOBAL,2
SLUS_204.69,GameResourceReset,0x24d8e8,284,FUNC,GLOBAL,2
SLUS_204.69,SelNum,0x4db852,2,OBJECT,GLOBAL,12
SLUS_204.69,nmlModelSendMenuEnd,0x22e7d0,8,FUNC,GLOBAL,2
SLUS_204.69,sefIsDeadSchduler,0x2e6350,44,FUNC,GLOBAL,2
SLUS_204.69,SuspendThread,0x200490,16,FUNC,GLOBAL,2
SLUS_204.69,_sceIDC,0x200eb0,164,FUNC,GLOBAL,2
SLUS_204.69,GameDefocusParam,0x367540,1088,OBJECT,GLOBAL,5
SLUS_204.69,sefInitScheduler,0x2e4f78,196,FUNC,GLOBAL,2
SLUS_204.69,NewVu1AddVertcolTexStrip,0xca0,0,NOTYPE,GLOBAL,40
SLUS_204.69,Java_xeno_Unit_sclX__FFZ,0x303108,44,FUNC,GLOBAL,2
SLUS_204.69,updateWind,0x269eb0,1776,FUNC,GLOBAL,2
SLUS_204.69,_vfprintf_r,0x3315f0,5728,FUNC,GLOBAL,2
SLUS_204.69,JoinThread,0x2004d0,16,FUNC,GLOBAL,2
SLUS_204.69,Vibration_Set_Weak,0x2d6c98,12,FUNC,GLOBAL,2
SLUS_204.69,_flushBuf,0x213ad8,240,FUNC,GLOBAL,2
SLUS_204.69,tskUmnPluginList,0xa0e1a0,824,FUNC,GLOBAL,1
SLUS_204.69,Get_ArrivalID_First,0x2cea60,204,FUNC,GLOBAL,2
SLUS_204.69,FLAG_FRAME_60,0x4dc3bc,1,OBJECT,GLOBAL,12
SLUS_204.69,JNI_threadException,0x2f0710,8,FUNC,GLOBAL,2
SLUS_204.69,get_fcvpack_flag,0x30ed60,100,FUNC,GLOBAL,2
SLUS_204.69,ExpandScratchPad,0x208a30,16,FUNC,GLOBAL,2
SLUS_204.69,TYPE_Stage_entered,0x4dc778,4,OBJECT,GLOBAL,13
SLUS_204.69,SsdGetMemoryBlocks,0x2424a8,96,FUNC,GLOBAL,2
SLUS_204.69,sceIpuSync,0x2104a8,104,FUNC,GLOBAL,2
SLUS_204.69,JS_findObject,0x26b298,228,FUNC,GLOBAL,2
SLUS_204.69,setFieldValue,0x2f1698,20,FUNC,GLOBAL,2
SLUS_204.69,ReLoadTest,0x272998,296,FUNC,GLOBAL,2
SLUS_204.69,HalfAutoDoorFunc,0x2c4c30,116,FUNC,GLOBAL,2
SLUS_204.69,Get_Multi_Max_Under,0x2d8758,116,FUNC,GLOBAL,2
SLUS_204.69,nmlModelSetBackBufferToEventSkip,0x22f310,44,FUNC,GLOBAL,2
SLUS_204.69,SPL_init2,0x30bbe0,344,FUNC,GLOBAL,2
SLUS_204.69,svDeleteImageMapperData,0x2de848,92,FUNC,GLOBAL,2
SLUS_204.69,test_data,0x4da80c,4,OBJECT,GLOBAL,12
SLUS_204.69,NewVu1LightTexSpecBackStrip,0x1ab0,0,NOTYPE,GLOBAL,23
SLUS_204.69,JNT_getMoveElement,0x313b50,80,FUNC,GLOBAL,2
SLUS_204.69,sefAtanTbl,0x40fac0,4100,OBJECT,GLOBAL,5
SLUS_204.69,dataWpnBoxDec,0x2bcce8,28,FUNC,GLOBAL,2
SLUS_204.69,MenuShopMain,0x2a9748,1992,FUNC,GLOBAL,2
SLUS_204.69,EXM_GetShakeRad,0x31edd0,12,FUNC,GLOBAL,2
SLUS_204.69,MenuPasWindow,0x27ac70,8,FUNC,GLOBAL,2
SLUS_204.69,DispCollUwamono,0x2c8488,860,FUNC,GLOBAL,2
SLUS_204.69,sdvInitAlters,0x2eea88,72,FUNC,GLOBAL,2
SLUS_204.69,AdrsEnemySphere,0x4db834,4,OBJECT,GLOBAL,12
SLUS_204.69,Java_xeno_Unit_mtnSetMask__I,0x3042c0,96,FUNC,GLOBAL,2
SLUS_204.69,eMessageNextPage,0x27bd48,104,FUNC,GLOBAL,2
SLUS_204.69,MenuCharactor,0x297b10,8964,FUNC,GLOBAL,2
SLUS_204.69,sceSifResetIop,0x2084c8,316,FUNC,GLOBAL,2
SLUS_204.69,eBattleWinClose3,0x2826d8,24,FUNC,GLOBAL,2
SLUS_204.69,sceTtyRead,0x201c20,208,FUNC,GLOBAL,2
SLUS_204.69,SetPgifHandler,0x200880,16,FUNC,GLOBAL,2
SLUS_204.69,MenuSystemInfo,0x4db5bc,4,OBJECT,GLOBAL,12
SLUS_204.69,smFree,0x2eedf0,144,FUNC,GLOBAL,2
SLUS_204.69,sceGsPutDrawEnv,0x209bf8,232,FUNC,GLOBAL,2
SLUS_204.69,TabEnemy_Ang,0x3b2430,32,OBJECT,GLOBAL,5
SLUS_204.69,MAP_updateUnitSequence,0x320958,296,FUNC,GLOBAL,2
SLUS_204.69,Java_xeno_Camera_setCFAngle__IFFFF,0x2fbf40,568,FUNC,GLOBAL,2
SLUS_204.69,sefPopEffect,0x2e7d08,292,FUNC,GLOBAL,2
SLUS_204.69,TCAMERA_setRotate,0x308ba8,80,FUNC,GLOBAL,2
SLUS_204.69,HitCheckBoxUwamono,0x2c4310,196,FUNC,GLOBAL,2
SLUS_204.69,__register_frame_info_table,0x32cd88,104,FUNC,GLOBAL,2
SLUS_204.69,MenuParaUp,0x291668,360,FUNC,GLOBAL,2
SLUS_204.69,scePadSetWarningLevel,0x20c8b0,104,FUNC,GLOBAL,2
SLUS_204.69,NewVu1AddLightTexSpecFaceStrip,0x2070,0,NOTYPE,GLOBAL,43
SLUS_204.69,EventDoorStanbyFunc,0x2c5088,200,FUNC,GLOBAL,2
SLUS_204.69,sceDeci2ExRecv,0x201778,52,FUNC,GLOBAL,2
SLUS_204.69,_fbss,0x4dc500,0,OBJECT,GLOBAL,13
SLUS_204.69,EventDoorFunc,0x2c4bb8,116,FUNC,GLOBAL,2
SLUS_204.69,xglMcRequest,0x21fb58,224,FUNC,GLOBAL,2
SLUS_204.69,ResetShootSys,0x2bf480,72,FUNC,GLOBAL,2
SLUS_204.69,Java_xeno_Unit_setArgs__IIIII,0x3040c8,152,FUNC,GLOBAL,2
SLUS_204.69,sefDrawParticle,0x2dfcb8,676,FUNC,GLOBAL,2
SLUS_204.69,sceAddDrv,0x205d70,288,FUNC,GLOBAL,2
SLUS_204.69,CharEx,0x4dae8c,4,OBJECT,GLOBAL,12
SLUS_204.69,NewVu1LightTexReflSpecEnvStrip1,0x2338,0,NOTYPE,GLOBAL,31
SLUS_204.69,MAP_updateUnit,0x31f0c8,132,FUNC,GLOBAL,2
SLUS_204.69,__sigtramp,0x32f480,32,FUNC,GLOBAL,2
SLUS_204.69,endSpriteSet,0x27c228,116,FUNC,GLOBAL,2
SLUS_204.69,DB_incPos,0x2608c8,28,FUNC,GLOBAL,2
SLUS_204.69,KarakamaTest,0x2bce98,464,FUNC,GLOBAL,2
SLUS_204.69,sceVif1PkCloseUpkCode,0x20aed0,88,FUNC,GLOBAL,2
SLUS_204.69,_alalcFree,0x217208,12,FUNC,GLOBAL,2
SLUS_204.69,nmlPacketAddTransMicrocode,0x236cb0,712,FUNC,GLOBAL,2
SLUS_204.69,xglStudioMainCameraMove,0x22c720,32,FUNC,GLOBAL,2
SLUS_204.69,sceVif1PkCnt,0x20acf8,88,FUNC,GLOBAL,2
SLUS_204.69,drawVector4,0x266bc8,704,FUNC,GLOBAL,2
SLUS_204.69,__register_frame_info,0x32ccf0,104,FUNC,GLOBAL,2
SLUS_204.69,sefCreateEffectCf,0x2e7918,24,FUNC,GLOBAL,2
SLUS_204.69,_sceCd_scmdrdata,0x4acc00,1056,OBJECT,GLOBAL,5
SLUS_204.69,_copyRefImage,0x212498,96,FUNC,GLOBAL,2
SLUS_204.69,evtVM,0x4dc720,8,OBJECT,GLOBAL,13
SLUS_204.69,xglMenuOpen,0x21c788,468,FUNC,GLOBAL,2
SLUS_204.69,xglMcMain,0x220528,1280,FUNC,GLOBAL,2
SLUS_204.69,MenuParaNameGet2,0x28efb8,24,FUNC,GLOBAL,2
SLUS_204.69,nmlFilterSetFrameToBuffer,0x23caf8,260,FUNC,GLOBAL,2
SLUS_204.69,ppNextStart,0x2d9320,68,FUNC,GLOBAL,2
SLUS_204.69,CheckDist3D,0x2c8e40,112,FUNC,GLOBAL,2
SLUS_204.69,Vibration_Set_Strong,0x2d6ca8,64,FUNC,GLOBAL,2
SLUS_204.69,sceCdGetReadPos,0x20dc68,48,FUNC,GLOBAL,2
SLUS_204.69,xglVectorMulAddXYZ,0x2290f0,84,FUNC,GLOBAL,2
SLUS_204.69,xglDmaBufferCall,0x21b840,36,FUNC,GLOBAL,2
SLUS_204.69,__JNT_computeMatrix,0x2da9d0,3236,FUNC,GLOBAL,2
SLUS_204.69,sceSifLoadElfPart,0x2082b0,28,FUNC,GLOBAL,2
SLUS_204.69,LOOK_target_doit,0x3172d0,8,FUNC,GLOBAL,2
SLUS_204.69,Check_Wall,0x2d74c0,552,FUNC,GLOBAL,2
SLUS_204.69,SCRIPT_sendMovieSkipSignal,0x2611f0,32,FUNC,GLOBAL,2
SLUS_204.69,nmlModelGetFadeLevel,0x22f1a8,72,FUNC,GLOBAL,2
SLUS_204.69,MenuModelUnitDispose,0x27ff88,144,FUNC,GLOBAL,2
SLUS_204.69,xglLightCalcMatrix,0x22ade0,92,FUNC,GLOBAL,2
SLUS_204.69,close,0x200c08,8,FUNC,GLOBAL,2
SLUS_204.69,CpuConfig,0x2007b0,16,FUNC,GLOBAL,2
SLUS_204.69,nmlModelSetShadowMapId,0x22f598,8,FUNC,GLOBAL,2
SLUS_204.69,UmnBgCubeInit,0xa03060,228,FUNC,GLOBAL,1
SLUS_204.69,UmnInterface2,0xa104a4,4,OBJECT,GLOBAL,1
SLUS_204.69,createItemGetWin,0x260658,136,FUNC,GLOBAL,2
SLUS_204.69,HitCheckBoxCorner,0x2c0728,276,FUNC,GLOBAL,2
SLUS_204.69,InitMapTrap,0x2c58d0,1144,FUNC,GLOBAL,2
SLUS_204.69,DrillXMoveFunc,0x2ca260,608,FUNC,GLOBAL,2
SLUS_204.69,MenuTecNextWaitPointGet,0x2af7f8,60,FUNC,GLOBAL,2
SLUS_204.69,CharListMake_Para,0x295890,248,FUNC,GLOBAL,2
SLUS_204.69,subMenuSystemInit,0x2b54b0,260,FUNC,GLOBAL,2
SLUS_204.69,MenuTecTypeCheck,0x2b2f40,76,FUNC,GLOBAL,2
SLUS_204.69,DrillResetFlag,0x2cad70,168,FUNC,GLOBAL,2
SLUS_204.69,EtherTreeRightMain,0x2bad98,84,FUNC,GLOBAL,2
SLUS_204.69,sceSifLoadFileReset,0x2078f8,56,FUNC,GLOBAL,2
SLUS_204.69,xglCdStreamOpen,0x21e410,356,FUNC,GLOBAL,2
SLUS_204.69,umn_task,0xa10490,4,OBJECT,GLOBAL,1
SLUS_204.69,TexturTest,0x2724a8,620,FUNC,GLOBAL,2
SLUS_204.69,UmnDataBaseAnalisisSet,0x276298,84,FUNC,GLOBAL,2
SLUS_204.69,Set_Motion,0x2d0488,192,FUNC,GLOBAL,2
SLUS_204.69,nmlModelSetNameVisible,0x2305b0,504,FUNC,GLOBAL,2
SLUS_204.69,LogoFirst,0xa00668,92,FUNC,GLOBAL,1
SLUS_204.69,JTHREAD_default,0x3055d8,96,FUNC,GLOBAL,2
SLUS_204.69,GameMovieTransparent,0x4d9ef4,1,OBJECT,GLOBAL,12
SLUS_204.69,EnemySoundEnd,0x2d0838,76,FUNC,GLOBAL,2
SLUS_204.69,PacketDataNewVu1TexEnvMicroCode,0x4b0a50,0,NOTYPE,GLOBAL,9
SLUS_204.69,PartyFriendCheck,0x2b5b18,84,FUNC,GLOBAL,2
SLUS_204.69,_peepBit,0x2139d0,264,FUNC,GLOBAL,2
SLUS_204.69,eCursolModeChange,0x274b18,140,FUNC,GLOBAL,2
SLUS_204.69,SEQ_moveChr,0x309fd0,708,FUNC,GLOBAL,2
SLUS_204.69,__pack_d,0x32dc88,280,FUNC,GLOBAL,2
SLUS_204.69,SsdStopWave,0x240eb0,72,FUNC,GLOBAL,2
SLUS_204.69,Java_xeno_Unit_setRotate__,0x3036c8,308,FUNC,GLOBAL,2
SLUS_204.69,MMathCalcAngleMatrix,0x2efee0,88,FUNC,GLOBAL,2
SLUS_204.69,xglVectorDivSubXYZ,0x229388,108,FUNC,GLOBAL,2
SLUS_204.69,GameModeDebugMenu,0x245ba8,172,FUNC,GLOBAL,2
SLUS_204.69,vfprintf,0x331578,116,FUNC,GLOBAL,2
SLUS_204.69,Java_xeno_PlayControl_stop__,0x2fa4f8,24,FUNC,GLOBAL,2
SLUS_204.69,MenuTecInfoMain,0x2afd78,2012,FUNC,GLOBAL,2
SLUS_204.69,sefDestroyEffect,0x2e7010,116,FUNC,GLOBAL,2
SLUS_204.69,NewVu1LightTexMultiSpecFaceStrip,0x1eb0,0,NOTYPE,GLOBAL,23
SLUS_204.69,JNI_createThread,0x2f0650,192,FUNC,GLOBAL,2
SLUS_204.69,SsdPlayVagStream,0x241cc8,76,FUNC,GLOBAL,2
SLUS_204.69,_heap_size,0x10000,0,OBJECT,GLOBAL,65521
SLUS_204.69,EtherTreeRightTargetChange,0x2bac90,92,FUNC,GLOBAL,2
SLUS_204.69,UmnInterface2Init,0xa033e0,108,FUNC,GLOBAL,1
SLUS_204.69,xglLRand,0x22ab08,92,FUNC,GLOBAL,2
SLUS_204.69,ExitDeleteThread,0x200360,16,FUNC,GLOBAL,2
SLUS_204.69,sceSifRpcLoop,0x203d90,64,FUNC,GLOBAL,2
SLUS_204.69,UmnSimulationNo,0x4da814,4,OBJECT,GLOBAL,12
SLUS_204.69,_ri0_100,0x211de0,172,FUNC,GLOBAL,2
SLUS_204.69,MenuModelResourceMain,0x27f990,524,FUNC,GLOBAL,2
SLUS_204.69,iReleaseAlarm,0x200310,16,FUNC,GLOBAL,2
SLUS_204.69,sefGetMatrixScale,0x2e5af8,20,FUNC,GLOBAL,2
SLUS_204.69,xglVectorScaleAdd,0x229460,84,FUNC,GLOBAL,2
SLUS_204.69,TWSYS_update,0x25d0f0,212,FUNC,GLOBAL,2
SLUS_204.69,MMathRotateMatrixY,0x2ef908,100,FUNC,GLOBAL,2
SLUS_204.69,Get_Ladder,0x2ce7f0,200,FUNC,GLOBAL,2
SLUS_204.69,PLAY_getCallBackParams,0x26ab90,20,FUNC,GLOBAL,2
SLUS_204.69,__load_stop_ov99,0xb4ea24,0,OBJECT,GLOBAL,65521
SLUS_204.69,raise,0x32f418,32,FUNC,GLOBAL,2
SLUS_204.69,MenuLoadFile,0x2751b0,32,FUNC,GLOBAL,2
SLUS_204.69,sdvDestroyAlter,0x2ee150,24,FUNC,GLOBAL,2
SLUS_204.69,CUR_MATRIX_SetR,0x26f2d8,28,FUNC,GLOBAL,2
SLUS_204.69,MBUF_create,0x25ccb0,248,FUNC,GLOBAL,2
SLUS_204.69,Java_xeno_Unit_getState__,0x304448,128,FUNC,GLOBAL,2
SLUS_204.69,JNT_getVal,0x30f038,1280,FUNC,GLOBAL,2
SLUS_204.69,sefInitEffectCf,0x2e6c78,64,FUNC,GLOBAL,2
SLUS_204.69,radixTenUnits,0x36ade8,100,OBJECT,GLOBAL,5
SLUS_204.69,_lshift,0x336bc8,344,FUNC,GLOBAL,2
SLUS_204.69,MenuSegmentInfoTextGet,0x28e850,80,FUNC,GLOBAL,2
SLUS_204.69,EventCheck_Square_Touch,0x2d6408,64,FUNC,GLOBAL,2
SLUS_204.69,MAP_createUnit,0x31efb8,268,FUNC,GLOBAL,2
SLUS_204.69,free,0x32e270,72,FUNC,GLOBAL,2
SLUS_204.69,sceMpegSetImageBuff,0x217168,12,FUNC,GLOBAL,2
SLUS_204.69,__ieee754_acos,0x324110,1828,FUNC,GLOBAL,2
SLUS_204.69,_kTLBRefillHandler,0x4ab618,4,OBJECT,GLOBAL,5
SLUS_204.69,nmlPacketAddScreenClear,0x239b00,384,FUNC,GLOBAL,2
SLUS_204.69,MIF2_gaiji,0x25c848,36,FUNC,GLOBAL,2
SLUS_204.69,xglSendSePacket,0x227000,76,FUNC,GLOBAL,2
SLUS_204.69,eNumberNumberChange,0x276c40,8,FUNC,GLOBAL,2
SLUS_204.69,UmnMain,0xa02778,560,FUNC,GLOBAL,1
SLUS_204.69,iDisableDmacHandler,0x200750,16,FUNC,GLOBAL,2
SLUS_204.69,Java_xeno_Unit_getSignal__,0x302520,128,FUNC,GLOBAL,2
SLUS_204.69,_Bfree,0x3364d8,44,FUNC,GLOBAL,2
SLUS_204.69,sceCdSearchFile,0x20d220,28,FUNC,GLOBAL,2
SLUS_204.69,__ieee754_atan2f,0x326b80,484,FUNC,GLOBAL,2
SLUS_204.69,MMathTranslateMatrix,0x2efda8,64,FUNC,GLOBAL,2
SLUS_204.69,NewVu1AddLightTexMultiSpecStrip,0x1718,0,NOTYPE,GLOBAL,41
SLUS_204.69,xglFontGetProportionalSize,0x21ac78,144,FUNC,GLOBAL,2
SLUS_204.69,__do_global_ctors,0x32ba90,192,FUNC,GLOBAL,2
SLUS_204.69,MMathDeg2RadVectorI,0x2ef238,40,FUNC,GLOBAL,2
SLUS_204.69,MenuTecTrgCheck,0x2b2f18,40,FUNC,GLOBAL,2
SLUS_204.69,StartThread,0x200340,16,FUNC,GLOBAL,2
SLUS_204.69,tyaDisplaySetting,0x259d50,864,FUNC,GLOBAL,2
SLUS_204.69,xglMcWriteMapName,0x21fe98,64,FUNC,GLOBAL,2
SLUS_204.69,Move_BeltConveyer,0x2d0f78,248,FUNC,GLOBAL,2
SLUS_204.69,JS_classSetup,0x26b250,12,FUNC,GLOBAL,2
SLUS_204.69,RES_GetMotBaseName,0x24cb68,112,FUNC,GLOBAL,2
OV01.OVL,gcc2_compiled.,0xa00000,0,NOTYPE,LOCAL,1
OV01.OVL,__gnu_compiled_c,0xa00000,0,NOTYPE,LOCAL,1
OV01.OVL,gcc2_compiled.,0xa00218,0,NOTYPE,LOCAL,1
OV01.OVL,__gnu_compiled_c,0xa00218,0,NOTYPE,LOCAL,1
OV01.OVL,taskBuf,0xa55940,0,NOTYPE,LOCAL,1
OV01.OVL,taskMan,0xa55930,0,NOTYPE,LOCAL,1
OV01.OVL,objWork,0xa51970,0,NOTYPE,LOCAL,1
OV01.OVL,gcc2_compiled.,0xa00d60,0,NOTYPE,LOCAL,1
OV01.OVL,__gnu_compiled_c,0xa00d60,0,NOTYPE,LOCAL,1
OV01.OVL,unitTbl,0xa57240,0,NOTYPE,LOCAL,1
OV01.OVL,unitPlNum,0xa57260,0,NOTYPE,LOCAL,1
OV01.OVL,unitEnNum,0xa57264,0,NOTYPE,LOCAL,1
OV01.OVL,unitCmdTbl,0xa3aac8,196,OBJECT,LOCAL,1
OV01.OVL,sSp,0xa57268,0,NOTYPE,LOCAL,1
OV01.OVL,cPoint,0xa57280,0,NOTYPE,LOCAL,1
OV01.OVL,gcc2_compiled.,0xa07770,0,NOTYPE,LOCAL,1
OV01.OVL,__gnu_compiled_c,0xa07770,0,NOTYPE,LOCAL,1
OV01.OVL,mvFname,0xa3d440,20,OBJECT,LOCAL,1
OV01.OVL,keyItemTblCha,0xa3d458,8,OBJECT,LOCAL,1
OV01.OVL,keyItemTblAgws,0xa3d460,8,OBJECT,LOCAL,1
OV01.OVL,keyCmd01,0xa3d468,4,OBJECT,LOCAL,1
OV01.OVL,keyCmd02,0xa3d470,4,OBJECT,LOCAL,1
OV01.OVL,keyCmd03,0xa3d478,6,OBJECT,LOCAL,1
OV01.OVL,keyCmd04,0xa3d480,6,OBJECT,LOCAL,1
OV01.OVL,keyCmd05,0xa3d488,6,OBJECT,LOCAL,1
OV01.OVL,keyCmd06,0xa3d490,6,OBJECT,LOCAL,1
OV01.OVL,keyCmd07,0xa3d498,6,OBJECT,LOCAL,1
OV01.OVL,keyCmd08,0xa3d4a0,6,OBJECT,LOCAL,1
OV01.OVL,keyCmd09,0xa3d4a8,8,OBJECT,LOCAL,1
OV01.OVL,keyCmd10,0xa3d4b0,8,OBJECT,LOCAL,1
OV01.OVL,keyCmd11,0xa3d4b8,8,OBJECT,LOCAL,1
OV01.OVL,keyCmd12,0xa3d4c0,8,OBJECT,LOCAL,1
OV01.OVL,keyCmd13,0xa3d4c8,8,OBJECT,LOCAL,1
OV01.OVL,keyCmd14,0xa3d4d0,8,OBJECT,LOCAL,1
OV01.OVL,keyCmd15,0xa3d4d8,4,OBJECT,LOCAL,1
OV01.OVL,keyCmd16,0xa3d4e0,6,OBJECT,LOCAL,1
OV01.OVL,keyCmd17,0xa3d4e8,6,OBJECT,LOCAL,1
OV01.OVL,keyCmd18,0xa3d4f0,6,OBJECT,LOCAL,1
OV01.OVL,keyCmdTblCha,0xa3d4f8,192,OBJECT,LOCAL,1
OV01.OVL,keyCmdTblAgws,0xa3d5b8,156,OBJECT,LOCAL,1
OV01.OVL,pTaskEnCur,0xa57540,0,NOTYPE,LOCAL,1
OV01.OVL,fifoCmd,0xa575b8,0,NOTYPE,LOCAL,1
OV01.OVL,pTgtUnit,0xa57550,0,NOTYPE,LOCAL,1
OV01.OVL,pActUnit,0xa57544,0,NOTYPE,LOCAL,1
OV01.OVL,pExecUnit,0xa57548,0,NOTYPE,LOCAL,1
OV01.OVL,pTgtUnit2,0xa57554,0,NOTYPE,LOCAL,1
OV01.OVL,pManUnit,0xa5754c,0,NOTYPE,LOCAL,1
OV01.OVL,pCounterUnit,0xa5755c,0,NOTYPE,LOCAL,1
OV01.OVL,pLastUnit,0xa57560,0,NOTYPE,LOCAL,1
OV01.OVL,manWk,0xa57578,0,NOTYPE,LOCAL,1
OV01.OVL,batCtrl,0xa57568,0,NOTYPE,LOCAL,1
OV01.OVL,thinkWk,0xa57590,0,NOTYPE,LOCAL,1
OV01.OVL,batMainFlag,0xa578d0,0,NOTYPE,LOCAL,1
OV01.OVL,menuFlag,0xa578d4,0,NOTYPE,LOCAL,1
OV01.OVL,helpFlag,0xa57b7c,0,NOTYPE,LOCAL,1
OV01.OVL,escapeFlag,0xa57be8,0,NOTYPE,LOCAL,1
OV01.OVL,camEv,0xa57b80,0,NOTYPE,LOCAL,1
OV01.OVL,actStock,0xa57c58,0,NOTYPE,LOCAL,1
OV01.OVL,atkTbl.0,0xa57300,0,NOTYPE,LOCAL,1
OV01.OVL,msgWork,0xa57ca0,0,NOTYPE,LOCAL,1
OV01.OVL,cmdList,0xa575d0,0,NOTYPE,LOCAL,1
OV01.OVL,statUnit,0xa57b70,0,NOTYPE,LOCAL,1
OV01.OVL,keyBuffIdx,0xa57594,0,NOTYPE,LOCAL,1
OV01.OVL,keyBuff,0xa57598,0,NOTYPE,LOCAL,1
OV01.OVL,batRetCode,0xa57ce0,0,NOTYPE,LOCAL,1
OV01.OVL,thinkNo,0xa57c80,0,NOTYPE,LOCAL,1
OV01.OVL,plTbl,0xa57c88,0,NOTYPE,LOCAL,1
OV01.OVL,scenarioPtr,0xa57b58,0,NOTYPE,LOCAL,1
OV01.OVL,scenarioSrc,0xa578d8,0,NOTYPE,LOCAL,1
OV01.OVL,scenarioDst,0xa57978,0,NOTYPE,LOCAL,1
OV01.OVL,loadNum,0xa57c4c,0,NOTYPE,LOCAL,1
OV01.OVL,nusumuFlag,0xa57c50,0,NOTYPE,LOCAL,1
OV01.OVL,jtypeIdx,0xa57ce4,0,NOTYPE,LOCAL,1
OV01.OVL,itemGrp1,0xa3d658,32,OBJECT,LOCAL,1
OV01.OVL,itemGrp2,0xa3d678,20,OBJECT,LOCAL,1
OV01.OVL,itemGrp3,0xa3d690,20,OBJECT,LOCAL,1
OV01.OVL,itemGrp4,0xa3d6a8,8,OBJECT,LOCAL,1
OV01.OVL,inoriTbl,0xa3d6b0,48,OBJECT,LOCAL,1
OV01.OVL,decoEff,0xa3d6e0,96,OBJECT,LOCAL,1
OV01.OVL,monsGain,0xa57b90,0,NOTYPE,LOCAL,1
OV01.OVL,effId,0xa3d740,28,OBJECT,LOCAL,1
OV01.OVL,effTbl,0xa3d760,128,OBJECT,LOCAL,1
OV01.OVL,curMove,0xa57bf0,0,NOTYPE,LOCAL,1
OV01.OVL,chaTbl,0xa3d7e0,28,OBJECT,LOCAL,1
OV01.OVL,agwsTbl,0xa3d800,16,OBJECT,LOCAL,1
OV01.OVL,oldCurGrp,0xa57558,0,NOTYPE,LOCAL,1
OV01.OVL,cur1,0xa3d810,112,OBJECT,LOCAL,1
OV01.OVL,gcc2_compiled.,0xa10bb8,0,NOTYPE,LOCAL,1
OV01.OVL,__gnu_compiled_c,0xa10bb8,0,NOTYPE,LOCAL,1
OV01.OVL,unitPara.0,0xa57ce8,0,NOTYPE,LOCAL,1
OV01.OVL,tgtNum,0xa57e8c,0,NOTYPE,LOCAL,1
OV01.OVL,tgtIdx,0xa57e88,0,NOTYPE,LOCAL,1
OV01.OVL,tgtTbl,0xa57e68,0,NOTYPE,LOCAL,1
OV01.OVL,turn.1,0xa3d8f8,128,OBJECT,LOCAL,1
OV01.OVL,gcc2_compiled.,0xa191c0,0,NOTYPE,LOCAL,1
OV01.OVL,__gnu_compiled_c,0xa191c0,0,NOTYPE,LOCAL,1
OV01.OVL,mdlFileName,0xa3d980,256,OBJECT,LOCAL,1
OV01.OVL,mdlFileName2,0xa3da80,256,OBJECT,LOCAL,1
OV01.OVL,motFileName,0xa3db80,256,OBJECT,LOCAL,1
OV01.OVL,motNameBase,0xa3dc80,4,OBJECT,LOCAL,1
OV01.OVL,motNameExt,0xa3dc84,4,OBJECT,LOCAL,1
OV01.OVL,mapNameBase,0xa3dc88,4,OBJECT,LOCAL,1
OV01.OVL,mapNameExt,0xa3dc8c,4,OBJECT,LOCAL,1
OV01.OVL,mapName,0xa3dc90,4,OBJECT,LOCAL,1
OV01.OVL,thinkNameBase,0xa3dc94,4,OBJECT,LOCAL,1
OV01.OVL,thinkNameExt,0xa3dc98,4,OBJECT,LOCAL,1
OV01.OVL,thinkName,0xa3dc9c,4,OBJECT,LOCAL,1
OV01.OVL,xtxFile,0xa3dca0,32,OBJECT,LOCAL,1
OV01.OVL,xtxAdr,0xa3dcc0,38,OBJECT,LOCAL,1
OV01.OVL,posTbl,0xa3dcf0,1152,OBJECT,LOCAL,1
OV01.OVL,widChgTbl,0xa3e170,232,OBJECT,LOCAL,1
OV01.OVL,cidChgTbl,0xa3e258,392,OBJECT,LOCAL,1
OV01.OVL,motFile,0xa3e3e0,1212,OBJECT,LOCAL,1
OV01.OVL,agwsName,0xa3e8a0,52,OBJECT,LOCAL,1
OV01.OVL,agwsLRName,0xa3e8d8,12,OBJECT,LOCAL,1
OV01.OVL,thinkMapTbl,0xa3e8e8,400,OBJECT,LOCAL,1
OV01.OVL,specTbl,0xa3ea78,64,OBJECT,LOCAL,1
OV01.OVL,bakpTbl,0xa3eab8,64,OBJECT,LOCAL,1
OV01.OVL,playerData,0xa57e90,0,NOTYPE,LOCAL,1
OV01.OVL,enemyData,0xa58910,0,NOTYPE,LOCAL,1
OV01.OVL,cdReqNum,0xa597b0,0,NOTYPE,LOCAL,1
OV01.OVL,unitFileInfo,0xa59090,0,NOTYPE,LOCAL,1
OV01.OVL,leaderCid,0xa597b4,0,NOTYPE,LOCAL,1
OV01.OVL,leaderId,0xa597b8,0,NOTYPE,LOCAL,1
OV01.OVL,pcNameBase,0xa3eb34,4,OBJECT,LOCAL,1
OV01.OVL,pcPack.0,0xa3eb38,120,OBJECT,LOCAL,1
OV01.OVL,wpnNameBase,0xa3ebb0,4,OBJECT,LOCAL,1
OV01.OVL,pcPack.1,0xa3ebb8,304,OBJECT,LOCAL,1
OV01.OVL,padConvTbl,0xa3eda8,28,OBJECT,LOCAL,1
OV01.OVL,padMode,0xa597bc,0,NOTYPE,LOCAL,1
OV01.OVL,padData,0xa597c0,0,NOTYPE,LOCAL,1
OV01.OVL,gcc2_compiled.,0xa1d348,0,NOTYPE,LOCAL,1
OV01.OVL,__gnu_compiled_c,0xa1d348,0,NOTYPE,LOCAL,1
OV01.OVL,processBuf,0xa597d0,0,NOTYPE,LOCAL,1
OV01.OVL,context,0xa59a10,0,NOTYPE,LOCAL,1
OV01.OVL,pDataTop,0xa59be0,0,NOTYPE,LOCAL,1
OV01.OVL,pContext,0xa59be4,0,NOTYPE,LOCAL,1
OV01.OVL,pThinkTop,0xa59be8,0,NOTYPE,LOCAL,1
OV01.OVL,pMonsSetTop,0xa59bec,0,NOTYPE,LOCAL,1
OV01.OVL,cmdPutFlag,0xa59c00,0,NOTYPE,LOCAL,1
OV01.OVL,bankMode,0xa59c14,0,NOTYPE,LOCAL,1
OV01.OVL,msgPosX,0xa59c04,0,NOTYPE,LOCAL,1
OV01.OVL,msgPosY,0xa59c08,0,NOTYPE,LOCAL,1
OV01.OVL,camMode,0xa59c0c,0,NOTYPE,LOCAL,1
OV01.OVL,persMode,0xa59c10,0,NOTYPE,LOCAL,1
OV01.OVL,pCamSetTop,0xa59bf8,0,NOTYPE,LOCAL,1
OV01.OVL,pCamTop,0xa59bf4,0,NOTYPE,LOCAL,1
OV01.OVL,camTblIdx,0xa59bfc,0,NOTYPE,LOCAL,1
OV01.OVL,pThinkUnit,0xa59bf0,0,NOTYPE,LOCAL,1
OV01.OVL,cmdTbl,0xa3edc8,396,OBJECT,LOCAL,1
OV01.OVL,posTbl,0xa5a1a0,0,NOTYPE,LOCAL,1
OV01.OVL,mcamViewMove,0xa59d80,0,NOTYPE,LOCAL,1
OV01.OVL,mcamView,0xa59c20,0,NOTYPE,LOCAL,1
OV01.OVL,mcamLookAtMove,0xa59e30,0,NOTYPE,LOCAL,1
OV01.OVL,mcamLookAt,0xa59cd0,0,NOTYPE,LOCAL,1
OV01.OVL,mcamPersMove,0xa5a040,0,NOTYPE,LOCAL,1
OV01.OVL,mcamPers,0xa59ee0,0,NOTYPE,LOCAL,1
OV01.OVL,mcamBankMove,0xa5a0f0,0,NOTYPE,LOCAL,1
OV01.OVL,mcamBank,0xa59f90,0,NOTYPE,LOCAL,1
OV01.OVL,gcc2_compiled.,0xa22628,0,NOTYPE,LOCAL,1
OV01.OVL,__gnu_compiled_c,0xa22628,0,NOTYPE,LOCAL,1
OV01.OVL,pauseFlag,0xa3ef60,4,OBJECT,LOCAL,1
OV01.OVL,cameraFlag,0xa3ef64,4,OBJECT,LOCAL,1
OV01.OVL,battleSeqWk,0xa5a1f0,0,NOTYPE,LOCAL,1
OV01.OVL,battleSeq,0xa5a1ec,0,NOTYPE,LOCAL,1
OV01.OVL,frameCnt,0xa5a1e8,0,NOTYPE,LOCAL,1
OV01.OVL,sIntPararel2.0,0xa3ef70,16,OBJECT,LOCAL,1
OV01.OVL,sIntAmbient.1,0xa3ef80,16,OBJECT,LOCAL,1
OV01.OVL,battleDispMode,0xa5a218,0,NOTYPE,LOCAL,1
OV01.OVL,loadNum,0xa5a214,0,NOTYPE,LOCAL,1
OV01.OVL,pFadeIn,0xa5a230,0,NOTYPE,LOCAL,1
OV01.OVL,camEv,0xa5a220,0,NOTYPE,LOCAL,1
OV01.OVL,encEffCmd,0xa5a23c,0,NOTYPE,LOCAL,1
OV01.OVL,unitIdx,0xa5a21c,0,NOTYPE,LOCAL,1
OV01.OVL,pCreateUnit,0xa5a234,0,NOTYPE,LOCAL,1
OV01.OVL,pCvUnit,0xa5a238,0,NOTYPE,LOCAL,1
OV01.OVL,fadeFlag,0xa5a210,0,NOTYPE,LOCAL,1
OV01.OVL,ft4Base,0xa3ef90,112,OBJECT,LOCAL,1
OV01.OVL,encObjCnt,0xa5a240,0,NOTYPE,LOCAL,1
OV01.OVL,theta,0xa5a244,0,NOTYPE,LOCAL,1
OV01.OVL,thetaInc,0xa5a248,0,NOTYPE,LOCAL,1
OV01.OVL,gcc2_compiled.,0xa24a98,0,NOTYPE,LOCAL,1
OV01.OVL,__gnu_compiled_c,0xa24a98,0,NOTYPE,LOCAL,1
OV01.OVL,fb,0xa3f000,16,OBJECT,LOCAL,1
OV01.OVL,f2Num,0xa5a250,0,NOTYPE,LOCAL,1
OV01.OVL,f2GpSave,0xa5a258,0,NOTYPE,LOCAL,1
OV01.OVL,f4Num,0xa5a260,0,NOTYPE,LOCAL,1
OV01.OVL,f4GpSave,0xa5a268,0,NOTYPE,LOCAL,1
OV01.OVL,ft4Num,0xa5a270,0,NOTYPE,LOCAL,1
OV01.OVL,ft4GpSave,0xa5a278,0,NOTYPE,LOCAL,1
OV01.OVL,ft4STQNum,0xa5a280,0,NOTYPE,LOCAL,1
OV01.OVL,ft4STQGpSave,0xa5a288,0,NOTYPE,LOCAL,1
OV01.OVL,sprNum,0xa5a290,0,NOTYPE,LOCAL,1
OV01.OVL,sprGpSave,0xa5a298,0,NOTYPE,LOCAL,1
OV01.OVL,gcc2_compiled.,0xa26018,0,NOTYPE,LOCAL,1
OV01.OVL,__gnu_compiled_c,0xa26018,0,NOTYPE,LOCAL,1
OV01.OVL,chaTbl,0xa3f038,80,OBJECT,LOCAL,1
OV01.OVL,agwsTbl,0xa3f088,80,OBJECT,LOCAL,1
OV01.OVL,pMenuBat,0xa5a2a0,0,NOTYPE,LOCAL,1
OV01.OVL,menuSelCnt,0xa5a304,0,NOTYPE,LOCAL,1
OV01.OVL,menuResBat,0xa5a308,0,NOTYPE,LOCAL,1
OV01.OVL,menuSel,0xa5a300,0,NOTYPE,LOCAL,1
OV01.OVL,cPoint,0xa5a330,0,NOTYPE,LOCAL,1
OV01.OVL,sSp,0xa5a310,0,NOTYPE,LOCAL,1
OV01.OVL,ethBw,0xa5a398,0,NOTYPE,LOCAL,1
OV01.OVL,ethWin,0xa5a370,0,NOTYPE,LOCAL,1
OV01.OVL,itmBw,0xa5a460,0,NOTYPE,LOCAL,1
OV01.OVL,itmWin,0xa5a438,0,NOTYPE,LOCAL,1
OV01.OVL,pAtbObj,0xa5a2a8,0,NOTYPE,LOCAL,1
OV01.OVL,pPreObj,0xa5a2a4,0,NOTYPE,LOCAL,1
OV01.OVL,pKeyGuideObj,0xa5a2ac,0,NOTYPE,LOCAL,1
OV01.OVL,mapH,0xa5a2f8,0,NOTYPE,LOCAL,1
OV01.OVL,mapHDist,0xa5a2fc,0,NOTYPE,LOCAL,1
OV01.OVL,RingRot,0xa5a2f4,0,NOTYPE,LOCAL,1
OV01.OVL,ETRot,0xa5a2ec,0,NOTYPE,LOCAL,1
OV01.OVL,ETRotDist,0xa5a2f0,0,NOTYPE,LOCAL,1
OV01.OVL,pBoostObj,0xa5a2b0,0,NOTYPE,LOCAL,1
OV01.OVL,pCritObj,0xa5a2b4,0,NOTYPE,LOCAL,1
OV01.OVL,pStockObj,0xa5a2c8,0,NOTYPE,LOCAL,1
OV01.OVL,pStatObj,0xa5a2b8,0,NOTYPE,LOCAL,1
OV01.OVL,selX,0xa5a2dc,0,NOTYPE,LOCAL,1
OV01.OVL,selY,0xa5a2e0,0,NOTYPE,LOCAL,1
OV01.OVL,eventTimer,0xa5a2e4,0,NOTYPE,LOCAL,1
OV01.OVL,eventTimerX,0xa5a2e8,0,NOTYPE,LOCAL,1
OV01.OVL,statBA,0xa3f0d8,180,OBJECT,LOCAL,1
OV01.OVL,statMA,0xa3f190,144,OBJECT,LOCAL,1
OV01.OVL,statBB,0xa3f220,156,OBJECT,LOCAL,1
OV01.OVL,statMB,0xa3f2c0,108,OBJECT,LOCAL,1
OV01.OVL,statAA1,0xa3f330,168,OBJECT,LOCAL,1
OV01.OVL,statAA2,0xa3f3d8,48,OBJECT,LOCAL,1
OV01.OVL,statAB,0xa3f408,60,OBJECT,LOCAL,1
OV01.OVL,statTbl,0xa3f448,32,OBJECT,LOCAL,1
OV01.OVL,keyDispL,0xa3f468,8,OBJECT,LOCAL,1
OV01.OVL,keyDispU,0xa3f470,8,OBJECT,LOCAL,1
OV01.OVL,keyDispLL,0xa3f478,12,OBJECT,LOCAL,1
OV01.OVL,keyDispLU,0xa3f488,12,OBJECT,LOCAL,1
OV01.OVL,keyDispUU,0xa3f498,12,OBJECT,LOCAL,1
OV01.OVL,keyDispUL,0xa3f4a8,12,OBJECT,LOCAL,1
OV01.OVL,keyDispLR,0xa3f4b8,12,OBJECT,LOCAL,1
OV01.OVL,keyDispUR,0xa3f4c8,12,OBJECT,LOCAL,1
OV01.OVL,keyDispR,0xa3f4d8,8,OBJECT,LOCAL,1
OV01.OVL,keyDispRL,0xa3f4e0,12,OBJECT,LOCAL,1
OV01.OVL,keyDispRU,0xa3f4f0,12,OBJECT,LOCAL,1
OV01.OVL,keyDispRR,0xa3f500,12,OBJECT,LOCAL,1
OV01.OVL,keyGuideNull,0xa3f510,40,OBJECT,LOCAL,1
OV01.OVL,keyGuideL,0xa3f538,40,OBJECT,LOCAL,1
OV01.OVL,keyGuideU,0xa3f560,40,OBJECT,LOCAL,1
OV01.OVL,keyGuideLL,0xa3f588,24,OBJECT,LOCAL,1
OV01.OVL,keyGuideLU,0xa3f5a0,24,OBJECT,LOCAL,1
OV01.OVL,keyGuideUU,0xa3f5b8,24,OBJECT,LOCAL,1
OV01.OVL,keyGuideUL,0xa3f5d0,24,OBJECT,LOCAL,1
OV01.OVL,keyGuideLR,0xa3f5e8,24,OBJECT,LOCAL,1
OV01.OVL,keyGuideUR,0xa3f600,24,OBJECT,LOCAL,1
OV01.OVL,keyGuideR,0xa3f618,40,OBJECT,LOCAL,1
OV01.OVL,keyGuideD,0xa3f640,16,OBJECT,LOCAL,1
OV01.OVL,keyGuideTblChr,0xa3f650,104,OBJECT,LOCAL,1
OV01.OVL,keyGuideTblAgws,0xa3f6b8,104,OBJECT,LOCAL,1
OV01.OVL,uvTbl,0xa3f720,128,OBJECT,LOCAL,1
OV01.OVL,atr1Name,0xa3f7a0,12,OBJECT,LOCAL,1
OV01.OVL,atr2Name,0xa3f7b0,16,OBJECT,LOCAL,1
OV01.OVL,atr3Name,0xa3f7c0,24,OBJECT,LOCAL,1
OV01.OVL,font.0,0xa3f7d8,4,OBJECT,LOCAL,1
OV01.OVL,font.1,0xa3f7dc,4,OBJECT,LOCAL,1
OV01.OVL,gcc2_compiled.,0xa2c3a0,0,NOTYPE,LOCAL,1
OV01.OVL,__gnu_compiled_c,0xa2c3a0,0,NOTYPE,LOCAL,1
OV01.OVL,mapPartsName,0xa3f7e0,8,OBJECT,LOCAL,1
OV01.OVL,mapDispWork,0xa5a920,0,NOTYPE,LOCAL,1
OV01.OVL,mapMul,0xa5a930,0,NOTYPE,LOCAL,1
OV01.OVL,gcc2_compiled.,0xa2c5a8,0,NOTYPE,LOCAL,1
OV01.OVL,__gnu_compiled_c,0xa2c5a8,0,NOTYPE,LOCAL,1
OV01.OVL,ethNameTbl,0xa3f7e8,948,OBJECT,LOCAL,1
OV01.OVL,itmNameTbl,0xa3fba0,864,OBJECT,LOCAL,1
OV01.OVL,sklNameTbl,0xa3ff00,804,OBJECT,LOCAL,1
OV01.OVL,accNameTbl,0xa40228,2160,OBJECT,LOCAL,1
OV01.OVL,wepNameTbl,0xa40a98,1368,OBJECT,LOCAL,1
OV01.OVL,bltNameTbl,0xa40ff0,2136,OBJECT,LOCAL,1
OV01.OVL,nrmNameTbl,0xa41848,528,OBJECT,LOCAL,1
OV01.OVL,spcNameTbl,0xa41a58,636,OBJECT,LOCAL,1
OV01.OVL,enemyNameTbl,0xa41cd8,616,OBJECT,LOCAL,1
OV01.OVL,ba,0xa41f40,56,OBJECT,LOCAL,1
OV01.OVL,ma,0xa41f78,44,OBJECT,LOCAL,1
OV01.OVL,bb,0xa41fa8,48,OBJECT,LOCAL,1
OV01.OVL,mb,0xa41fd8,32,OBJECT,LOCAL,1
OV01.OVL,aa1,0xa41ff8,52,OBJECT,LOCAL,1
OV01.OVL,aa2,0xa42030,12,OBJECT,LOCAL,1
OV01.OVL,ab,0xa42040,16,OBJECT,LOCAL,1
OV01.OVL,statNameTbl,0xa42050,32,OBJECT,LOCAL,1
OV01.OVL,playerNameTbl,0xa42070,128,OBJECT,LOCAL,1
OV01.OVL,ziggyName,0xa420f0,4,OBJECT,LOCAL,1
OV01.OVL,engNameTbl,0xa420f8,480,OBJECT,LOCAL,1
OV01.OVL,frmNameTbl,0xa422d8,480,OBJECT,LOCAL,1
OV01.OVL,gcc2_compiled.,0xa2c9b8,0,NOTYPE,LOCAL,1
OV01.OVL,__gnu_compiled_c,0xa2c9b8,0,NOTYPE,LOCAL,1
OV01.OVL,gcc2_compiled.,0xa2c9f8,0,NOTYPE,LOCAL,1
OV01.OVL,__gnu_compiled_c,0xa2c9f8,0,NOTYPE,LOCAL,1
OV01.OVL,sndSeNameBase,0xa424b8,4,OBJECT,LOCAL,1
OV01.OVL,sndSeNameExt,0xa424bc,4,OBJECT,LOCAL,1
OV01.OVL,sndMuNameBase,0xa424c0,4,OBJECT,LOCAL,1
OV01.OVL,sndMuNameExt1,0xa424c4,4,OBJECT,LOCAL,1
OV01.OVL,sndMuNameExt2,0xa424c8,4,OBJECT,LOCAL,1
OV01.OVL,muName,0xa424d0,12,OBJECT,LOCAL,1
OV01.OVL,mu2Name,0xa424e0,12,OBJECT,LOCAL,1
OV01.OVL,plChaBaseSeName,0xa424f0,64,OBJECT,LOCAL,1
OV01.OVL,plAgwsBaseSeName,0xa42530,64,OBJECT,LOCAL,1
OV01.OVL,enemyBaseSeName,0xa42570,644,OBJECT,LOCAL,1
OV01.OVL,plChaMidSeName,0xa427f8,96,OBJECT,LOCAL,1
OV01.OVL,plAgwsMidSeName,0xa42858,12,OBJECT,LOCAL,1
OV01.OVL,enemyMidSeName,0xa42868,12,OBJECT,LOCAL,1
OV01.OVL,btst,0xa42878,280,OBJECT,LOCAL,1
OV01.OVL,bted,0xa42990,280,OBJECT,LOCAL,1
OV01.OVL,fileName,0xa5a940,0,NOTYPE,LOCAL,1
OV01.OVL,gcc2_compiled.,0xa2e4b0,0,NOTYPE,LOCAL,1
OV01.OVL,__gnu_compiled_c,0xa2e4b0,0,NOTYPE,LOCAL,1
OV01.OVL,err,0xa42dc0,4,OBJECT,LOCAL,1
OV01.OVL,nameTbl,0xa42dc8,780,OBJECT,LOCAL,1
OV01.OVL,wpnTbl,0xa430d8,464,OBJECT,LOCAL,1
OV01.OVL,cmdStrTbl,0xa432a8,196,OBJECT,LOCAL,1
OV01.OVL,thinkExpTbl,0xa43370,24,OBJECT,LOCAL,1
OV01.OVL,regName,0xa43388,48,OBJECT,LOCAL,1
OV01.OVL,thinkStrTbl,0xa433b8,396,OBJECT,LOCAL,1
OV01.OVL,str.0,0xa5aa40,0,NOTYPE,LOCAL,1
OV01.OVL,configSeq,0xa43544,4,OBJECT,LOCAL,1
OV01.OVL,configPos,0xa43548,4,OBJECT,LOCAL,1
OV01.OVL,statId,0xa4354c,4,OBJECT,LOCAL,1
OV01.OVL,equipId,0xa43550,4,OBJECT,LOCAL,1
OV01.OVL,gainId,0xa43554,4,OBJECT,LOCAL,1
OV01.OVL,equipPos,0xa43558,4,OBJECT,LOCAL,1
OV01.OVL,equipPosX,0xa4355c,4,OBJECT,LOCAL,1
OV01.OVL,slot,0xa43560,4,OBJECT,LOCAL,1
OV01.OVL,plMuteki,0xa43564,4,OBJECT,LOCAL,1
OV01.OVL,enMuteki,0xa43568,4,OBJECT,LOCAL,1
OV01.OVL,plIchigeki,0xa4356c,4,OBJECT,LOCAL,1
OV01.OVL,posName,0xa43570,40,OBJECT,LOCAL,1
OV01.OVL,szName,0xa43598,20,OBJECT,LOCAL,1
OV01.OVL,configCmdTbl,0xa435b0,84,OBJECT,LOCAL,1
OV01.OVL,equipCmdTbl,0xa43608,76,OBJECT,LOCAL,1
OV01.OVL,mapNo,0xa5aa54,0,NOTYPE,LOCAL,1
OV01.OVL,monsSet,0xa5aa50,0,NOTYPE,LOCAL,1
OV01.OVL,cfEncount,0xa5aa58,0,NOTYPE,LOCAL,1
OV01.OVL,cfEvent,0xa5aa5c,0,NOTYPE,LOCAL,1
OV01.OVL,thinkNo,0xa5aa60,0,NOTYPE,LOCAL,1
OV01.OVL,gcc2_compiled.,0xa31340,0,NOTYPE,LOCAL,1
OV01.OVL,__gnu_compiled_c,0xa31340,0,NOTYPE,LOCAL,1
OV01.OVL,gcc2_compiled.,0xa31348,0,NOTYPE,LOCAL,1
OV01.OVL,__gnu_compiled_c,0xa31348,0,NOTYPE,LOCAL,1
OV01.OVL,batFlags,0xa4368c,4,OBJECT,LOCAL,1
OV01.OVL,gcc2_compiled.,0xa314b8,0,NOTYPE,LOCAL,1
OV01.OVL,__gnu_compiled_c,0xa314b8,0,NOTYPE,LOCAL,1
OV01.OVL,sysCam,0xa5aa70,0,NOTYPE,LOCAL,1
OV01.OVL,camParams,0xa5b080,0,NOTYPE,LOCAL,1
OV01.OVL,camFlags,0xa5b070,0,NOTYPE,LOCAL,1
OV01.OVL,MCamExec_Control,0xa32200,476,FUNC,LOCAL,1
OV01.OVL,MCamExec_SetParams,0xa323e0,248,FUNC,LOCAL,1
OV01.OVL,MCamExec_DispParams,0xa325a0,8,FUNC,LOCAL,1
OV01.OVL,sysCamBuff,0xa5aa80,0,NOTYPE,LOCAL,1
OV01.OVL,MCamExec_SetParams_Base,0xa324d8,200,FUNC,LOCAL,1
OV01.OVL,MCamMove_Coord,0xa325a8,432,FUNC,LOCAL,1
OV01.OVL,MCamMove_Bank,0xa32758,72,FUNC,LOCAL,1
OV01.OVL,MCamMove_Pers,0xa327a0,128,FUNC,LOCAL,1
OV01.OVL,MCamGetActorCoord,0xa31e20,160,FUNC,LOCAL,1
OV01.OVL,MCamCalcBaseCoord,0xa31ec0,432,FUNC,LOCAL,1
OV01.OVL,MCamGetAtkRange,0xa32120,108,FUNC,LOCAL,1
OV01.OVL,MCamGetDefRange,0xa32190,108,FUNC,LOCAL,1
OV01.OVL,MCamCalcCoord,0xa32070,176,FUNC,LOCAL,1
OV01.OVL,MCamMoveProc_Coord,0xa329e8,460,FUNC,LOCAL,1
OV01.OVL,MCamMoveProc_Bank,0xa32bb8,92,FUNC,LOCAL,1
OV01.OVL,MCamMoveProc_Pers,0xa32c18,92,FUNC,LOCAL,1
OV01.OVL,MCamShakeProc,0xa32c78,316,FUNC,LOCAL,1
OV01.OVL,MCamMoveProc_CalcRatio,0xa32820,452,FUNC,LOCAL,1
OV01.OVL,gcc2_compiled.,0xa32db8,0,NOTYPE,LOCAL,1
OV01.OVL,__gnu_compiled_c,0xa32db8,0,NOTYPE,LOCAL,1
OV01.OVL,gcc2_compiled.,0xa32e78,0,NOTYPE,LOCAL,1
OV01.OVL,__gnu_compiled_c,0xa32e78,0,NOTYPE,LOCAL,1
OV01.OVL,mvEnv,0xa43690,144,OBJECT,LOCAL,1
OV01.OVL,mvFlags,0xa43720,4,OBJECT,LOCAL,1
OV01.OVL,mvParams,0xa5b630,0,NOTYPE,LOCAL,1
OV01.OVL,gcc2_compiled.,0xa332e0,0,NOTYPE,LOCAL,1
OV01.OVL,__gnu_compiled_c,0xa332e0,0,NOTYPE,LOCAL,1
OV01.OVL,mvFlags,0xa43724,4,OBJECT,LOCAL,1
OV01.OVL,mvParams,0xa5b7b0,0,NOTYPE,LOCAL,1
OV01.OVL,gcc2_compiled.,0xa33648,0,NOTYPE,LOCAL,1
OV01.OVL,__gnu_compiled_c,0xa33648,0,NOTYPE,LOCAL,1
OV01.OVL,func.0,0xa43728,56,OBJECT,LOCAL,1
OV01.OVL,ntbl.1,0xa43760,28,OBJECT,LOCAL,1
OV01.OVL,gcc2_compiled.,0xa337a0,0,NOTYPE,LOCAL,1
OV01.OVL,__gnu_compiled_c,0xa337a0,0,NOTYPE,LOCAL,1
OV01.OVL,gcc2_compiled.,0xa33f08,0,NOTYPE,LOCAL,1
OV01.OVL,__gnu_compiled_c,0xa33f08,0,NOTYPE,LOCAL,1
OV01.OVL,fnMSP00_PR000,0xa34058,572,FUNC,LOCAL,1
OV01.OVL,fnMSP00_DM000,0xa34298,112,FUNC,LOCAL,1
OV01.OVL,fnMSP00_DP000,0xa34308,852,FUNC,LOCAL,1
OV01.OVL,fnMSP00_PO000,0xa34660,104,FUNC,LOCAL,1
OV01.OVL,scale.0,0xa51380,16,OBJECT,LOCAL,1
OV01.OVL,coltbl.1,0xa51390,160,OBJECT,LOCAL,1
OV01.OVL,sztbl.2,0xa51430,40,OBJECT,LOCAL,1
OV01.OVL,gcc2_compiled.,0xa346c8,0,NOTYPE,LOCAL,1
OV01.OVL,__gnu_compiled_c,0xa346c8,0,NOTYPE,LOCAL,1
OV01.OVL,fnBP00_PR000,0xa347f8,576,FUNC,LOCAL,1
OV01.OVL,fnBP00_DP000,0xa34b40,728,FUNC,LOCAL,1
OV01.OVL,fnBP00_PO000,0xa34e18,120,FUNC,LOCAL,1
OV01.OVL,fnBP00_PR010,0xa34a38,260,FUNC,LOCAL,1
OV01.OVL,coltbl.0,0xa51460,32,OBJECT,LOCAL,1
OV01.OVL,gcc2_compiled.,0xa34e90,0,NOTYPE,LOCAL,1
OV01.OVL,__gnu_compiled_c,0xa34e90,0,NOTYPE,LOCAL,1
OV01.OVL,fnSMP01_PR000,0xa35200,380,FUNC,LOCAL,1
OV01.OVL,fnSMP01_DM000,0xa35460,112,FUNC,LOCAL,1
OV01.OVL,fnSMP01_DP000,0xa354d0,872,FUNC,LOCAL,1
OV01.OVL,fnSMP01_PO000,0xa35838,104,FUNC,LOCAL,1
OV01.OVL,updateSmoke,0xa35010,492,FUNC,LOCAL,1
OV01.OVL,fnSMP01_PR010,0xa35380,224,FUNC,LOCAL,1
OV01.OVL,scale.0,0xa514a0,16,OBJECT,LOCAL,1
OV01.OVL,coltbl.1,0xa514b0,160,OBJECT,LOCAL,1
OV01.OVL,sztbl.2,0xa51550,40,OBJECT,LOCAL,1
OV01.OVL,gcc2_compiled.,0xa358a0,0,NOTYPE,LOCAL,1
OV01.OVL,__gnu_compiled_c,0xa358a0,0,NOTYPE,LOCAL,1
OV01.OVL,gcc2_compiled.,0xa358a8,0,NOTYPE,LOCAL,1
OV01.OVL,__gnu_compiled_c,0xa358a8,0,NOTYPE,LOCAL,1
OV01.OVL,fnAMP02_PR000,0xa35a78,504,FUNC,LOCAL,1
OV01.OVL,fnAMP02_DM000,0xa35c70,148,FUNC,LOCAL,1
OV01.OVL,fnAMP02_DP000,0xa35d08,876,FUNC,LOCAL,1
OV01.OVL,fnAMP02_PO000,0xa36078,104,FUNC,LOCAL,1
OV01.OVL,scale.0,0xa515a0,16,OBJECT,LOCAL,1
OV01.OVL,coltbl.1,0xa515b0,160,OBJECT,LOCAL,1
OV01.OVL,sztbl.2,0xa51650,40,OBJECT,LOCAL,1
OV01.OVL,gcc2_compiled.,0xa360e0,0,NOTYPE,LOCAL,1
OV01.OVL,__gnu_compiled_c,0xa360e0,0,NOTYPE,LOCAL,1
OV01.OVL,fnMSP02_PR000,0xa362a8,1136,FUNC,LOCAL,1
OV01.OVL,fnMSP02_DM000,0xa36718,160,FUNC,LOCAL,1
OV01.OVL,fnMSP02_DP000,0xa367b8,876,FUNC,LOCAL,1
OV01.OVL,fnMSP02_PO000,0xa36b28,104,FUNC,LOCAL,1
OV01.OVL,adjAngle,0xa36b90,88,FUNC,LOCAL,1
OV01.OVL,scale.0,0xa516a0,16,OBJECT,LOCAL,1
OV01.OVL,coltbl.1,0xa516b0,160,OBJECT,LOCAL,1
OV01.OVL,sztbl.2,0xa51750,40,OBJECT,LOCAL,1
OV01.OVL,gcc2_compiled.,0xa36be8,0,NOTYPE,LOCAL,1
OV01.OVL,__gnu_compiled_c,0xa36be8,0,NOTYPE,LOCAL,1
OV01.OVL,timetbl,0xa51780,16,OBJECT,LOCAL,1
OV01.OVL,makePath,0xa36cb8,532,FUNC,LOCAL,1
OV01.OVL,makeHermiteParam,0xa36ed0,88,FUNC,LOCAL,1
OV01.OVL,fnSOLB_PR000,0xa36f90,248,FUNC,LOCAL,1
OV01.OVL,fnSOLB_DP000,0xa37088,2492,FUNC,LOCAL,1
OV01.OVL,fnSOLB_PO000,0xa37a48,112,FUNC,LOCAL,1
OV01.OVL,offset.0,0xa51790,64,OBJECT,LOCAL,1
OV01.OVL,makeHermiteCoord,0xa36f28,100,FUNC,LOCAL,1
OV01.OVL,coltbl.1,0xa43780,48,OBJECT,LOCAL,1
OV01.OVL,gcc2_compiled.,0xa37ab8,0,NOTYPE,LOCAL,1
OV01.OVL,__gnu_compiled_c,0xa37ab8,0,NOTYPE,LOCAL,1
OV01.OVL,fnECM01_PR000,0xa37c78,112,FUNC,LOCAL,1
OV01.OVL,fnECM01_DP000,0xa37ce8,1084,FUNC,LOCAL,1
OV01.OVL,fnECM01_PO000,0xa38128,104,FUNC,LOCAL,1
OV01.OVL,gcc2_compiled.,0xa38190,0,NOTYPE,LOCAL,1
OV01.OVL,__gnu_compiled_c,0xa38190,0,NOTYPE,LOCAL,1
OV01.OVL,fnECM02_PR000,0xa38310,152,FUNC,LOCAL,1
OV01.OVL,fnECM02_DP000,0xa383a8,912,FUNC,LOCAL,1
OV01.OVL,fnECM02_PO000,0xa38738,112,FUNC,LOCAL,1
OV01.OVL,makeCoord,0xa382b8,88,FUNC,LOCAL,1
OV01.OVL,gcc2_compiled.,0xa387a8,0,NOTYPE,LOCAL,1
OV01.OVL,__gnu_compiled_c,0xa387a8,0,NOTYPE,LOCAL,1
OV01.OVL,makePath,0xa388a0,452,FUNC,LOCAL,1
OV01.OVL,makeHermiteParams,0xa38a68,88,FUNC,LOCAL,1
OV01.OVL,fnGAMERA_PR000,0xa38b10,224,FUNC,LOCAL,1
OV01.OVL,fnGAMERA_DP000,0xa38bf0,1060,FUNC,LOCAL,1
OV01.OVL,fnGAMERA_PO000,0xa39018,112,FUNC,LOCAL,1
OV01.OVL,disttbl.0,0xa517d0,16,OBJECT,LOCAL,1
OV01.OVL,rtbl.1,0xa517e0,16,OBJECT,LOCAL,1
OV01.OVL,makeHermiteCoord,0xa38ac0,80,FUNC,LOCAL,1
OV01.OVL,coltbl.2,0xa517f0,48,OBJECT,LOCAL,1
OV01.OVL,gcc2_compiled.,0xa39088,0,NOTYPE,LOCAL,1
OV01.OVL,__gnu_compiled_c,0xa39088,0,NOTYPE,LOCAL,1
OV01.OVL,fnEAD00_PR000,0xa390e8,480,FUNC,LOCAL,1
OV01.OVL,fnEAD00_DP000,0xa392c8,1164,FUNC,LOCAL,1
OV01.OVL,fnEAD00_PO000,0xa39758,104,FUNC,LOCAL,1
OV01.OVL,coltbl.0,0xa437b0,48,OBJECT,LOCAL,1
OV01.OVL,gcc2_compiled.,0xa397c0,0,NOTYPE,LOCAL,1
OV01.OVL,__gnu_compiled_c,0xa397c0,0,NOTYPE,LOCAL,1
OV01.OVL,gcc2_compiled.,0xa397c8,0,NOTYPE,LOCAL,1
OV01.OVL,__gnu_compiled_c,0xa397c8,0,NOTYPE,LOCAL,1
OV01.OVL,makePath,0xa398b8,428,FUNC,LOCAL,1
OV01.OVL,makeHermiteParams,0xa39a68,88,FUNC,LOCAL,1
OV01.OVL,fnDORA_PR000,0xa39b18,224,FUNC,LOCAL,1
OV01.OVL,fnDORA_DP000,0xa39bf8,1060,FUNC,LOCAL,1
OV01.OVL,fnDORA_PO000,0xa3a020,112,FUNC,LOCAL,1
OV01.OVL,disttbl.0,0xa51820,16,OBJECT,LOCAL,1
OV01.OVL,rtbl.1,0xa51830,16,OBJECT,LOCAL,1
OV01.OVL,makeHermiteCoord,0xa39ac0,84,FUNC,LOCAL,1
OV01.OVL,coltbl.2,0xa51840,64,OBJECT,LOCAL,1
OV01.OVL,gcc2_compiled.,0xa3a090,0,NOTYPE,LOCAL,1
OV01.OVL,__gnu_compiled_c,0xa3a090,0,NOTYPE,LOCAL,1
OV01.OVL,fnKOSBW02_PR000,0xa3a2a8,652,FUNC,LOCAL,1
OV01.OVL,fnKOSBW02_DM000,0xa3a538,92,FUNC,LOCAL,1
OV01.OVL,fnKOSBW02_DP000,0xa3a598,1220,FUNC,LOCAL,1
OV01.OVL,fnKOSBW02_PO000,0xa3aa60,104,FUNC,LOCAL,1
OV01.OVL,coltbl.0,0xa518a0,160,OBJECT,LOCAL,1
OV01.OVL,sztbl.1,0xa51940,40,OBJECT,LOCAL,1
OV01.OVL,MMvGetTime,0xa33260,64,FUNC,GLOBAL,1
OV01.OVL,monsGainInit,0xa0f120,36,FUNC,GLOBAL,1
OV01.OVL,thinkTurnStartExec,0xa1dab0,196,FUNC,GLOBAL,1
OV01.OVL,cmdStatChk,0xa1f3f0,160,FUNC,GLOBAL,1
OV01.OVL,MMv2Exec,0xa332f8,424,FUNC,GLOBAL,1
OV01.OVL,unitPlCreate,0xa01138,224,FUNC,GLOBAL,1
OV01.OVL,unitDeadSpecChk,0xa032e8,88,FUNC,GLOBAL,1
OV01.OVL,entryPhase45,0xa232d0,152,FUNC,GLOBAL,1
OV01.OVL,cmdCamSetAct,0xa20f28,360,FUNC,GLOBAL,1
OV01.OVL,spWepDispOnSub,0xa0e6a8,76,FUNC,GLOBAL,1
OV01.OVL,MCamStoreParams,0xa318b8,84,FUNC,GLOBAL,1
OV01.OVL,objCur,0xa0f7f8,200,FUNC,GLOBAL,1
OV01.OVL,battleCtrlBoostPl,0xa08688,280,FUNC,GLOBAL,1
OV01.OVL,cmdUnitChange,0xa1fc88,240,FUNC,GLOBAL,1
OV01.OVL,menuStatSprite2RGB,0xa2bca0,172,FUNC,GLOBAL,1
OV01.OVL,dataSpecBaseGet,0xa19720,24,FUNC,GLOBAL,1
OV01.OVL,battleMsgPut2,0xa1ef80,124,FUNC,GLOBAL,1
OV01.OVL,unitCreate,0xa012d8,692,FUNC,GLOBAL,1
OV01.OVL,calcItmEnableChk,0xa16c88,108,FUNC,GLOBAL,1
OV01.OVL,dataMapLoad,0xa1d1c0,176,FUNC,GLOBAL,1
OV01.OVL,unitCmdTurnSub,0xa03680,1236,FUNC,GLOBAL,1
OV01.OVL,MEfDrawModel,0xa33a50,72,FUNC,GLOBAL,1
OV01.OVL,equipAcc1,0xa30fd8,24,FUNC,GLOBAL,1
OV01.OVL,calcDmgItem,0xa158f0,500,FUNC,GLOBAL,1
OV01.OVL,configMonsSet,0xa30738,68,FUNC,GLOBAL,1
OV01.OVL,unitPlInit,0xa01b00,76,FUNC,GLOBAL,1
OV01.OVL,transWepOut,0xa0e990,52,FUNC,GLOBAL,1
OV01.OVL,ag04B1,0xa3b720,60,OBJECT,GLOBAL,1
OV01.OVL,cmdStatGet,0xa22358,200,FUNC,GLOBAL,1
OV01.OVL,specNusumuProc,0xa0dc48,508,FUNC,GLOBAL,1
OV01.OVL,convKey2unit,0xa09628,408,FUNC,GLOBAL,1
OV01.OVL,unitCmdDirSet,0xa05a60,180,FUNC,GLOBAL,1
OV01.OVL,MCamExec,0xa31600,68,FUNC,GLOBAL,1
OV01.OVL,actStockInit,0xa080c8,136,FUNC,GLOBAL,1
OV01.OVL,menuEnvMake,0xa2bde0,212,FUNC,GLOBAL,1
OV01.OVL,calcEthEnableChk,0xa16af0,404,FUNC,GLOBAL,1
OV01.OVL,guno010B1,0xa3bbf0,48,OBJECT,GLOBAL,1
OV01.OVL,fifoNumGet,0xa00d58,8,FUNC,GLOBAL,1
OV01.OVL,grOpenSpr,0xa25090,108,FUNC,GLOBAL,1
OV01.OVL,unitTblRemove,0xa00ea0,116,FUNC,GLOBAL,1
OV01.OVL,decoEffCall,0xa0e028,336,FUNC,GLOBAL,1
OV01.OVL,calcBp2Tid,0xa12648,160,FUNC,GLOBAL,1
OV01.OVL,calcStatProtectGet,0xa170c0,64,FUNC,GLOBAL,1
OV01.OVL,debugBattle,0xa2ef60,72,FUNC,GLOBAL,1
OV01.OVL,dataLeaderReload,0xa1ad80,68,FUNC,GLOBAL,1
OV01.OVL,objCmdPop,0xa00bb8,84,FUNC,GLOBAL,1
OV01.OVL,debugStatDisp,0xa2efa8,524,FUNC,GLOBAL,1
OV01.OVL,menuStockObjDraw,0xa28df8,704,FUNC,GLOBAL,1
OV01.OVL,unitEnInit,0xa01b50,104,FUNC,GLOBAL,1
OV01.OVL,menuOpenEth,0xa26828,336,FUNC,GLOBAL,1
OV01.OVL,curSelGrpGet,0xa10508,12,FUNC,GLOBAL,1
OV01.OVL,unitCmdDmg,0xa02d38,392,FUNC,GLOBAL,1
OV01.OVL,configEnMuteki,0xa30950,68,FUNC,GLOBAL,1
OV01.OVL,unitCmdDivSet,0xa05ba8,76,FUNC,GLOBAL,1
OV01.OVL,dataNrmNameGet,0xa2c788,80,FUNC,GLOBAL,1
OV01.OVL,calcDmg,0xa13850,3476,FUNC,GLOBAL,1
OV01.OVL,statEffOff,0xa0f6a8,120,FUNC,GLOBAL,1
OV01.OVL,boss001B1,0xa3c4b0,44,OBJECT,GLOBAL,1
OV01.OVL,equipFrame,0xa30d80,92,FUNC,GLOBAL,1
OV01.OVL,configPlayer3,0xa30608,24,FUNC,GLOBAL,1
OV01.OVL,sndMuTrans,0xa2e350,88,FUNC,GLOBAL,1
OV01.OVL,dataUnitFileLoad2,0xa1c348,120,FUNC,GLOBAL,1
OV01.OVL,unitDispOn,0xa073d8,88,FUNC,GLOBAL,1
OV01.OVL,configYadoya,0xa30ab8,120,FUNC,GLOBAL,1
OV01.OVL,objEntryPure,0xa004c8,80,FUNC,GLOBAL,1
OV01.OVL,entryPhase16,0xa22d68,120,FUNC,GLOBAL,1
OV01.OVL,boss012F1,0xa3c638,96,OBJECT,GLOBAL,1
OV01.OVL,sndMuFadeIn,0xa2e3e8,32,FUNC,GLOBAL,1
OV01.OVL,cmdAtktbl,0xa1fd78,544,FUNC,GLOBAL,1
OV01.OVL,entryPhase70,0xa234f0,164,FUNC,GLOBAL,1
OV01.OVL,YamamotoTest,0xa00000,132,FUNC,GLOBAL,1
OV01.OVL,MEfCreate_GAMERA,0xa387a8,244,FUNC,GLOBAL,1
OV01.OVL,sndConvSpid,0xa2de30,336,FUNC,GLOBAL,1
OV01.OVL,cmdRpush,0xa1e878,132,FUNC,GLOBAL,1
OV01.OVL,utro002F1,0xa3c3b0,44,OBJECT,GLOBAL,1
OV01.OVL,menuStatChrIdGet,0xa29c40,144,FUNC,GLOBAL,1
OV01.OVL,grCalcMatrix,0xa25b18,204,FUNC,GLOBAL,1
OV01.OVL,boss007B1,0xa3c5d8,44,OBJECT,GLOBAL,1
OV01.OVL,unitCmdMoveChaNorm,0xa03e50,312,FUNC,GLOBAL,1
OV01.OVL,sndSeRegDat,0xa42aa8,624,OBJECT,GLOBAL,1
OV01.OVL,battleMsgPut,0xa1ee90,148,FUNC,GLOBAL,1
OV01.OVL,utma006B1,0xa3c178,116,OBJECT,GLOBAL,1
OV01.OVL,dataSndSeLoad,0xa2d598,176,FUNC,GLOBAL,1
OV01.OVL,boss029B5,0xa3cfd8,116,OBJECT,GLOBAL,1
OV01.OVL,cmdWaitCamMove,0xa21e30,96,FUNC,GLOBAL,1
OV01.OVL,vx01F1,0xa3af10,148,OBJECT,GLOBAL,1
OV01.OVL,objEntry,0xa00308,36,FUNC,GLOBAL,1
OV01.OVL,specHensinProc,0xa0d810,536,FUNC,GLOBAL,1
OV01.OVL,etherPos,0xa43670,16,OBJECT,GLOBAL,1
OV01.OVL,MatuzawaTest,0xa31340,8,FUNC,GLOBAL,1
OV01.OVL,sndSeRegAdrGet,0xa2d248,192,FUNC,GLOBAL,1
OV01.OVL,vx01B1,0xa3b008,108,OBJECT,GLOBAL,1
OV01.OVL,guno013B5,0xa3bdd8,116,OBJECT,GLOBAL,1
OV01.OVL,boss019B5,0xa3cdf0,76,OBJECT,GLOBAL,1
OV01.OVL,battleEndChk,0xa0b518,212,FUNC,GLOBAL,1
OV01.OVL,monsSetNoSet,0xa0b708,12,FUNC,GLOBAL,1
OV01.OVL,unitTblSet,0xa00de8,180,FUNC,GLOBAL,1
OV01.OVL,kosmosB1,0xa3ac50,20,OBJECT,GLOBAL,1
OV01.OVL,unitLoad,0xa01870,184,FUNC,GLOBAL,1
OV01.OVL,unitDispOnOff,0xa07658,280,FUNC,GLOBAL,1
OV01.OVL,calcAccEquipOrg,0xa165b8,100,FUNC,GLOBAL,1
OV01.OVL,objCurRemove,0xa0f7b8,60,FUNC,GLOBAL,1
OV01.OVL,cameraFlagSet,0xa22920,12,FUNC,GLOBAL,1
OV01.OVL,calcHitDmg,0xa12ea8,300,FUNC,GLOBAL,1
OV01.OVL,menuNumPut,0xa2a118,496,FUNC,GLOBAL,1
OV01.OVL,busyUnitChk,0xa0b3e8,96,FUNC,GLOBAL,1
OV01.OVL,calcAtrChg,0xa155d0,160,FUNC,GLOBAL,1
OV01.OVL,menuStatObj,0xa27480,1460,FUNC,GLOBAL,1
OV01.OVL,cmdCamPers,0xa21bd0,120,FUNC,GLOBAL,1
OV01.OVL,menuCritDispOn,0xa280f0,192,FUNC,GLOBAL,1
OV01.OVL,cmdCamCamMoveMode,0xa20c88,20,FUNC,GLOBAL,1
OV01.OVL,unitCmdTgtSet,0xa033f8,176,FUNC,GLOBAL,1
OV01.OVL,calcAgwsEquipOrg,0xa167c0,88,FUNC,GLOBAL,1
OV01.OVL,ziggyB5,0xa3ad68,36,OBJECT,GLOBAL,1
OV01.OVL,encEffObj,0xa240c0,836,FUNC,GLOBAL,1
OV01.OVL,grVramCopyFBtoFB,0xa24b90,216,FUNC,GLOBAL,1
OV01.OVL,battleAfter,0xa078e8,376,FUNC,GLOBAL,1
OV01.OVL,mpersPtrGet,0xa20b78,56,FUNC,GLOBAL,1
OV01.OVL,calcSpec,0xa15080,980,FUNC,GLOBAL,1
OV01.OVL,fadeEndChk,0xa23958,12,FUNC,GLOBAL,1
OV01.OVL,scenarioBatExecPhase50,0xa0cb60,152,FUNC,GLOBAL,1
OV01.OVL,cmdThinkset,0xa1f058,68,FUNC,GLOBAL,1
OV01.OVL,dataFpkAdrGet,0xa1c910,12,FUNC,GLOBAL,1
OV01.OVL,dataPlUnitInit,0xa19988,1016,FUNC,GLOBAL,1
OV01.OVL,boss013B5,0xa3c840,44,OBJECT,GLOBAL,1
OV01.OVL,nusumeGet,0xa0ce30,12,FUNC,GLOBAL,1
OV01.OVL,grRotMatrix,0xa25be8,80,FUNC,GLOBAL,1
OV01.OVL,spWepDispOff,0xa0e6f8,432,FUNC,GLOBAL,1
OV01.OVL,thinkInit,0xa1d5d0,276,FUNC,GLOBAL,1
OV01.OVL,vx02B5,0xa3b1c8,128,OBJECT,GLOBAL,1
OV01.OVL,utso006B5,0xa3c488,36,OBJECT,GLOBAL,1
OV01.OVL,curSel,0xa0f978,260,FUNC,GLOBAL,1
OV01.OVL,configPlPos2,0xa306a0,24,FUNC,GLOBAL,1
OV01.OVL,objDispEnCur,0xa10520,336,FUNC,GLOBAL,1
OV01.OVL,dataEnemyMdlChk,0xa1aa70,488,FUNC,GLOBAL,1
OV01.OVL,dataUnitFileLoadMotSp2,0xa1c298,176,FUNC,GLOBAL,1
OV01.OVL,calcAttWpnChk,0xa157b0,36,FUNC,GLOBAL,1
OV01.OVL,unitNoGet,0xa07328,96,FUNC,GLOBAL,1
OV01.OVL,entryPhase100,0xa23690,48,FUNC,GLOBAL,1
OV01.OVL,dataEnemyNameGet,0xa2c828,72,FUNC,GLOBAL,1
OV01.OVL,menuChk,0xa0b850,52,FUNC,GLOBAL,1
OV01.OVL,scenarioMtd,0xa0e408,328,FUNC,GLOBAL,1
OV01.OVL,cmdMapMulSet,0xa21f38,236,FUNC,GLOBAL,1
OV01.OVL,dataWidGet,0xa1a330,72,FUNC,GLOBAL,1
OV01.OVL,guno010B5,0xa3bc20,44,OBJECT,GLOBAL,1
OV01.OVL,calcCrit,0xa14d58,808,FUNC,GLOBAL,1
OV01.OVL,plMutekiGet,0xa2f4a0,12,FUNC,GLOBAL,1
OV01.OVL,bossBtlChk,0xa22a88,64,FUNC,GLOBAL,1
OV01.OVL,utro002B1,0xa3c410,44,OBJECT,GLOBAL,1
OV01.OVL,utma007B1,0xa3c260,20,OBJECT,GLOBAL,1
OV01.OVL,grRotTransPers,0xa25c38,420,FUNC,GLOBAL,1
OV01.OVL,unitCmdEva,0xa02ec0,136,FUNC,GLOBAL,1
OV01.OVL,calcStatSet,0xa17420,1268,FUNC,GLOBAL,1
OV01.OVL,decoEffCallSub,0xa0e178,136,FUNC,GLOBAL,1
OV01.OVL,equipWpn0,0xa30de0,24,FUNC,GLOBAL,1
OV01.OVL,MBattleCreate,0xa313c0,56,FUNC,GLOBAL,1
OV01.OVL,cmdTecpara,0xa205b8,60,FUNC,GLOBAL,1
OV01.OVL,ziggyF1,0xa3ad10,20,OBJECT,GLOBAL,1
OV01.OVL,unitCmdDirAdj,0xa047e0,216,FUNC,GLOBAL,1
OV01.OVL,entryPhase50,0xa23368,196,FUNC,GLOBAL,1
OV01.OVL,menuBoostObjDraw,0xa27a98,88,FUNC,GLOBAL,1
OV01.OVL,menuCritObj,0xa281d0,100,FUNC,GLOBAL,1
OV01.OVL,unitCmdTurn,0xa034a8,468,FUNC,GLOBAL,1
OV01.OVL,fadeInObj,0xa23968,84,FUNC,GLOBAL,1
OV01.OVL,dataSkillLearnGet,0xa19698,132,FUNC,GLOBAL,1
OV01.OVL,MEfGetActorMatrix,0xa338c8,336,FUNC,GLOBAL,1
OV01.OVL,dataSklNameGet,0xa2c648,80,FUNC,GLOBAL,1
OV01.OVL,unitColiGet,0xa07488,108,FUNC,GLOBAL,1
OV01.OVL,__load_start_ov01,0xa00000,0,OBJECT,GLOBAL,1
OV01.OVL,boss019F1,0xa3cc50,216,OBJECT,GLOBAL,1
OV01.OVL,cfSnap,0xa23748,52,FUNC,GLOBAL,1
OV01.OVL,cmdCfEncountGet,0xa22250,84,FUNC,GLOBAL,1
OV01.OVL,ctrlId,0xa42d9c,4,OBJECT,GLOBAL,1
OV01.OVL,cmdAtktblSearch,0xa20310,516,FUNC,GLOBAL,1
OV01.OVL,cmdWaitEvent,0xa21d60,100,FUNC,GLOBAL,1
OV01.OVL,cfEventGet,0xa0b758,12,FUNC,GLOBAL,1
OV01.OVL,dataGainGet,0xa1a698,92,FUNC,GLOBAL,1
OV01.OVL,dataEtherLearnGet,0xa19578,132,FUNC,GLOBAL,1
OV01.OVL,unitDispOnAll,0xa07628,24,FUNC,GLOBAL,1
OV01.OVL,MCamGetCurrentAngle,0xa31540,52,FUNC,GLOBAL,1
OV01.OVL,menuStockStart,0xa28978,248,FUNC,GLOBAL,1
OV01.OVL,dataSndStEdNum,0xa2cb40,180,FUNC,GLOBAL,1
OV01.OVL,sndMuTransPlay,0xa2e408,88,FUNC,GLOBAL,1
OV01.OVL,syoukanFadeIn,0xa0d490,172,FUNC,GLOBAL,1
OV01.OVL,calcStatReset,0xa17918,160,FUNC,GLOBAL,1
OV01.OVL,unitCmdPosAdj,0xa048b8,628,FUNC,GLOBAL,1
OV01.OVL,calcDItemChk,0xa12aa8,128,FUNC,GLOBAL,1
OV01.OVL,curSelGrpSet,0xa104b8,76,FUNC,GLOBAL,1
OV01.OVL,calcTotalParaMenu,0xa11108,28,FUNC,GLOBAL,1
OV01.OVL,dataMotAdrSet,0xa1c8d8,52,FUNC,GLOBAL,1
OV01.OVL,boss012B1,0xa3c710,96,OBJECT,GLOBAL,1
OV01.OVL,equipSpec,0xa31080,192,FUNC,GLOBAL,1
OV01.OVL,calcEtherDisableSet,0xa18778,56,FUNC,GLOBAL,1
OV01.OVL,grPutF2,0xa25130,444,FUNC,GLOBAL,1
OV01.OVL,virgilF5,0xa3aea8,40,OBJECT,GLOBAL,1
OV01.OVL,curMove2Pos,0xa0fb00,308,FUNC,GLOBAL,1
OV01.OVL,cmdListChange,0xa095a8,128,FUNC,GLOBAL,1
OV01.OVL,cmdDeadTime,0xa22590,152,FUNC,GLOBAL,1
OV01.OVL,sndMuStop,0xa2e3c8,32,FUNC,GLOBAL,1
OV01.OVL,entryPhase36,0xa23220,96,FUNC,GLOBAL,1
OV01.OVL,actStockMaxGet,0xa08150,220,FUNC,GLOBAL,1
OV01.OVL,shionB5,0xa3ace8,36,OBJECT,GLOBAL,1
OV01.OVL,cmdExit,0xa1e1d8,8,FUNC,GLOBAL,1
OV01.OVL,entryPhase90,0xa23658,52,FUNC,GLOBAL,1
OV01.OVL,cmdPrint,0xa1eb50,144,FUNC,GLOBAL,1
OV01.OVL,cmdVPadSet,0xa21ef8,64,FUNC,GLOBAL,1
OV01.OVL,menuStockObj,0xa28d28,208,FUNC,GLOBAL,1
OV01.OVL,MEfCheckWorkSize,0xa337a0,72,FUNC,GLOBAL,1
OV01.OVL,cmdNum,0xa1e180,88,FUNC,GLOBAL,1
OV01.OVL,dataXtxLoad,0xa1ce50,80,FUNC,GLOBAL,1
OV01.OVL,thinkContextSet,0xa1d390,12,FUNC,GLOBAL,1
OV01.OVL,specEscapeProc,0xa0db30,16,FUNC,GLOBAL,1
OV01.OVL,guno013F5,0xa3bcd8,116,OBJECT,GLOBAL,1
OV01.OVL,calcStatTurn,0xa16fd8,232,FUNC,GLOBAL,1
OV01.OVL,calcSlotAChk,0xa15738,116,FUNC,GLOBAL,1
OV01.OVL,thinkCamTblNumGet,0xa1d7e0,60,FUNC,GLOBAL,1
OV01.OVL,calcPowLevGet,0xa13658,280,FUNC,GLOBAL,1
OV01.OVL,calcTuigekiChk,0xa129e0,36,FUNC,GLOBAL,1
OV01.OVL,dataSklGet,0xa1a648,80,FUNC,GLOBAL,1
OV01.OVL,menuATBEnvPalSet,0xa2c2f0,176,FUNC,GLOBAL,1
OV01.OVL,dataThinkLoad,0xa1d0f8,140,FUNC,GLOBAL,1
OV01.OVL,menuTimeNext,0xa29b70,72,FUNC,GLOBAL,1
OV01.OVL,sndBankGet,0xa2dca0,400,FUNC,GLOBAL,1
OV01.OVL,dataFrmGet,0xa1a598,80,FUNC,GLOBAL,1
OV01.OVL,battleExec,0xa09a80,524,FUNC,GLOBAL,1
OV01.OVL,thinkNoGet,0xa0b610,12,FUNC,GLOBAL,1
OV01.OVL,mapMulGet,0xa2c3f8,12,FUNC,GLOBAL,1
OV01.OVL,calcSkillInit,0xa11c98,188,FUNC,GLOBAL,1
OV01.OVL,cmdAtktblSortSub,0xa200a8,612,FUNC,GLOBAL,1
OV01.OVL,wepSpTbl,0xa3ece8,192,OBJECT,GLOBAL,1
OV01.OVL,unitCmdMoveChaJump,0xa03fd0,72,FUNC,GLOBAL,1
OV01.OVL,menuATBObjDraw,0xa28378,164,FUNC,GLOBAL,1
OV01.OVL,objWorkGet,0xa00580,100,FUNC,GLOBAL,1
OV01.OVL,dataFileLoadWepSpEnd,0xa1cb88,172,FUNC,GLOBAL,1
OV01.OVL,dataSndStEdNumSub,0xa2cbf8,708,FUNC,GLOBAL,1
OV01.OVL,objCmdPush,0xa00b58,96,FUNC,GLOBAL,1
OV01.OVL,cmdCamTblSet,0xa21c48,88,FUNC,GLOBAL,1
OV01.OVL,unitCmdListSet,0xa097c0,504,FUNC,GLOBAL,1
OV01.OVL,calcUseItem,0xa11668,1584,FUNC,GLOBAL,1
OV01.OVL,guno017F1,0xa3beb0,44,OBJECT,GLOBAL,1
OV01.OVL,virgilB1,0xa3aed0,20,OBJECT,GLOBAL,1
OV01.OVL,dataMapCameraAdrGet,0xa1d198,40,FUNC,GLOBAL,1
OV01.OVL,calcSplineSub,0xa18c98,640,FUNC,GLOBAL,1
OV01.OVL,menuResultEth,0xa269a0,236,FUNC,GLOBAL,1
OV01.OVL,equipEther0,0xa31140,28,FUNC,GLOBAL,1
OV01.OVL,unitAgwsPilotGet,0xa01278,96,FUNC,GLOBAL,1
OV01.OVL,cfEncountSet,0xa0b748,12,FUNC,GLOBAL,1
OV01.OVL,unitCmdMot,0xa03340,184,FUNC,GLOBAL,1
OV01.OVL,cmdRset,0xa1e5b0,104,FUNC,GLOBAL,1
OV01.OVL,unitCmdMoveChaHover3,0xa04250,72,FUNC,GLOBAL,1
OV01.OVL,camEventExec,0xa1d898,404,FUNC,GLOBAL,1
OV01.OVL,unitCmdMoveChaFloat,0xa04208,68,FUNC,GLOBAL,1
OV01.OVL,keyBuffSet,0xa0b1a8,196,FUNC,GLOBAL,1
OV01.OVL,dataAccNameGet,0xa2c698,80,FUNC,GLOBAL,1
OV01.OVL,adjTblEn,0xa3d0f0,840,OBJECT,GLOBAL,1
OV01.OVL,MCamIsActive,0xa31910,16,FUNC,GLOBAL,1
OV01.OVL,MEfScatterXY,0xa33dc0,228,FUNC,GLOBAL,1
OV01.OVL,dataFileInfoInit,0xa1a878,312,FUNC,GLOBAL,1
OV01.OVL,ag04F5,0xa3b6f8,40,OBJECT,GLOBAL,1
OV01.OVL,cmdReg,0xa1e130,76,FUNC,GLOBAL,1
OV01.OVL,ziggyB1,0xa3ad50,20,OBJECT,GLOBAL,1
OV01.OVL,MEfCreate_SOLB,0xa36be8,208,FUNC,GLOBAL,1
OV01.OVL,battleCtrlConfusion,0xa07d38,744,FUNC,GLOBAL,1
OV01.OVL,MCamDumpDisabled,0xa31648,60,FUNC,GLOBAL,1
OV01.OVL,dataWpnLRChk,0xa1c1b0,32,FUNC,GLOBAL,1
OV01.OVL,menuBoostObjDrawSel,0xa27e78,568,FUNC,GLOBAL,1
OV01.OVL,curTexTrans,0xa10a80,68,FUNC,GLOBAL,1
OV01.OVL,dataNBreadCB,0xa1a780,104,FUNC,GLOBAL,1
OV01.OVL,menuGuideFrameDisp,0xa2a950,400,FUNC,GLOBAL,1
OV01.OVL,unitCmdMoveCha,0xa03bc0,480,FUNC,GLOBAL,1
OV01.OVL,guno001F1,0xa3ba30,44,OBJECT,GLOBAL,1
OV01.OVL,calcHpDmg,0xa11020,232,FUNC,GLOBAL,1
OV01.OVL,objDmgNumDraw,0xa2b2b8,348,FUNC,GLOBAL,1
OV01.OVL,calcNormal,0xa19100,192,FUNC,GLOBAL,1
OV01.OVL,MEfCalcWeaponCoord,0xa33ea8,92,FUNC,GLOBAL,1
OV01.OVL,fema005B1,0xa3b920,136,OBJECT,GLOBAL,1
OV01.OVL,boss029F5,0xa3cf10,116,OBJECT,GLOBAL,1
OV01.OVL,vx01F5,0xa3afa8,92,OBJECT,GLOBAL,1
OV01.OVL,keyCmd2tid,0xa0aee8,428,FUNC,GLOBAL,1
OV01.OVL,dataTid2WepSp,0xa1c920,80,FUNC,GLOBAL,1
OV01.OVL,objCmdPtrGet,0xa00b18,32,FUNC,GLOBAL,1
OV01.OVL,grCloseSpr,0xa25100,48,FUNC,GLOBAL,1
OV01.OVL,transWepIn,0xa0e8f8,60,FUNC,GLOBAL,1
OV01.OVL,calcUPGet,0xa11010,12,FUNC,GLOBAL,1
OV01.OVL,unitDispOffAll,0xa07640,24,FUNC,GLOBAL,1
OV01.OVL,MGsGPInit,0xa32db8,40,FUNC,GLOBAL,1
OV01.OVL,entryFirstInit,0xa22628,64,FUNC,GLOBAL,1
OV01.OVL,menuBoostDisp,0xa280b0,64,FUNC,GLOBAL,1
OV01.OVL,boss020B5,0xa3ce98,36,OBJECT,GLOBAL,1
OV01.OVL,unitCmdRec,0xa069c0,96,FUNC,GLOBAL,1
OV01.OVL,boss020F5,0xa3ce58,36,OBJECT,GLOBAL,1
OV01.OVL,cmdUnitparaSub,0xa1f6c8,552,FUNC,GLOBAL,1
OV01.OVL,cmdThinkNoGet,0xa22300,84,FUNC,GLOBAL,1
OV01.OVL,dataThinkDataSet,0xa1cfb8,240,FUNC,GLOBAL,1
OV01.OVL,calcStatSetChk,0xa17350,208,FUNC,GLOBAL,1
OV01.OVL,camExec,0xa1de70,92,FUNC,GLOBAL,1
OV01.OVL,cfEncountGet,0xa0b738,12,FUNC,GLOBAL,1
OV01.OVL,calcDblActChk,0xa16898,164,FUNC,GLOBAL,1
OV01.OVL,cmdStatSet,0xa22420,204,FUNC,GLOBAL,1
OV01.OVL,boss012B5,0xa3c770,156,OBJECT,GLOBAL,1
OV01.OVL,MMvExec,0xa32e90,276,FUNC,GLOBAL,1
OV01.OVL,calcA2Chk,0xa16100,192,FUNC,GLOBAL,1
OV01.OVL,dataFileInfoInitChg,0xa1a9b0,188,FUNC,GLOBAL,1
OV01.OVL,boss017F1,0xa3cad0,96,OBJECT,GLOBAL,1
OV01.OVL,enMutekiGet,0xa2f4b0,12,FUNC,GLOBAL,1
OV01.OVL,guno001B5,0xa3bac0,44,OBJECT,GLOBAL,1
OV01.OVL,thinkExecChk,0xa1ded0,32,FUNC,GLOBAL,1
OV01.OVL,menuBoostObj,0xa27a38,92,FUNC,GLOBAL,1
OV01.OVL,guno001F5,0xa3ba60,44,OBJECT,GLOBAL,1
OV01.OVL,sndConvRegNo,0xa2dbc8,212,FUNC,GLOBAL,1
OV01.OVL,guno025B1,0xa3c030,44,OBJECT,GLOBAL,1
OV01.OVL,dataPackWpnMdlNameGet,0xa1b530,88,FUNC,GLOBAL,1
OV01.OVL,menuOpenChkBat,0xa26188,16,FUNC,GLOBAL,1
OV01.OVL,scenarioBatExecPhase20,0xa0bf98,1208,FUNC,GLOBAL,1
OV01.OVL,dataEtherTecSet,0xa193c8,276,FUNC,GLOBAL,1
OV01.OVL,mapDispOn,0xa2c408,36,FUNC,GLOBAL,1
OV01.OVL,calcStatProtectSet,0xa17100,72,FUNC,GLOBAL,1
OV01.OVL,unitCmdDef,0xa02f48,208,FUNC,GLOBAL,1
OV01.OVL,MMvStop,0xa331f8,76,FUNC,GLOBAL,1
OV01.OVL,MEfCreate_EAC00,0xa358a0,8,FUNC,GLOBAL,1
OV01.OVL,MMvPlay,0xa32fa8,40,FUNC,GLOBAL,1
OV01.OVL,unitCmdMoveChaJump2,0xa040a8,276,FUNC,GLOBAL,1
OV01.OVL,objExec,0xa00280,28,FUNC,GLOBAL,1
OV01.OVL,keyBuffChk,0xa0b270,376,FUNC,GLOBAL,1
OV01.OVL,unitCmdDead,0xa03018,720,FUNC,GLOBAL,1
OV01.OVL,momoF1,0xa3ad90,20,OBJECT,GLOBAL,1
OV01.OVL,configPlayer2,0xa305f0,24,FUNC,GLOBAL,1
OV01.OVL,equipWpn,0xa30e28,212,FUNC,GLOBAL,1
OV01.OVL,guno013F1,0xa3bc50,136,OBJECT,GLOBAL,1
OV01.OVL,grOpenF2,0xa24e10,108,FUNC,GLOBAL,1
OV01.OVL,unitRemove,0xa01610,604,FUNC,GLOBAL,1
OV01.OVL,unitIdChk,0xa07588,156,FUNC,GLOBAL,1
OV01.OVL,sndSeRegAdrChk,0xa2d208,64,FUNC,GLOBAL,1
OV01.OVL,debugSpecDisp,0xa2f348,340,FUNC,GLOBAL,1
OV01.OVL,objEntrySub,0xa00378,144,FUNC,GLOBAL,1
OV01.OVL,calcLinePos,0xa15458,268,FUNC,GLOBAL,1
OV01.OVL,cmdCounterBoost,0xa1f388,100,FUNC,GLOBAL,1
OV01.OVL,boss020F1,0xa3ce40,20,OBJECT,GLOBAL,1
OV01.OVL,boss019F5,0xa3cd28,116,OBJECT,GLOBAL,1
OV01.OVL,transWepInDraw,0xa0e938,88,FUNC,GLOBAL,1
OV01.OVL,plUnitTblGet,0xa0b630,88,FUNC,GLOBAL,1
OV01.OVL,shionF5,0xa3aca8,36,OBJECT,GLOBAL,1
OV01.OVL,hairWindOn,0xa0bd78,192,FUNC,GLOBAL,1
OV01.OVL,unitCidGet,0xa010c0,120,FUNC,GLOBAL,1
OV01.OVL,grOpenF4,0xa24eb0,108,FUNC,GLOBAL,1
OV01.OVL,calcTgtUnitTbl,0xa16cf8,364,FUNC,GLOBAL,1
OV01.OVL,scenarioBatExecPhase30,0xa0c618,772,FUNC,GLOBAL,1
OV01.OVL,jrF1,0xa3ae10,20,OBJECT,GLOBAL,1
OV01.OVL,entryPhase25,0xa22ea0,312,FUNC,GLOBAL,1
OV01.OVL,cmdUnitparaGet,0xa1f508,168,FUNC,GLOBAL,1
OV01.OVL,configCamera,0xa307c8,64,FUNC,GLOBAL,1
OV01.OVL,dataUnitFileLoadMotSp,0xa1c238,96,FUNC,GLOBAL,1
OV01.OVL,menuStockBoost,0xa28b60,152,FUNC,GLOBAL,1
OV01.OVL,unitCmdMove,0xa025f8,304,FUNC,GLOBAL,1
OV01.OVL,grCloseFT4STQ,0xa25060,48,FUNC,GLOBAL,1
OV01.OVL,scenarioBatExecPhase10,0xa0beb8,224,FUNC,GLOBAL,1
OV01.OVL,menuATBEnvMake,0xa2c068,212,FUNC,GLOBAL,1
OV01.OVL,unitCmdFadeOut,0xa06e18,200,FUNC,GLOBAL,1
OV01.OVL,battleCtrlHelp,0xa08648,48,FUNC,GLOBAL,1
OV01.OVL,vx03F1,0xa3b248,136,OBJECT,GLOBAL,1
OV01.OVL,dataSpecLearnGet,0xa197e8,132,FUNC,GLOBAL,1
OV01.OVL,grOpenFT4,0xa24f50,108,FUNC,GLOBAL,1
OV01.OVL,calcRevHit,0xa15568,104,FUNC,GLOBAL,1
OV01.OVL,vramCopyObj,0xa23870,48,FUNC,GLOBAL,1
OV01.OVL,sndInit,0xa2c9f8,252,FUNC,GLOBAL,1
OV01.OVL,dataMotNameGet,0xa1ae90,140,FUNC,GLOBAL,1
OV01.OVL,unitAgwsChk,0xa074f8,144,FUNC,GLOBAL,1
OV01.OVL,cmdUnittbl,0xa1f8f0,320,FUNC,GLOBAL,1
OV01.OVL,effCalcMatrix,0xa24408,192,FUNC,GLOBAL,1
OV01.OVL,debugWpnGet,0xa2e4f8,48,FUNC,GLOBAL,1
OV01.OVL,dataUnitInitGet,0xa19270,52,FUNC,GLOBAL,1
OV01.OVL,shionF1,0xa3ac90,20,OBJECT,GLOBAL,1
OV01.OVL,calcPara2OrgSub,0xa10f00,64,FUNC,GLOBAL,1
OV01.OVL,syoukan1Sub,0xa0d540,188,FUNC,GLOBAL,1
OV01.OVL,keyCmdApGet,0xa0aa40,352,FUNC,GLOBAL,1
OV01.OVL,configStart,0xa305d0,8,FUNC,GLOBAL,1
OV01.OVL,boss001B5,0xa3c4e0,44,OBJECT,GLOBAL,1
OV01.OVL,unitCmdMovePos,0xa04298,480,FUNC,GLOBAL,1
OV01.OVL,dataUnitFileLoad2Sub,0xa1c3c0,1252,FUNC,GLOBAL,1
OV01.OVL,mapNoGet,0xa0b718,12,FUNC,GLOBAL,1
OV01.OVL,menuStockNext,0xa28a70,240,FUNC,GLOBAL,1
OV01.OVL,configPlayer,0xa30620,100,FUNC,GLOBAL,1
OV01.OVL,utro002B5,0xa3c440,44,OBJECT,GLOBAL,1
OV01.OVL,sndSeRegChk,0xa2d388,280,FUNC,GLOBAL,1
OV01.OVL,menuATBObj,0xa27298,416,FUNC,GLOBAL,1
OV01.OVL,dataFileLoadWepSp2,0xa1ca60,292,FUNC,GLOBAL,1
OV01.OVL,menuTimeXGet,0xa29bc8,12,FUNC,GLOBAL,1
OV01.OVL,calcSpecChk,0xa12a08,160,FUNC,GLOBAL,1
OV01.OVL,MCamGetSysCam,0xa314b8,12,FUNC,GLOBAL,1
OV01.OVL,msgObj,0xa1ef28,88,FUNC,GLOBAL,1
OV01.OVL,cmdCamOffsAng,0xa21548,276,FUNC,GLOBAL,1
OV01.OVL,cameraFlagGet,0xa22930,12,FUNC,GLOBAL,1
OV01.OVL,guno017B1,0xa3bf10,44,OBJECT,GLOBAL,1
OV01.OVL,sndSysSePlay,0xa2da80,44,FUNC,GLOBAL,1
OV01.OVL,thinkProcessExec,0xa1d4f8,96,FUNC,GLOBAL,1
OV01.OVL,cmdEvent,0xa21cd0,140,FUNC,GLOBAL,1
OV01.OVL,unitMotSetEx,0xa06ef8,608,FUNC,GLOBAL,1
OV01.OVL,battleProc,0xa22668,484,FUNC,GLOBAL,1
OV01.OVL,battleRetCodeGet,0xa0b5f0,12,FUNC,GLOBAL,1
OV01.OVL,calcHitRate,0xa12fd8,436,FUNC,GLOBAL,1
OV01.OVL,dataSndSeNameGet,0xa2cfa0,596,FUNC,GLOBAL,1
OV01.OVL,thinkExecSub,0xa1def0,216,FUNC,GLOBAL,1
OV01.OVL,cmdCamSetAct2,0xa21090,504,FUNC,GLOBAL,1
OV01.OVL,equipEther,0xa311a0,224,FUNC,GLOBAL,1
OV01.OVL,unitMtdProc,0xa068d8,228,FUNC,GLOBAL,1
OV01.OVL,regChk,0xa1dfc8,64,FUNC,GLOBAL,1
OV01.OVL,dataExpTblGet,0xa19338,24,FUNC,GLOBAL,1
OV01.OVL,cmdVPadEneble,0xa21eb8,32,FUNC,GLOBAL,1
OV01.OVL,calcCfEncount,0xa18620,92,FUNC,GLOBAL,1
OV01.OVL,scenarioSrcEndChk,0xa0ea28,212,FUNC,GLOBAL,1
OV01.OVL,dataBatDatLoad,0xa1cea0,36,FUNC,GLOBAL,1
OV01.OVL,cmdMsg,0xa1edb0,204,FUNC,GLOBAL,1
OV01.OVL,faceUVGet,0xa290b8,208,FUNC,GLOBAL,1
OV01.OVL,motAdrTbl,0xa3eb18,28,OBJECT,GLOBAL,1
OV01.OVL,dataSndSeRegLoad2,0xa2d7b0,260,FUNC,GLOBAL,1
OV01.OVL,unitCmdEscape,0xa06c88,188,FUNC,GLOBAL,1
OV01.OVL,unitParaInit,0xa019f0,268,FUNC,GLOBAL,1
OV01.OVL,MMv2SkipEnabled,0xa33608,60,FUNC,GLOBAL,1
OV01.OVL,dataNormInitGet,0xa192a8,44,FUNC,GLOBAL,1
OV01.OVL,syoukan2Sub,0xa0d600,152,FUNC,GLOBAL,1
OV01.OVL,unitCmdTurnSubInit,0xa03b58,100,FUNC,GLOBAL,1
OV01.OVL,thinkMonsTblGet,0xa1d790,76,FUNC,GLOBAL,1
OV01.OVL,menuTimeGet,0xa29bb8,12,FUNC,GLOBAL,1
OV01.OVL,adjTblPl,0xa3d050,160,OBJECT,GLOBAL,1
OV01.OVL,curGrpSel,0xa0fa80,128,FUNC,GLOBAL,1
OV01.OVL,MEfCalcAngleMatrix,0xa33860,104,FUNC,GLOBAL,1
OV01.OVL,thinkValSet,0xa1e050,32,FUNC,GLOBAL,1
OV01.OVL,cmdCamCamMode,0xa20c60,16,FUNC,GLOBAL,1
OV01.OVL,calcDeadUnitNum,0xa16e68,104,FUNC,GLOBAL,1
OV01.OVL,objEntry2Rev,0xa00430,68,FUNC,GLOBAL,1
OV01.OVL,boss014F5,0xa3c8a0,44,OBJECT,GLOBAL,1
OV01.OVL,vx02F1,0xa3b0d8,52,OBJECT,GLOBAL,1
OV01.OVL,vx06B5,0xa3b5a0,116,OBJECT,GLOBAL,1
OV01.OVL,battleCtrlMan,0xa088b8,412,FUNC,GLOBAL,1
OV01.OVL,selectPL,0xa22948,280,FUNC,GLOBAL,1
OV01.OVL,dataAttGet,0xa1a428,92,FUNC,GLOBAL,1
OV01.OVL,dataCdSyncClear,0xa1a770,12,FUNC,GLOBAL,1
OV01.OVL,grPutFT4STQ,0xa25748,372,FUNC,GLOBAL,1
OV01.OVL,McEfSTQtbl,0xa51270,64,OBJECT,GLOBAL,1
OV01.OVL,unitCmdMovePosHover,0xa04678,68,FUNC,GLOBAL,1
OV01.OVL,stat2Proc,0xa0a5a0,796,FUNC,GLOBAL,1
OV01.OVL,cmdThinkCamEvent,0xa22140,272,FUNC,GLOBAL,1
OV01.OVL,MEfCreate_BP00,0xa346c8,300,FUNC,GLOBAL,1
OV01.OVL,calcStat,0xa14708,652,FUNC,GLOBAL,1
OV01.OVL,ag04B5,0xa3b760,176,OBJECT,GLOBAL,1
OV01.OVL,MEfCreate_DORA,0xa397c8,240,FUNC,GLOBAL,1
OV01.OVL,MEfMake4Vertex,0xa33a98,260,FUNC,GLOBAL,1
OV01.OVL,cmdListPtrGet,0xa09500,28,FUNC,GLOBAL,1
OV01.OVL,actStockGet,0xa08638,12,FUNC,GLOBAL,1
OV01.OVL,calcFrameEquipOrg,0xa16858,64,FUNC,GLOBAL,1
OV01.OVL,valUD,0xa30b30,112,FUNC,GLOBAL,1
OV01.OVL,menuCloseItm,0xa26bd0,36,FUNC,GLOBAL,1
OV01.OVL,unitPtrGet,0xa07388,76,FUNC,GLOBAL,1
OV01.OVL,unitCmdAtkEnd,0xa02160,188,FUNC,GLOBAL,1
OV01.OVL,manInput,0xa08a58,2624,FUNC,GLOBAL,1
OV01.OVL,boss019B1,0xa3cda0,76,OBJECT,GLOBAL,1
OV01.OVL,spWepDispOn,0xa0e550,344,FUNC,GLOBAL,1
OV01.OVL,unitCmdDeadSet,0xa02220,108,FUNC,GLOBAL,1
OV01.OVL,dataPackPcMdlNameGet,0xa1b310,544,FUNC,GLOBAL,1
OV01.OVL,equipChar,0xa30c90,48,FUNC,GLOBAL,1
OV01.OVL,dataDummySet,0xa19d80,8,FUNC,GLOBAL,1
OV01.OVL,equipWpn1,0xa30df8,24,FUNC,GLOBAL,1
OV01.OVL,pauseProc,0xa22940,8,FUNC,GLOBAL,1
OV01.OVL,dmgValPut,0xa0eea0,620,FUNC,GLOBAL,1
OV01.OVL,calcBoost,0xa128f8,112,FUNC,GLOBAL,1
OV01.OVL,menuMapDisp,0xa28448,684,FUNC,GLOBAL,1
OV01.OVL,menuKeyGuideDisp,0xa2a660,616,FUNC,GLOBAL,1
OV01.OVL,debugParaDisp,0xa2f1b8,400,FUNC,GLOBAL,1
OV01.OVL,battleExecNorm,0xa09c90,392,FUNC,GLOBAL,1
OV01.OVL,menuBpBarPut,0xa2a390,252,FUNC,GLOBAL,1
OV01.OVL,boss016B5,0xa3ca60,108,OBJECT,GLOBAL,1
OV01.OVL,momoF5,0xa3ada8,36,OBJECT,GLOBAL,1
OV01.OVL,battleCtrl,0xa07a60,724,FUNC,GLOBAL,1
OV01.OVL,calcStatGetNorm,0xa17260,240,FUNC,GLOBAL,1
OV01.OVL,battleMsgEndChk,0xa1ee80,16,FUNC,GLOBAL,1
OV01.OVL,kosmosB5,0xa3ac68,36,OBJECT,GLOBAL,1
OV01.OVL,resultProc,0xa2c9d0,20,FUNC,GLOBAL,1
OV01.OVL,sndSeDat,0xa42d18,104,OBJECT,GLOBAL,1
OV01.OVL,objDmgNumCreate,0xa2b0d0,136,FUNC,GLOBAL,1
OV01.OVL,dataPosLineGet,0xa1a2c0,36,FUNC,GLOBAL,1
OV01.OVL,unitCmdGuard,0xa02728,168,FUNC,GLOBAL,1
OV01.OVL,cmdCamSetPos,0xa20e38,236,FUNC,GLOBAL,1
OV01.OVL,tgtFindChk,0xa15eb0,52,FUNC,GLOBAL,1
OV01.OVL,calcCounter,0xa12770,124,FUNC,GLOBAL,1
OV01.OVL,dataMtdRead,0xa1cc40,412,FUNC,GLOBAL,1
OV01.OVL,MCamShake,0xa31ca0,356,FUNC,GLOBAL,1
OV01.OVL,dataBltNameGet,0xa2c738,80,FUNC,GLOBAL,1
OV01.OVL,calcStatIdx2Bit,0xa17ae8,12,FUNC,GLOBAL,1
OV01.OVL,unitActdraw,0xa01998,84,FUNC,GLOBAL,1
OV01.OVL,configEqu,0xa30858,84,FUNC,GLOBAL,1
OV01.OVL,sndSeAdrGet,0xa2d1f8,12,FUNC,GLOBAL,1
OV01.OVL,entryPhase26,0xa22fd8,136,FUNC,GLOBAL,1
OV01.OVL,MBattleInit,0xa31348,116,FUNC,GLOBAL,1
OV01.OVL,statEffOn,0xa0f620,132,FUNC,GLOBAL,1
OV01.OVL,testScreen,0xa00088,396,FUNC,GLOBAL,1
OV01.OVL,calcLinerSub,0xa18a98,160,FUNC,GLOBAL,1
OV01.OVL,cmdCamPersMode,0xa20ca0,20,FUNC,GLOBAL,1
OV01.OVL,calcSpline,0xa18818,640,FUNC,GLOBAL,1
OV01.OVL,menuFontEnvMake,0xa2c140,212,FUNC,GLOBAL,1
OV01.OVL,cmdAtkset,0xa1ff98,212,FUNC,GLOBAL,1
OV01.OVL,scenarioBatInit,0xa0b8b0,76,FUNC,GLOBAL,1
OV01.OVL,entryPhase30,0xa23060,92,FUNC,GLOBAL,1
OV01.OVL,unitCmdFadeIn,0xa06d48,208,FUNC,GLOBAL,1
OV01.OVL,chaosF5,0xa3aba8,36,OBJECT,GLOBAL,1
OV01.OVL,jrB1,0xa3ae50,20,OBJECT,GLOBAL,1
OV01.OVL,unitCmdBted,0xa06718,448,FUNC,GLOBAL,1
OV01.OVL,menuSelLine,0xa29548,324,FUNC,GLOBAL,1
OV01.OVL,debugCmdPrint,0xa2e528,1356,FUNC,GLOBAL,1
OV01.OVL,curEnvMake,0xa10ac8,236,FUNC,GLOBAL,1
OV01.OVL,guno004B5,0xa3bb08,36,OBJECT,GLOBAL,1
OV01.OVL,entryPhase80,0xa23598,192,FUNC,GLOBAL,1
OV01.OVL,menuEventTimerDispSub,0xa29730,908,FUNC,GLOBAL,1
OV01.OVL,curPutSub,0xa108e0,416,FUNC,GLOBAL,1
OV01.OVL,vx06F5,0xa3b4b0,116,OBJECT,GLOBAL,1
OV01.OVL,grCloseF2,0xa24e80,48,FUNC,GLOBAL,1
OV01.OVL,mapDispOff,0xa2c430,36,FUNC,GLOBAL,1
OV01.OVL,MEfCreate_KOSBW02,0xa3a090,532,FUNC,GLOBAL,1
OV01.OVL,cmdEventSlotGet,0xa220e8,84,FUNC,GLOBAL,1
OV01.OVL,debugEntry,0xa2e4b0,20,FUNC,GLOBAL,1
OV01.OVL,menuBatObjDraw,0xa26350,688,FUNC,GLOBAL,1
OV01.OVL,dataItmGet,0xa1a4e8,92,FUNC,GLOBAL,1
OV01.OVL,plIchigekiGet,0xa2f4c0,12,FUNC,GLOBAL,1
OV01.OVL,cmdWaitCnt,0xa21dc8,104,FUNC,GLOBAL,1
OV01.OVL,sndSePlay,0xa2dab0,200,FUNC,GLOBAL,1
OV01.OVL,guno005B5,0xa3bb60,44,OBJECT,GLOBAL,1
OV01.OVL,mapDispOnAll,0xa2c458,20,FUNC,GLOBAL,1
OV01.OVL,chaosF1,0xa3ab90,20,OBJECT,GLOBAL,1
OV01.OVL,fema005B5,0xa3b9a8,136,OBJECT,GLOBAL,1
OV01.OVL,stat1Proc,0xa0a120,1152,FUNC,GLOBAL,1
OV01.OVL,chaosB1,0xa3abd0,20,OBJECT,GLOBAL,1
OV01.OVL,actUnitGet,0xa0b778,12,FUNC,GLOBAL,1
OV01.OVL,sndSeTransPlay,0xa2e0a8,92,FUNC,GLOBAL,1
OV01.OVL,dataSndSeRegLoad,0xa2d6a0,268,FUNC,GLOBAL,1
OV01.OVL,entryPhase51,0xa23430,116,FUNC,GLOBAL,1
OV01.OVL,dataSndMuLoad,0xa2e160,492,FUNC,GLOBAL,1
OV01.OVL,fadeOutObj,0xa239c0,104,FUNC,GLOBAL,1
OV01.OVL,calcTurnEnd,0xa12c40,120,FUNC,GLOBAL,1
OV01.OVL,keyBuffIdxGet,0xa0b198,12,FUNC,GLOBAL,1
OV01.OVL,unitClipSet,0xa01bb8,112,FUNC,GLOBAL,1
OV01.OVL,ziggyF5,0xa3ad28,36,OBJECT,GLOBAL,1
OV01.OVL,scenarioBatExecPhase25,0xa0c450,456,FUNC,GLOBAL,1
OV01.OVL,unitCmdNext,0xa01ce8,20,FUNC,GLOBAL,1
OV01.OVL,MEfCreate_MSP00,0xa33f08,332,FUNC,GLOBAL,1
OV01.OVL,cmdCamSetAct3,0xa21288,460,FUNC,GLOBAL,1
OV01.OVL,unitCmdEnd,0xa02d20,20,FUNC,GLOBAL,1
OV01.OVL,jrF5,0xa3ae28,36,OBJECT,GLOBAL,1
OV01.OVL,cmdCamRefMode,0xa20c48,20,FUNC,GLOBAL,1
OV01.OVL,thinkProcessChk,0xa1d480,52,FUNC,GLOBAL,1
OV01.OVL,MEfCreate_SMP01,0xa34e90,380,FUNC,GLOBAL,1
OV01.OVL,scenarioBatExecDst,0xa0df28,256,FUNC,GLOBAL,1
OV01.OVL,calcAp,0xa123b8,108,FUNC,GLOBAL,1
OV01.OVL,objHatoVec,0xa00950,404,FUNC,GLOBAL,1
OV01.OVL,battleMain,0xa078b8,44,FUNC,GLOBAL,1
OV01.OVL,encEffVramCopy,0xa24950,328,FUNC,GLOBAL,1
OV01.OVL,unitCmdSet,0xa01d00,116,FUNC,GLOBAL,1
OV01.OVL,configPlPos1,0xa30688,24,FUNC,GLOBAL,1
OV01.OVL,unitCmdMovePosWarp,0xa046c0,68,FUNC,GLOBAL,1
OV01.OVL,MCamGetLengthActor,0xa31598,56,FUNC,GLOBAL,1
OV01.OVL,dataWpnGet,0xa1a3d8,80,FUNC,GLOBAL,1
OV01.OVL,dataEthGet,0xa1a488,92,FUNC,GLOBAL,1
OV01.OVL,menuCritObjDraw,0xa28238,316,FUNC,GLOBAL,1
OV01.OVL,valLR,0xa30ba0,240,FUNC,GLOBAL,1
OV01.OVL,sndSeRegRemove,0xa2d308,124,FUNC,GLOBAL,1
OV01.OVL,guno015B5,0xa3be80,44,OBJECT,GLOBAL,1
OV01.OVL,menuStatObjDraw,0xa29bd8,104,FUNC,GLOBAL,1
OV01.OVL,cmdCamCoordGet,0xa219f0,320,FUNC,GLOBAL,1
OV01.OVL,configPlPos,0xa306d0,100,FUNC,GLOBAL,1
OV01.OVL,sndSeTrans,0xa2d8b8,452,FUNC,GLOBAL,1
OV01.OVL,virgilF1,0xa3ae90,20,OBJECT,GLOBAL,1
OV01.OVL,cmdLightAmb,0xa20840,216,FUNC,GLOBAL,1
OV01.OVL,cmdRput,0xa1ead8,120,FUNC,GLOBAL,1
OV01.OVL,calcSkillSub,0xa12108,124,FUNC,GLOBAL,1
OV01.OVL,menuStatPreObj,0xa27278,8,FUNC,GLOBAL,1
OV01.OVL,calcStatGet,0xa17148,276,FUNC,GLOBAL,1
OV01.OVL,dataThinkFileLoad,0xa1d0a8,76,FUNC,GLOBAL,1
OV01.OVL,boss014F1,0xa3c870,44,OBJECT,GLOBAL,1
OV01.OVL,cmdCamUnitHeight,0xa21948,168,FUNC,GLOBAL,1
OV01.OVL,objDispCurSubEn,0xa10758,392,FUNC,GLOBAL,1
OV01.OVL,calcWpnEnableChk,0xa163d8,204,FUNC,GLOBAL,1
OV01.OVL,menuStatEnvMake,0xa2beb8,212,FUNC,GLOBAL,1
OV01.OVL,camInitExec,0xa1d820,120,FUNC,GLOBAL,1
OV01.OVL,unitCmdAgws,0xa027d0,248,FUNC,GLOBAL,1
OV01.OVL,menuFontPut,0xa2b7b8,296,FUNC,GLOBAL,1
OV01.OVL,actStockMake,0xa08230,492,FUNC,GLOBAL,1
OV01.OVL,configThink,0xa30a70,68,FUNC,GLOBAL,1
OV01.OVL,mapInit,0xa2c3a0,52,FUNC,GLOBAL,1
OV01.OVL,calcWpnAtkGet,0xa13398,384,FUNC,GLOBAL,1
OV01.OVL,sndConvSe,0xa2df80,204,FUNC,GLOBAL,1
OV01.OVL,tgtUnitPick,0xa0b4d0,68,FUNC,GLOBAL,1
OV01.OVL,menuOpenBat,0xa26028,272,FUNC,GLOBAL,1
OV01.OVL,guno005B1,0xa3bb30,44,OBJECT,GLOBAL,1
OV01.OVL,guno013B1,0xa3bd50,136,OBJECT,GLOBAL,1
OV01.OVL,dataWepNameGet,0xa2c6e8,80,FUNC,GLOBAL,1
OV01.OVL,cmdThinksetSub,0xa1f0b8,656,FUNC,GLOBAL,1
OV01.OVL,dataVPadSet,0xa1d288,72,FUNC,GLOBAL,1
OV01.OVL,calcBp,0xa12590,184,FUNC,GLOBAL,1
OV01.OVL,calcSplineInit,0xa187e8,44,FUNC,GLOBAL,1
OV01.OVL,calcTotalParaMenuSub,0xa11128,248,FUNC,GLOBAL,1
OV01.OVL,objCmdTailGet,0xa00b38,32,FUNC,GLOBAL,1
OV01.OVL,menuStatIconPut,0xa2a500,172,FUNC,GLOBAL,1
OV01.OVL,actUnitTblMake,0xa0b448,136,FUNC,GLOBAL,1
OV01.OVL,unitFaceMotSet,0xa07208,136,FUNC,GLOBAL,1
OV01.OVL,menuKeyGuideObj,0xa27438,8,FUNC,GLOBAL,1
OV01.OVL,battleDisp,0xa23780,136,FUNC,GLOBAL,1
OV01.OVL,utro002F5,0xa3c3e0,44,OBJECT,GLOBAL,1
OV01.OVL,calcPartyStat,0xa18680,188,FUNC,GLOBAL,1
OV01.OVL,dataSpecTblGet,0xa193a0,36,FUNC,GLOBAL,1
OV01.OVL,calcSkillEquipOrg,0xa16758,100,FUNC,GLOBAL,1
OV01.OVL,calcTurnStart,0xa12b28,280,FUNC,GLOBAL,1
OV01.OVL,unitCmdMovePosRun,0xa045e8,68,FUNC,GLOBAL,1
OV01.OVL,mapMulSet,0xa2c3d8,28,FUNC,GLOBAL,1
OV01.OVL,calcEngineEquipOrg,0xa16818,64,FUNC,GLOBAL,1
OV01.OVL,lastUnitGet,0xa0b788,12,FUNC,GLOBAL,1
OV01.OVL,equipEther2,0xa31180,28,FUNC,GLOBAL,1
OV01.OVL,cmdMsgPos,0xa1ed38,120,FUNC,GLOBAL,1
OV01.OVL,calcHit,0xa13240,344,FUNC,GLOBAL,1
OV01.OVL,encEffObjInit,0xa23ce0,988,FUNC,GLOBAL,1
OV01.OVL,MEfCreate_MSP02,0xa360e0,452,FUNC,GLOBAL,1
OV01.OVL,sndMuTransPlayObj,0xa2e460,76,FUNC,GLOBAL,1
OV01.OVL,unitActupdate,0xa01928,108,FUNC,GLOBAL,1
OV01.OVL,boss004B1,0xa3c570,44,OBJECT,GLOBAL,1
OV01.OVL,cmdRmath1,0xa1e618,256,FUNC,GLOBAL,1
OV01.OVL,pMsgObj,0xa3ef54,4,OBJECT,GLOBAL,1
OV01.OVL,dataChildActorCreate,0xa1c1d0,100,FUNC,GLOBAL,1
OV01.OVL,dataBakpBaseGet,0xa19738,24,FUNC,GLOBAL,1
OV01.OVL,MEfCalcAngle,0xa337e8,120,FUNC,GLOBAL,1
OV01.OVL,unitCmdVASet,0xa05bf8,1136,FUNC,GLOBAL,1
OV01.OVL,unitLiveNumGet2,0xa01000,188,FUNC,GLOBAL,1
OV01.OVL,thinkMapGet,0xa1ced8,64,FUNC,GLOBAL,1
OV01.OVL,encountEffDisp,0xa236c0,132,FUNC,GLOBAL,1
OV01.OVL,cmdTblget,0xa1e988,160,FUNC,GLOBAL,1
OV01.OVL,boss014B5,0xa3c900,44,OBJECT,GLOBAL,1
OV01.OVL,unitCmdStat,0xa06ad0,96,FUNC,GLOBAL,1
OV01.OVL,unitTelOut,0xa064b8,104,FUNC,GLOBAL,1
OV01.OVL,actStockRemove,0xa08598,160,FUNC,GLOBAL,1
OV01.OVL,dataUnitOrgGet,0xa191c0,80,FUNC,GLOBAL,1
OV01.OVL,vramCopyObjCreate,0xa23808,96,FUNC,GLOBAL,1
OV01.OVL,momoB5,0xa3ade8,36,OBJECT,GLOBAL,1
OV01.OVL,guno018F5,0xa3bfa0,44,OBJECT,GLOBAL,1
OV01.OVL,utre005B5,0xa3c328,36,OBJECT,GLOBAL,1
OV01.OVL,dataFrmNameGet,0xa2c968,80,FUNC,GLOBAL,1
OV01.OVL,cmdRmath2,0xa1e718,348,FUNC,GLOBAL,1
OV01.OVL,kosmosF1,0xa3ac10,20,OBJECT,GLOBAL,1
OV01.OVL,calcTakeEpGet,0xa15670,200,FUNC,GLOBAL,1
OV01.OVL,dataUnitFileLoadMdl,0xa1b588,904,FUNC,GLOBAL,1
OV01.OVL,debugEquSet,0xa2f640,100,FUNC,GLOBAL,1
OV01.OVL,unitCmdRun,0xa04b30,692,FUNC,GLOBAL,1
OV01.OVL,objDispCurSubPl,0xa10750,8,FUNC,GLOBAL,1
OV01.OVL,menuResultBat,0xa26178,12,FUNC,GLOBAL,1
OV01.OVL,spWepDispOffSub,0xa0e8a8,76,FUNC,GLOBAL,1
OV01.OVL,dataEthNameGet,0xa2c5a8,80,FUNC,GLOBAL,1
OV01.OVL,GS_REG_SET,0xa25fe0,56,FUNC,GLOBAL,1
OV01.OVL,cmdCamOffsPos,0xa21458,236,FUNC,GLOBAL,1
OV01.OVL,batCtrlGet,0xa0b888,12,FUNC,GLOBAL,1
OV01.OVL,objCmdNext,0xa00c10,80,FUNC,GLOBAL,1
OV01.OVL,cmdLightCol,0xa20918,256,FUNC,GLOBAL,1
OV01.OVL,mbankPtrGet,0xa20bb0,56,FUNC,GLOBAL,1
OV01.OVL,etehrCVGet,0xa0bc98,220,FUNC,GLOBAL,1
OV01.OVL,calcStatClr,0xa14cb0,164,FUNC,GLOBAL,1
OV01.OVL,debugBattleConfig,0xa2f6a8,3876,FUNC,GLOBAL,1
OV01.OVL,configMap,0xa30780,68,FUNC,GLOBAL,1
OV01.OVL,cmdCamLock,0xa20d00,152,FUNC,GLOBAL,1
OV01.OVL,cmdStatReset,0xa224f0,156,FUNC,GLOBAL,1
OV01.OVL,MMv2Play,0xa334a0,236,FUNC,GLOBAL,1
OV01.OVL,mapDispOffAll,0xa2c470,24,FUNC,GLOBAL,1
OV01.OVL,mapDisp,0xa2c488,276,FUNC,GLOBAL,1
OV01.OVL,vramCopyDummy,0xa23868,8,FUNC,GLOBAL,1
OV01.OVL,MMv2IsPlaying,0xa335f0,20,FUNC,GLOBAL,1
OV01.OVL,camInit,0xa1d6e8,100,FUNC,GLOBAL,1
OV01.OVL,dataSpecLearnSet,0xa19750,148,FUNC,GLOBAL,1
OV01.OVL,unitCmdStand,0xa02cc0,96,FUNC,GLOBAL,1
OV01.OVL,MCamInit,0xa315d0,44,FUNC,GLOBAL,1
OV01.OVL,unitCmdAtkSub,0xa01ef8,136,FUNC,GLOBAL,1
OV01.OVL,specSyoukanProc,0xa0d698,376,FUNC,GLOBAL,1
OV01.OVL,grVramCopy,0xa24c68,424,FUNC,GLOBAL,1
OV01.OVL,cmdHpPerGet,0xa22028,188,FUNC,GLOBAL,1
OV01.OVL,scenarioSrcGet,0xa0b9d0,12,FUNC,GLOBAL,1
OV01.OVL,vx06B1,0xa3b528,116,OBJECT,GLOBAL,1
OV01.OVL,dataUnitFileGet,0xa1b1e8,296,FUNC,GLOBAL,1
OV01.OVL,curEnProcInit,0xa0fc38,324,FUNC,GLOBAL,1
OV01.OVL,boss014B1,0xa3c8d0,44,OBJECT,GLOBAL,1
OV01.OVL,myMCamSet,0xa20be8,36,FUNC,GLOBAL,1
OV01.OVL,unitMotSet,0xa06ee0,24,FUNC,GLOBAL,1
OV01.OVL,dataThinkAdrGet,0xa1cec8,12,FUNC,GLOBAL,1
OV01.OVL,cmdWaitMsg,0xa21e90,40,FUNC,GLOBAL,1
OV01.OVL,thinkUnitAtkExec,0xa1dc40,228,FUNC,GLOBAL,1
OV01.OVL,nusumeSet,0xa0ce20,12,FUNC,GLOBAL,1
OV01.OVL,grGpInit,0xa24a98,16,FUNC,GLOBAL,1
OV01.OVL,actStockPick,0xa08420,372,FUNC,GLOBAL,1
OV01.OVL,monsNameDisp,0xa2aae0,220,FUNC,GLOBAL,1
OV01.OVL,objCurDraw,0xa0f8c0,64,FUNC,GLOBAL,1
OV01.OVL,menuKeyGuideHelp,0xa2abc0,768,FUNC,GLOBAL,1
OV01.OVL,unitEnCreate,0xa01218,96,FUNC,GLOBAL,1
OV01.OVL,unitCmdFloat,0xa055e0,668,FUNC,GLOBAL,1
OV01.OVL,fadeIn,0xa238a0,88,FUNC,GLOBAL,1
OV01.OVL,grDBIdxGet,0xa24b28,104,FUNC,GLOBAL,1
OV01.OVL,sndInit2,0xa2caf8,68,FUNC,GLOBAL,1
OV01.OVL,vx03B1,0xa3b348,116,OBJECT,GLOBAL,1
OV01.OVL,cmdRpop,0xa1e900,136,FUNC,GLOBAL,1
OV01.OVL,objStdMove,0xa00698,692,FUNC,GLOBAL,1
OV01.OVL,objRemove,0xa00478,80,FUNC,GLOBAL,1
OV01.OVL,utso006B1,0xa3c470,20,OBJECT,GLOBAL,1
OV01.OVL,fema005F5,0xa3b898,136,OBJECT,GLOBAL,1
OV01.OVL,unitJobTypeAtk,0xa01f80,476,FUNC,GLOBAL,1
OV01.OVL,fema005F1,0xa3b810,136,OBJECT,GLOBAL,1
OV01.OVL,calcCopyParaMake,0xa10bb8,532,FUNC,GLOBAL,1
OV01.OVL,MCamGetCurrentEye,0xa31578,28,FUNC,GLOBAL,1
OV01.OVL,cmdGo,0xa1e1e0,48,FUNC,GLOBAL,1
OV01.OVL,calcPhyDefGet,0xa13518,188,FUNC,GLOBAL,1
OV01.OVL,MMvSkipEnabled,0xa332a0,60,FUNC,GLOBAL,1
OV01.OVL,cmdCmdputoff,0xa1ed28,16,FUNC,GLOBAL,1
OV01.OVL,guno018F1,0xa3bf70,44,OBJECT,GLOBAL,1
OV01.OVL,MBattleIsInPause,0xa314a0,20,FUNC,GLOBAL,1
OV01.OVL,calcHitMotChk,0xa12e50,88,FUNC,GLOBAL,1
OV01.OVL,dataXtxFileGet,0xa1cde0,24,FUNC,GLOBAL,1
OV01.OVL,dataSpecInitGet,0xa192d8,44,FUNC,GLOBAL,1
OV01.OVL,counterProc,0xa0ed80,288,FUNC,GLOBAL,1
OV01.OVL,cmdUnitpara,0xa1f658,112,FUNC,GLOBAL,1
OV01.OVL,boss016F5,0xa3c998,104,OBJECT,GLOBAL,1
OV01.OVL,MEfCreate_AMP02,0xa358a8,464,FUNC,GLOBAL,1
OV01.OVL,calcMagDefGet,0xa135d8,124,FUNC,GLOBAL,1
OV01.OVL,thinkInitExec,0xa1da30,128,FUNC,GLOBAL,1
OV01.OVL,fifoPop,0xa00ce8,92,FUNC,GLOBAL,1
OV01.OVL,boss007B5,0xa3c608,44,OBJECT,GLOBAL,1
OV01.OVL,equipAcc,0xa31008,116,FUNC,GLOBAL,1
OV01.OVL,battleMsg,0xa0df00,36,FUNC,GLOBAL,1
OV01.OVL,MEfCreate_ECM01,0xa37ab8,444,FUNC,GLOBAL,1
OV01.OVL,dataUnitFileLoadMot,0xa1b9b8,564,FUNC,GLOBAL,1
OV01.OVL,dataMotNameGetSub,0xa1af20,244,FUNC,GLOBAL,1
OV01.OVL,monsGainPtrGet,0xa0f110,12,FUNC,GLOBAL,1
OV01.OVL,calcAttEquipOrg,0xa16620,100,FUNC,GLOBAL,1
OV01.OVL,cmdListCansel,0xa099b8,144,FUNC,GLOBAL,1
OV01.OVL,MEfCreate_EAD00,0xa39088,92,FUNC,GLOBAL,1
OV01.OVL,grCloseF4,0xa24f20,48,FUNC,GLOBAL,1
OV01.OVL,scenarioBatNext,0xa0ba30,64,FUNC,GLOBAL,1
OV01.OVL,battleCtrlHelpGet,0xa08678,12,FUNC,GLOBAL,1
OV01.OVL,lastBossBtlChk,0xa22a60,36,FUNC,GLOBAL,1
OV01.OVL,unitCmdLenGet,0xa05b18,140,FUNC,GLOBAL,1
OV01.OVL,objEnCurCreate,0xa0f720,152,FUNC,GLOBAL,1
OV01.OVL,calcSkillEquChkAll,0xa122c0,248,FUNC,GLOBAL,1
OV01.OVL,dataPlayerNameGet,0xa2c8a0,120,FUNC,GLOBAL,1
OV01.OVL,cmdMonsSetNoGet,0xa206f0,84,FUNC,GLOBAL,1
OV01.OVL,dataEngNameGet,0xa2c918,80,FUNC,GLOBAL,1
OV01.OVL,unitCmdMovePosHover2,0xa04708,72,FUNC,GLOBAL,1
OV01.OVL,unitCmdMovePosFloat,0xa04750,68,FUNC,GLOBAL,1
OV01.OVL,scenarioBatExec,0xa0bbe8,104,FUNC,GLOBAL,1
OV01.OVL,menuActCurPut,0xa2b8e0,384,FUNC,GLOBAL,1
OV01.OVL,skillPos,0xa43680,12,OBJECT,GLOBAL,1
OV01.OVL,grWorldMatGet,0xa25af0,40,FUNC,GLOBAL,1
OV01.OVL,thinkProcessDel,0xa1d460,32,FUNC,GLOBAL,1
OV01.OVL,unitCmdAgws2,0xa06bc8,192,FUNC,GLOBAL,1
OV01.OVL,dataUnitFileLoad,0xa1b018,460,FUNC,GLOBAL,1
OV01.OVL,calcSameWpnChk,0xa16940,432,FUNC,GLOBAL,1
OV01.OVL,MCamTakeControl,0xa31688,440,FUNC,GLOBAL,1
OV01.OVL,scenarioEffCall,0xa0e200,516,FUNC,GLOBAL,1
OV01.OVL,menuFontPutSub,0xa2b768,80,FUNC,GLOBAL,1
OV01.OVL,grFBAdrGet,0xa24aa8,24,FUNC,GLOBAL,1
OV01.OVL,calcIdol2Chk,0xa12968,116,FUNC,GLOBAL,1
OV01.OVL,menuStatIconEnvMake,0xa2c218,212,FUNC,GLOBAL,1
OV01.OVL,battleCtrlBoostEn,0xa087a0,280,FUNC,GLOBAL,1
OV01.OVL,resultDisp,0xa2c9e8,8,FUNC,GLOBAL,1
OV01.OVL,shionB1,0xa3acd0,20,OBJECT,GLOBAL,1
OV01.OVL,debugThinkRegName,0xa2ea78,212,FUNC,GLOBAL,1
OV01.OVL,curTgtProcInit,0xa100f8,492,FUNC,GLOBAL,1
OV01.OVL,menuPlStatPut,0xa29cd0,1092,FUNC,GLOBAL,1
OV01.OVL,objDmgNum,0xa2b158,348,FUNC,GLOBAL,1
OV01.OVL,dataPlChaGet,0xa19210,92,FUNC,GLOBAL,1
OV01.OVL,unitCmdMovePosJump,0xa04630,72,FUNC,GLOBAL,1
OV01.OVL,unitCmdMovePosNorm,0xa04478,364,FUNC,GLOBAL,1
OV01.OVL,momoB1,0xa3add0,20,OBJECT,GLOBAL,1
OV01.OVL,calcStatResetAll,0xa17b60,164,FUNC,GLOBAL,1
OV01.OVL,specPos,0xa43658,24,OBJECT,GLOBAL,1
OV01.OVL,fifoPush,0xa00c80,104,FUNC,GLOBAL,1
OV01.OVL,dmgBankOffs,0xa42da0,12,OBJECT,GLOBAL,1
OV01.OVL,objEntry2,0xa00330,68,FUNC,GLOBAL,1
OV01.OVL,unitNumGet,0xa00f58,68,FUNC,GLOBAL,1
OV01.OVL,dataStatNameGet,0xa2c870,44,FUNC,GLOBAL,1
OV01.OVL,entryPhase00,0xa22ac8,388,FUNC,GLOBAL,1
OV01.OVL,equipAtt0,0xa30f00,24,FUNC,GLOBAL,1
OV01.OVL,menuEventTimerDisp,0xa29690,156,FUNC,GLOBAL,1
OV01.OVL,cmdReturn,0xa1e298,96,FUNC,GLOBAL,1
OV01.OVL,grBBIdxGet,0xa24ac0,104,FUNC,GLOBAL,1
OV01.OVL,monsSetNoGet,0xa0b6f8,12,FUNC,GLOBAL,1
OV01.OVL,MEfMake4Vertex2,0xa33ba0,380,FUNC,GLOBAL,1
OV01.OVL,cmdOngo,0xa1e430,148,FUNC,GLOBAL,1
OV01.OVL,cmdCamCenterLength,0xa218b8,144,FUNC,GLOBAL,1
OV01.OVL,chaosB5,0xa3abe8,36,OBJECT,GLOBAL,1
OV01.OVL,cmdUnitCreate,0xa1fa30,600,FUNC,GLOBAL,1
OV01.OVL,menuMapItemDisp,0xa286f8,200,FUNC,GLOBAL,1
OV01.OVL,dataFileLoadNB,0xa1a7e8,140,FUNC,GLOBAL,1
OV01.OVL,configPlPos3,0xa306b8,24,FUNC,GLOBAL,1
OV01.OVL,thinkNoSet,0xa0b620,12,FUNC,GLOBAL,1
OV01.OVL,statEffProc,0xa0f3d0,592,FUNC,GLOBAL,1
OV01.OVL,fifoEdGet,0xa00d48,8,FUNC,GLOBAL,1
OV01.OVL,syoukanFadeOut,0xa0d3e0,172,FUNC,GLOBAL,1
OV01.OVL,resultBackDisp,0xa2c9f0,8,FUNC,GLOBAL,1
OV01.OVL,entryPhase20,0xa22de0,192,FUNC,GLOBAL,1
OV01.OVL,utre005B1,0xa3c310,20,OBJECT,GLOBAL,1
OV01.OVL,objInit,0xa00218,100,FUNC,GLOBAL,1
OV01.OVL,calcHp,0xa12428,220,FUNC,GLOBAL,1
OV01.OVL,calcBattleChk,0xa16ed0,172,FUNC,GLOBAL,1
OV01.OVL,dataCidGet,0xa1a2e8,72,FUNC,GLOBAL,1
OV01.OVL,debugThinkPrint,0xa2eb50,1036,FUNC,GLOBAL,1
OV01.OVL,grPutSpr,0xa258c0,444,FUNC,GLOBAL,1
OV01.OVL,frameCntGet,0xa228f8,12,FUNC,GLOBAL,1
OV01.OVL,resultProcInit,0xa2c9b8,20,FUNC,GLOBAL,1
OV01.OVL,boss013B1,0xa3c810,44,OBJECT,GLOBAL,1
OV01.OVL,unitCmdExec,0xa01d78,140,FUNC,GLOBAL,1
OV01.OVL,guno018B5,0xa3c000,44,OBJECT,GLOBAL,1
OV01.OVL,equipSkill,0xa31280,192,FUNC,GLOBAL,1
OV01.OVL,sndConvHitSe,0xa2e050,88,FUNC,GLOBAL,1
OV01.OVL,objDispCur,0xa10670,220,FUNC,GLOBAL,1
OV01.OVL,calcUseEtherMenu,0xa11270,588,FUNC,GLOBAL,1
OV01.OVL,objCmdClear,0xa00ae8,44,FUNC,GLOBAL,1
OV01.OVL,ag04F1,0xa3b618,220,OBJECT,GLOBAL,1
OV01.OVL,sndSeStop,0xa2db78,80,FUNC,GLOBAL,1
OV01.OVL,keyGideDisp,0xa2a8c8,136,FUNC,GLOBAL,1
OV01.OVL,dmgMsgPut,0xa2b418,284,FUNC,GLOBAL,1
OV01.OVL,entryPhase15,0xa22cf0,120,FUNC,GLOBAL,1
OV01.OVL,curPosProc,0xa10010,232,FUNC,GLOBAL,1
OV01.OVL,keyBuffClear,0xa0b168,48,FUNC,GLOBAL,1
OV01.OVL,cmdAtktblSortRev,0xa20088,28,FUNC,GLOBAL,1
OV01.OVL,calcUseItemMenu,0xa114c0,424,FUNC,GLOBAL,1
OV01.OVL,calcBc,0xa126e8,132,FUNC,GLOBAL,1
OV01.OVL,menuOpenItm,0xa26a90,320,FUNC,GLOBAL,1
OV01.OVL,MEfCreate,0xa33648,340,FUNC,GLOBAL,1
OV01.OVL,calcPara2Org,0xa10dd0,300,FUNC,GLOBAL,1
OV01.OVL,boss017F5,0xa3cb30,96,OBJECT,GLOBAL,1
OV01.OVL,thinkUnitPtrGetReg,0xa1f348,60,FUNC,GLOBAL,1
OV01.OVL,cmdCamMove,0xa21660,372,FUNC,GLOBAL,1
OV01.OVL,battleRetCodeSet,0xa0b600,12,FUNC,GLOBAL,1
OV01.OVL,calcTrg2PE,0xa16f80,88,FUNC,GLOBAL,1
OV01.OVL,cmdThinkset2,0xa1f0a0,20,FUNC,GLOBAL,1
OV01.OVL,cmdGosub,0xa1e210,136,FUNC,GLOBAL,1
OV01.OVL,dataLeaderChk,0xa1ac58,260,FUNC,GLOBAL,1
OV01.OVL,dataPadRead,0xa1d2d0,116,FUNC,GLOBAL,1
OV01.OVL,objStdInit,0xa00638,96,FUNC,GLOBAL,1
OV01.OVL,thinkTopSet,0xa1d380,12,FUNC,GLOBAL,1
OV01.OVL,encEnvMake,0xa23c28,180,FUNC,GLOBAL,1
OV01.OVL,objExecSub,0xa002a0,20,FUNC,GLOBAL,1
OV01.OVL,unitCmdFree,0xa01e08,28,FUNC,GLOBAL,1
OV01.OVL,menuTexTrans,0xa2bd50,68,FUNC,GLOBAL,1
OV01.OVL,boss016B1,0xa3ca00,96,OBJECT,GLOBAL,1
OV01.OVL,menuMapItemDispSub,0xa29188,956,FUNC,GLOBAL,1
OV01.OVL,unitWpnMotSet,0xa07178,144,FUNC,GLOBAL,1
OV01.OVL,calcTakeEpGetMenu,0xa11220,76,FUNC,GLOBAL,1
OV01.OVL,MBattlePause,0xa31460,60,FUNC,GLOBAL,1
OV01.OVL,calcWctDec,0xa12de0,108,FUNC,GLOBAL,1
OV01.OVL,menuStatNamePut,0xa2a5b0,172,FUNC,GLOBAL,1
OV01.OVL,utre003B1,0xa3c2d0,20,OBJECT,GLOBAL,1
OV01.OVL,dataSndStEdNameGet,0xa2cec0,224,FUNC,GLOBAL,1
OV01.OVL,scenarioBatExecMain,0xa0cbf8,552,FUNC,GLOBAL,1
OV01.OVL,mdlAdrTbl,0xa3eaf8,28,OBJECT,GLOBAL,1
OV01.OVL,fifoStGet,0xa00d50,8,FUNC,GLOBAL,1
OV01.OVL,manWorkGet,0xa0b840,12,FUNC,GLOBAL,1
OV01.OVL,unitLiveNumGet,0xa00fa0,96,FUNC,GLOBAL,1
OV01.OVL,dataUnitInitSet,0xa19e00,1176,FUNC,GLOBAL,1
OV01.OVL,calcBackLineChk,0xa16288,336,FUNC,GLOBAL,1
OV01.OVL,specAnalyzeProc,0xa0da28,260,FUNC,GLOBAL,1
OV01.OVL,menuMapHSet,0xa28420,36,FUNC,GLOBAL,1
OV01.OVL,calcWpnEquipOrg,0xa16538,124,FUNC,GLOBAL,1
OV01.OVL,objWorkFree,0xa005e8,76,FUNC,GLOBAL,1
OV01.OVL,dataEtherLearnSet,0xa194e0,148,FUNC,GLOBAL,1
OV01.OVL,battleCtrlJunk,0xa08020,168,FUNC,GLOBAL,1
OV01.OVL,dataBattleInit,0xa19d88,120,FUNC,GLOBAL,1
OV01.OVL,equipEther1,0xa31160,28,FUNC,GLOBAL,1
OV01.OVL,utre002B1,0xa3c2a0,20,OBJECT,GLOBAL,1
OV01.OVL,dataCdSync,0xa1a760,12,FUNC,GLOBAL,1
OV01.OVL,dataDefEquipGet,0xa19378,36,FUNC,GLOBAL,1
OV01.OVL,menuTimeSet,0xa29ac0,172,FUNC,GLOBAL,1
OV01.OVL,grBBCalc,0xa25de0,188,FUNC,GLOBAL,1
OV01.OVL,objEntryRev,0xa00408,36,FUNC,GLOBAL,1
OV01.OVL,menuApBarPut,0xa2a308,136,FUNC,GLOBAL,1
OV01.OVL,boss017B5,0xa3cbf0,96,OBJECT,GLOBAL,1
OV01.OVL,MCamGetCurrentCoord,0xa31500,64,FUNC,GLOBAL,1
OV01.OVL,sndMuPlay,0xa2e3a8,32,FUNC,GLOBAL,1
OV01.OVL,dataVPadModeSet,0xa1d270,20,FUNC,GLOBAL,1
OV01.OVL,utma007B5,0xa3c278,36,OBJECT,GLOBAL,1
OV01.OVL,menuTgtLineDisp,0xa287c0,436,FUNC,GLOBAL,1
OV01.OVL,calcHermiteSub,0xa18f18,488,FUNC,GLOBAL,1
OV01.OVL,calcStatAtk,0xa14998,788,FUNC,GLOBAL,1
OV01.OVL,vx06F1,0xa3b438,116,OBJECT,GLOBAL,1
OV01.OVL,cmdTblset,0xa1ea28,176,FUNC,GLOBAL,1
OV01.OVL,calcMoveChk,0xa15f28,192,FUNC,GLOBAL,1
OV01.OVL,configCFEncount,0xa309e0,68,FUNC,GLOBAL,1
OV01.OVL,calcBezierSub,0xa18b38,348,FUNC,GLOBAL,1
OV01.OVL,MMv2Stop,0xa33590,96,FUNC,GLOBAL,1
OV01.OVL,menuDFontIdxGet,0xa2b718,80,FUNC,GLOBAL,1
OV01.OVL,scenarioBatEnd,0xa0eb00,640,FUNC,GLOBAL,1
OV01.OVL,unitSetInterp,0xa07158,16,FUNC,GLOBAL,1
OV01.OVL,thinkSysInit,0xa1d348,56,FUNC,GLOBAL,1
OV01.OVL,calcAccEquChk,0xa12188,116,FUNC,GLOBAL,1
OV01.OVL,unitCmdHover,0xa053b0,560,FUNC,GLOBAL,1
OV01.OVL,configGain,0xa308b0,84,FUNC,GLOBAL,1
OV01.OVL,calcDeadReset,0xa10f40,204,FUNC,GLOBAL,1
OV01.OVL,MCamSet,0xa31920,448,FUNC,GLOBAL,1
OV01.OVL,thinkMonsTblNumGet,0xa1d750,60,FUNC,GLOBAL,1
OV01.OVL,tgtFindNext,0xa15ee8,64,FUNC,GLOBAL,1
OV01.OVL,calcEtherDisableGet,0xa18740,52,FUNC,GLOBAL,1
OV01.OVL,cmdTecparaGet,0xa20518,160,FUNC,GLOBAL,1
OV01.OVL,dataSpecDataGet,0xa19870,144,FUNC,GLOBAL,1
OV01.OVL,unitCmdReadWait,0xa06b30,148,FUNC,GLOBAL,1
OV01.OVL,grPutF4,0xa252f0,444,FUNC,GLOBAL,1
OV01.OVL,scenarioSrcSet,0xa0b900,56,FUNC,GLOBAL,1
OV01.OVL,unitInit,0xa00d60,56,FUNC,GLOBAL,1
OV01.OVL,unitCmdMoveNext,0xa03da0,172,FUNC,GLOBAL,1
OV01.OVL,equipAtt1,0xa30f18,24,FUNC,GLOBAL,1
OV01.OVL,battleInit,0xa07770,324,FUNC,GLOBAL,1
OV01.OVL,dataMotNameGetMenu,0xa1adc8,196,FUNC,GLOBAL,1
OV01.OVL,vx03F5,0xa3b2d0,116,OBJECT,GLOBAL,1
OV01.OVL,cmdListSet,0xa09520,136,FUNC,GLOBAL,1
OV01.OVL,dataSndSeLoadSub,0xa2d4a0,248,FUNC,GLOBAL,1
OV01.OVL,tgtUnitAdrGet,0xa0b798,92,FUNC,GLOBAL,1
OV01.OVL,MMvInit,0xa32e78,20,FUNC,GLOBAL,1
OV01.OVL,vx03B5,0xa3b3c0,116,OBJECT,GLOBAL,1
OV01.OVL,cmdCamShake,0xa217d8,224,FUNC,GLOBAL,1
OV01.OVL,dataSkillLearnSet,0xa19600,148,FUNC,GLOBAL,1
OV01.OVL,mapNoSet,0xa0b728,12,FUNC,GLOBAL,1
OV01.OVL,tgtUnitGet,0xa0b7f8,32,FUNC,GLOBAL,1
OV01.OVL,guno015B1,0xa3be50,44,OBJECT,GLOBAL,1
OV01.OVL,menuStockDead,0xa28bf8,304,FUNC,GLOBAL,1
OV01.OVL,menuStatTexTrans,0xa2bd98,68,FUNC,GLOBAL,1
OV01.OVL,entryPhase31,0xa230c0,152,FUNC,GLOBAL,1
OV01.OVL,utma006F1,0xa3c090,116,OBJECT,GLOBAL,1
OV01.OVL,configStat,0xa30808,76,FUNC,GLOBAL,1
OV01.OVL,utma006B5,0xa3c1f0,112,OBJECT,GLOBAL,1
OV01.OVL,calcLvUp,0xa18290,908,FUNC,GLOBAL,1
OV01.OVL,configPlMuteki,0xa30908,68,FUNC,GLOBAL,1
OV01.OVL,calcHitItem,0xa157d8,276,FUNC,GLOBAL,1
OV01.OVL,unitCmdItem,0xa023d0,124,FUNC,GLOBAL,1
OV01.OVL,unitCmdJump,0xa04de8,1476,FUNC,GLOBAL,1
OV01.OVL,configPlayer1,0xa305d8,24,FUNC,GLOBAL,1
OV01.OVL,thinkAdrGet,0xa1d3a0,32,FUNC,GLOBAL,1
OV01.OVL,cmdPartySizeGet,0xa20748,248,FUNC,GLOBAL,1
OV01.OVL,itemNameGet,0xa0de48,184,FUNC,GLOBAL,1
OV01.OVL,cmdOngosub,0xa1e4c8,228,FUNC,GLOBAL,1
OV01.OVL,entryPhase60,0xa234a8,68,FUNC,GLOBAL,1
OV01.OVL,cmdAtktblSort,0xa20070,24,FUNC,GLOBAL,1
OV01.OVL,unitEnFunc,0xa01c58,48,FUNC,GLOBAL,1
OV01.OVL,MEfCreate_SO14,0xa397c0,8,FUNC,GLOBAL,1
OV01.OVL,calcLineChk,0xa161c0,200,FUNC,GLOBAL,1
OV01.OVL,boss012F5,0xa3c698,116,OBJECT,GLOBAL,1
OV01.OVL,keyCmd2wno,0xa0b098,204,FUNC,GLOBAL,1
OV01.OVL,scenarioCam,0xa0ba70,376,FUNC,GLOBAL,1
OV01.OVL,cmdCamMoveStop,0xa21ca0,48,FUNC,GLOBAL,1
OV01.OVL,cmdLineChk,0xa1f490,120,FUNC,GLOBAL,1
OV01.OVL,dataParaTblGet,0xa19350,36,FUNC,GLOBAL,1
OV01.OVL,MCamIsShaking,0xa31e08,20,FUNC,GLOBAL,1
OV01.OVL,stockPosTbl,0xa3f010,40,OBJECT,GLOBAL,1
OV01.OVL,MCamStopMove,0xa31bb8,120,FUNC,GLOBAL,1
OV01.OVL,dataEtherInitGet,0xa19308,44,FUNC,GLOBAL,1
OV01.OVL,grOpenFT4STQ,0xa24ff0,108,FUNC,GLOBAL,1
OV01.OVL,calcEtherEquipOrg,0xa166f0,100,FUNC,GLOBAL,1
OV01.OVL,rnd,0xa187b0,56,FUNC,GLOBAL,1
OV01.OVL,dataAccGet,0xa1a548,80,FUNC,GLOBAL,1
OV01.OVL,fadeOut,0xa238f8,92,FUNC,GLOBAL,1
OV01.OVL,guno006B5,0xa3bbc0,44,OBJECT,GLOBAL,1
OV01.OVL,unitCmdBtst,0xa06520,504,FUNC,GLOBAL,1
OV01.OVL,MMvIsPlaying,0xa33248,20,FUNC,GLOBAL,1
OV01.OVL,cmdCmdputon,0xa1ed10,20,FUNC,GLOBAL,1
OV01.OVL,cmdUnitparaSet,0xa1f5b0,168,FUNC,GLOBAL,1
OV01.OVL,itemGrpChk,0xa0f378,88,FUNC,GLOBAL,1
OV01.OVL,flowSpecProc,0xa0d078,872,FUNC,GLOBAL,1
OV01.OVL,unitRemoveActor,0xa01590,128,FUNC,GLOBAL,1
OV01.OVL,thinkRegNo,0xa1e008,72,FUNC,GLOBAL,1
OV01.OVL,plUnitTblSet,0xa0b688,108,FUNC,GLOBAL,1
OV01.OVL,menuResultItm,0xa26bf8,236,FUNC,GLOBAL,1
OV01.OVL,calcBoostChk,0xa127f0,260,FUNC,GLOBAL,1
OV01.OVL,unitCmdWake,0xa06a20,176,FUNC,GLOBAL,1
OV01.OVL,battleCtrlThink,0xa09a48,52,FUNC,GLOBAL,1
OV01.OVL,calcAtkChk,0xa15fe8,276,FUNC,GLOBAL,1
OV01.OVL,unitCmdMoveChaHover2,0xa041c0,72,FUNC,GLOBAL,1
OV01.OVL,cmdTecparaSub,0xa205f8,248,FUNC,GLOBAL,1
OV01.OVL,unitDispOff,0xa07430,88,FUNC,GLOBAL,1
OV01.OVL,unitCmdEther,0xa02290,316,FUNC,GLOBAL,1
OV01.OVL,entryPhase35,0xa23158,196,FUNC,GLOBAL,1
OV01.OVL,unitTblGet,0xa00d98,80,FUNC,GLOBAL,1
OV01.OVL,grPacketSend,0xa25a80,112,FUNC,GLOBAL,1
OV01.OVL,utro001B5,0xa3c380,44,OBJECT,GLOBAL,1
OV01.OVL,debugEtherSet,0xa2f528,268,FUNC,GLOBAL,1
OV01.OVL,thinkRegSet,0xa1e0c8,104,FUNC,GLOBAL,1
OV01.OVL,calcResultSub,0xa18078,536,FUNC,GLOBAL,1
OV01.OVL,menuCritDispOff,0xa281b0,28,FUNC,GLOBAL,1
OV01.OVL,menuFaceEnvMake,0xa2bf90,212,FUNC,GLOBAL,1
OV01.OVL,mcamPtrGet,0xa20b18,96,FUNC,GLOBAL,1
OV01.OVL,guno001B1,0xa3ba90,44,OBJECT,GLOBAL,1
OV01.OVL,scenarioBatExecPhase40,0xa0c920,576,FUNC,GLOBAL,1
OV01.OVL,curPosProcInit,0xa0fe38,472,FUNC,GLOBAL,1
OV01.OVL,curCmdSet,0xa0f900,116,FUNC,GLOBAL,1
OV01.OVL,monsGainSet,0xa0f148,556,FUNC,GLOBAL,1
OV01.OVL,calcStatBit2Idx,0xa17aa0,68,FUNC,GLOBAL,1
OV01.OVL,dmgNumPut,0xa2b538,404,FUNC,GLOBAL,1
OV01.OVL,calcPlusAglGet,0xa13770,220,FUNC,GLOBAL,1
OV01.OVL,unitCmdMoveCalc,0xa06068,992,FUNC,GLOBAL,1
OV01.OVL,msgObj2,0xa1f000,84,FUNC,GLOBAL,1
OV01.OVL,unitCmdUnitChange,0xa028c8,1012,FUNC,GLOBAL,1
OV01.OVL,thinkTurnEndExec,0xa1db78,196,FUNC,GLOBAL,1
OV01.OVL,menuKeyGuideVal,0xa2aec0,524,FUNC,GLOBAL,1
OV01.OVL,keyCmdGet,0xa0a8c0,380,FUNC,GLOBAL,1
OV01.OVL,boss029F1,0xa3cec0,76,OBJECT,GLOBAL,1
OV01.OVL,utro001B1,0xa3c350,44,OBJECT,GLOBAL,1
OV01.OVL,guno004B1,0xa3baf0,20,OBJECT,GLOBAL,1
OV01.OVL,cmdCamPersMoveMode,0xa20cd0,20,FUNC,GLOBAL,1
OV01.OVL,unitCmdWarp,0xa05880,212,FUNC,GLOBAL,1
OV01.OVL,menuStatSprite2,0xa2bb30,184,FUNC,GLOBAL,1
OV01.OVL,cmdCfEventGet,0xa222a8,84,FUNC,GLOBAL,1
OV01.OVL,calcWct,0xa12cb8,292,FUNC,GLOBAL,1
OV01.OVL,calcResult,0xa17c08,1136,FUNC,GLOBAL,1
OV01.OVL,boss020B1,0xa3ce80,20,OBJECT,GLOBAL,1
OV01.OVL,equipAtt,0xa30f48,116,FUNC,GLOBAL,1
OV01.OVL,cmdCamCopy,0xa20d98,160,FUNC,GLOBAL,1
OV01.OVL,menuStatDispRemove,0xa27130,324,FUNC,GLOBAL,1
OV01.OVL,grGsRegListSet,0xa25f18,200,FUNC,GLOBAL,1
OV01.OVL,scenarioDstSet,0xa0b938,152,FUNC,GLOBAL,1
OV01.OVL,boss016F1,0xa3c930,100,OBJECT,GLOBAL,1
OV01.OVL,MCamGetCurrentBaseCoord,0xa314c8,52,FUNC,GLOBAL,1
OV01.OVL,virgilB5,0xa3aee8,40,OBJECT,GLOBAL,1
OV01.OVL,tgtUnitSet,0xa0b818,40,FUNC,GLOBAL,1
OV01.OVL,dataItmNameGet,0xa2c5f8,80,FUNC,GLOBAL,1
OV01.OVL,thinkProcessAdd,0xa1d3c0,160,FUNC,GLOBAL,1
OV01.OVL,configPlIchigeki,0xa30998,68,FUNC,GLOBAL,1
OV01.OVL,boss004F1,0xa3c510,36,OBJECT,GLOBAL,1
OV01.OVL,equipAtt2,0xa30f30,24,FUNC,GLOBAL,1
OV01.OVL,tgtFindFirst,0xa15ae8,968,FUNC,GLOBAL,1
OV01.OVL,guno025B5,0xa3c060,44,OBJECT,GLOBAL,1
OV01.OVL,cmdLightDir,0xa20a18,256,FUNC,GLOBAL,1
OV01.OVL,menuFontIdxGet,0xa2b6d0,72,FUNC,GLOBAL,1
OV01.OVL,futtobiChk,0xa145e8,284,FUNC,GLOBAL,1
OV01.OVL,vx02F5,0xa3b110,128,OBJECT,GLOBAL,1
OV01.OVL,cfEventSet,0xa0b768,12,FUNC,GLOBAL,1
OV01.OVL,unitTblChg,0xa00f18,60,FUNC,GLOBAL,1
OV01.OVL,dataUnitFileLoadFaceMdl,0xa1b910,164,FUNC,GLOBAL,1
OV01.OVL,equipWpn2,0xa30e10,24,FUNC,GLOBAL,1
OV01.OVL,entryPhase40,0xa23280,80,FUNC,GLOBAL,1
OV01.OVL,mapDispTest,0xa2c5a0,8,FUNC,GLOBAL,1
OV01.OVL,unitCmdDstSet,0xa05958,264,FUNC,GLOBAL,1
OV01.OVL,unitCmdAtk,0xa01e28,204,FUNC,GLOBAL,1
OV01.OVL,kosmosF5,0xa3ac28,36,OBJECT,GLOBAL,1
OV01.OVL,curTgtProc,0xa102e8,464,FUNC,GLOBAL,1
OV01.OVL,encEffAppend,0xa24620,812,FUNC,GLOBAL,1
OV01.OVL,equipAcc0,0xa30fc0,24,FUNC,GLOBAL,1
OV01.OVL,thinkRegGet,0xa1e070,88,FUNC,GLOBAL,1
OV01.OVL,MMv2Init,0xa332e0,20,FUNC,GLOBAL,1
OV01.OVL,calcHitParaGet,0xa13190,172,FUNC,GLOBAL,1
OV01.OVL,objDispPlCur,0xa10518,8,FUNC,GLOBAL,1
OV01.OVL,curEnProc,0xa0fd80,180,FUNC,GLOBAL,1
OV01.OVL,MGsGPTerm,0xa32de0,148,FUNC,GLOBAL,1
OV01.OVL,scenarioBatDataSync,0xa0bc50,72,FUNC,GLOBAL,1
OV01.OVL,guno017F5,0xa3bee0,44,OBJECT,GLOBAL,1
OV01.OVL,objRemovePure,0xa00518,44,FUNC,GLOBAL,1
OV01.OVL,cmdCamBankMoveMode,0xa20ce8,20,FUNC,GLOBAL,1
OV01.OVL,menuStatPreObjDraw,0xa27280,20,FUNC,GLOBAL,1
OV01.OVL,battleTimeGet,0xa22908,20,FUNC,GLOBAL,1
OV01.OVL,grPutFT4,0xa254b0,660,FUNC,GLOBAL,1
OV01.OVL,thinkProcessExecSub,0xa1d558,120,FUNC,GLOBAL,1
OV01.OVL,debugSkillSet,0xa2f638,8,FUNC,GLOBAL,1
OV01.OVL,equipEngine,0xa30d20,92,FUNC,GLOBAL,1
OV01.OVL,sndSeTransPlayObj,0xa2e108,84,FUNC,GLOBAL,1
OV01.OVL,dataTecGet,0xa1a378,92,FUNC,GLOBAL,1
OV01.OVL,menuCloseBat,0xa26138,60,FUNC,GLOBAL,1
OV01.OVL,calcEp,0xa12508,132,FUNC,GLOBAL,1
OV01.OVL,calcWpnUse,0xa164a8,140,FUNC,GLOBAL,1
OV01.OVL,calcSpecEquipOrg,0xa16688,100,FUNC,GLOBAL,1
OV01.OVL,menuEtherNumChk,0xa267b8,108,FUNC,GLOBAL,1
OV01.OVL,scenarioPtrFuncSet,0xa0b898,20,FUNC,GLOBAL,1
OV01.OVL,dataMapLoadAdrGet,0xa1d188,12,FUNC,GLOBAL,1
OV01.OVL,menuKeyGuideObjDraw,0xa27440,64,FUNC,GLOBAL,1
OV01.OVL,menuCloseEth,0xa26978,36,FUNC,GLOBAL,1
OV01.OVL,encEffObjDraw,0xa244c8,344,FUNC,GLOBAL,1
OV01.OVL,equipAcc2,0xa30ff0,24,FUNC,GLOBAL,1
OV01.OVL,dataFileLoad,0xa1a6f8,104,FUNC,GLOBAL,1
OV01.OVL,debugItemSet,0xa2f4d0,84,FUNC,GLOBAL,1
OV01.OVL,dataNormIdxGet,0xa19900,136,FUNC,GLOBAL,1
OV01.OVL,calcStatDefTurnGet,0xa179b8,228,FUNC,GLOBAL,1
OV01.OVL,boss004B5,0xa3c5a0,56,OBJECT,GLOBAL,1
OV01.OVL,vx01B5,0xa3b078,96,OBJECT,GLOBAL,1
OV01.OVL,cmdCamRefMoveMode,0xa20c70,20,FUNC,GLOBAL,1
OV01.OVL,unitCmdPtrGet,0xa01cd0,20,FUNC,GLOBAL,1
OV01.OVL,unitTelIn,0xa06448,112,FUNC,GLOBAL,1
OV01.OVL,unitMotStandSet,0xa072a0,136,FUNC,GLOBAL,1
OV01.OVL,menuBoostObjDrawCha,0xa27af0,900,FUNC,GLOBAL,1
OV01.OVL,keyCmdChk,0xa0aba0,840,FUNC,GLOBAL,1
OV01.OVL,dataLeaderCidReset,0xa1ad70,12,FUNC,GLOBAL,1
OV01.OVL,unitCmdMoveChaRun,0xa03f88,68,FUNC,GLOBAL,1
OV01.OVL,MCamIsMoving,0xa31c30,112,FUNC,GLOBAL,1
OV01.OVL,cmdVPadDisable,0xa21ed8,32,FUNC,GLOBAL,1
OV01.OVL,entryPhase10,0xa22c50,156,FUNC,GLOBAL,1
OV01.OVL,guno017B5,0xa3bf40,44,OBJECT,GLOBAL,1
OV01.OVL,dataEngGet,0xa1a5e8,92,FUNC,GLOBAL,1
OV01.OVL,MEfCalcCircumXZ,0xa33d20,156,FUNC,GLOBAL,1
OV01.OVL,calcSkillEquChk,0xa12200,188,FUNC,GLOBAL,1
OV01.OVL,objWorkInit,0xa00548,52,FUNC,GLOBAL,1
OV01.OVL,dataDefWpnGet,0xa1cc38,8,FUNC,GLOBAL,1
OV01.OVL,MBattleExec,0xa31438,36,FUNC,GLOBAL,1
OV01.OVL,menuInitBat,0xa26018,12,FUNC,GLOBAL,1
OV01.OVL,unitCmdMoveChaWarp,0xa04060,68,FUNC,GLOBAL,1
OV01.OVL,unitSetInterpTime,0xa07168,12,FUNC,GLOBAL,1
OV01.OVL,battleExecDead,0xa09e18,776,FUNC,GLOBAL,1
OV01.OVL,transWepOutDraw,0xa0e9c8,96,FUNC,GLOBAL,1
OV01.OVL,hairWindOff,0xa0be38,124,FUNC,GLOBAL,1
OV01.OVL,boss004F5,0xa3c538,56,OBJECT,GLOBAL,1
OV01.OVL,MBattleDestroy,0xa313f8,64,FUNC,GLOBAL,1
OV01.OVL,unitCmdClear,0xa01c88,44,FUNC,GLOBAL,1
OV01.OVL,equipAgws,0xa30cc0,92,FUNC,GLOBAL,1
OV01.OVL,unitCmdTailGet,0xa01cb8,20,FUNC,GLOBAL,1
OV01.OVL,thinkExec,0xa1de30,64,FUNC,GLOBAL,1
OV01.OVL,boss029B1,0xa3cf88,76,OBJECT,GLOBAL,1
OV01.OVL,menuStatDispCreate,0xa26ce8,1096,FUNC,GLOBAL,1
OV01.OVL,dataLeaderCidGet,0xa1ad60,12,FUNC,GLOBAL,1
OV01.OVL,dataPosTblGet,0xa1a298,40,FUNC,GLOBAL,1
OV01.OVL,vx02B1,0xa3b190,52,OBJECT,GLOBAL,1
OV01.OVL,MMvPlay2,0xa32fd0,548,FUNC,GLOBAL,1
OV01.OVL,fifoInit,0xa00c60,28,FUNC,GLOBAL,1
OV01.OVL,battleProcEnd,0xa22850,168,FUNC,GLOBAL,1
OV01.OVL,cmdCamBankMode,0xa20cb8,20,FUNC,GLOBAL,1
OV01.OVL,dataSndSeLoad2,0xa2d648,88,FUNC,GLOBAL,1
OV01.OVL,menuStatIconChk,0xa2a490,112,FUNC,GLOBAL,1
OV01.OVL,calcSkill,0xa12008,252,FUNC,GLOBAL,1
OV01.OVL,dataSpcNameGet,0xa2c7d8,80,FUNC,GLOBAL,1
OV01.OVL,dataUnitFileLoadWep,0xa1bbf0,1468,FUNC,GLOBAL,1
OV01.OVL,specInoriProc,0xa0db40,264,FUNC,GLOBAL,1
OV01.OVL,menuStatSprite,0xa2ba60,204,FUNC,GLOBAL,1
OV01.OVL,dataXtxAdrGet,0xa1cdf8,88,FUNC,GLOBAL,1
OV01.OVL,debugNameGet,0xa2e4c8,48,FUNC,GLOBAL,1
OV01.OVL,MCamMove,0xa31ae0,216,FUNC,GLOBAL,1
OV01.OVL,cmdMemdump,0xa1ebe0,304,FUNC,GLOBAL,1
OV01.OVL,dmgBankStat,0xa42db0,12,OBJECT,GLOBAL,1
OV01.OVL,MCamReleaseControl,0xa31840,116,FUNC,GLOBAL,1
OV01.OVL,scenarioDstGet,0xa0b9e0,76,FUNC,GLOBAL,1
OV01.OVL,calcSkillInitSub,0xa11d58,684,FUNC,GLOBAL,1
OV01.OVL,dataPackWpnMdl2,0xa1c8a8,44,FUNC,GLOBAL,1
OV01.OVL,menuStatSpriteRGB,0xa2bbe8,180,FUNC,GLOBAL,1
OV01.OVL,unitNoChk,0xa20c10,52,FUNC,GLOBAL,1
OV01.OVL,moveTbl,0xa3d880,120,OBJECT,GLOBAL,1
OV01.OVL,objExec2,0xa002b8,80,FUNC,GLOBAL,1
OV01.OVL,configCFEvent,0xa30a28,68,FUNC,GLOBAL,1
OV01.OVL,camEventTurnStartSet,0xa09498,104,FUNC,GLOBAL,1
OV01.OVL,menuBatObjFree,0xa261c8,392,FUNC,GLOBAL,1
OV01.OVL,dataFileLoadWepSp,0xa1c970,240,FUNC,GLOBAL,1
OV01.OVL,menuBatObj,0xa26198,44,FUNC,GLOBAL,1
OV01.OVL,jrB5,0xa3ae68,36,OBJECT,GLOBAL,1
OV01.OVL,boss017B1,0xa3cb90,96,OBJECT,GLOBAL,1
OV01.OVL,calcStatResetCha,0xa17af8,104,FUNC,GLOBAL,1
OV01.OVL,MEfGetActorCoord,0xa33a18,56,FUNC,GLOBAL,1
OV01.OVL,unitPlFunc,0xa01c28,48,FUNC,GLOBAL,1
OV01.OVL,grCloseFT4,0xa24fc0,48,FUNC,GLOBAL,1
OV01.OVL,guno018B1,0xa3bfd0,44,OBJECT,GLOBAL,1
OV01.OVL,unitCmdMovePosHover3,0xa04798,72,FUNC,GLOBAL,1
OV01.OVL,fadeObjDraw,0xa23a28,512,FUNC,GLOBAL,1
OV01.OVL,thinkProcessKindChk,0xa1d4b8,60,FUNC,GLOBAL,1
OV01.OVL,cmdBra,0xa1e2f8,308,FUNC,GLOBAL,1
OV01.OVL,thinkUnitDmgExec,0xa1dd28,264,FUNC,GLOBAL,1
OV01.OVL,utma006F5,0xa3c108,112,OBJECT,GLOBAL,1
OV01.OVL,guno006B1,0xa3bb90,44,OBJECT,GLOBAL,1
OV01.OVL,dataThinkNameGet,0xa1cf18,160,FUNC,GLOBAL,1
OV01.OVL,utre002B5,0xa3c2b8,20,OBJECT,GLOBAL,1
OV01.OVL,grGsRegSet,0xa25ea0,116,FUNC,GLOBAL,1
OV01.OVL,flowSpecProcInit,0xa0ce40,564,FUNC,GLOBAL,1
OV01.OVL,cmdCamBank,0xa21b30,156,FUNC,GLOBAL,1
OV01.OVL,unitCmdItemSub,0xa02450,420,FUNC,GLOBAL,1
OV01.OVL,utre003B5,0xa3c2e8,36,OBJECT,GLOBAL,1
OV01.OVL,unitCmdMoveChaHover,0xa04018,68,FUNC,GLOBAL,1
OV01.OVL,sndMuDat,0xa42d80,28,OBJECT,GLOBAL,1
OV01.OVL,MEfCreate_ECM02,0xa38190,292,FUNC,GLOBAL,1
OV01.OVL,menuCmdExecChk,0xa26600,440,FUNC,GLOBAL,1
OV01.OVL,unitMotGet,0xa07290,16,FUNC,GLOBAL,1
OV02.OVL,gcc2_compiled.,0xa00000,0,NOTYPE,LOCAL,1
OV02.OVL,__gnu_compiled_c,0xa00000,0,NOTYPE,LOCAL,1
OV02.OVL,device_check_sync,0xa00000,64,FUNC,LOCAL,1
OV02.OVL,carddata.0,0xa0f680,16,OBJECT,LOCAL,1
OV02.OVL,hdd_check,0xa00040,704,FUNC,LOCAL,1
OV02.OVL,mc_check,0xa00300,872,FUNC,LOCAL,1
OV02.OVL,TestEnv.1,0xa0f690,144,OBJECT,LOCAL,1
OV02.OVL,ipuplay,0xa006c8,304,FUNC,LOCAL,1
OV02.OVL,gcc2_compiled.,0xa00850,0,NOTYPE,LOCAL,1
OV02.OVL,__gnu_compiled_c,0xa00850,0,NOTYPE,LOCAL,1
OV02.OVL,gcc2_compiled.,0xa00858,0,NOTYPE,LOCAL,1
OV02.OVL,__gnu_compiled_c,0xa00858,0,NOTYPE,LOCAL,1
OV02.OVL,TitleMenuSelect,0xa0f720,1,OBJECT,LOCAL,1
OV02.OVL,copyframe,0xa00858,296,FUNC,LOCAL,1
OV02.OVL,build_mipmap,0xa00980,916,FUNC,LOCAL,1
OV02.OVL,particle_reset,0xa00d18,256,FUNC,LOCAL,1
OV02.OVL,TestEnv.0,0xa0f780,96,OBJECT,LOCAL,1
OV02.OVL,TransEnv.1,0xa0f7e0,32,OBJECT,LOCAL,1
OV02.OVL,FlushEnv.2,0xa0f800,48,OBJECT,LOCAL,1
OV02.OVL,TestEnv.3,0xa0f830,176,OBJECT,LOCAL,1
OV02.OVL,image.4,0xa0f8e0,288,OBJECT,LOCAL,1
OV02.OVL,FlushEnv.5,0xa0fa00,48,OBJECT,LOCAL,1
OV02.OVL,TestEnvOrg.6,0xa0fa30,112,OBJECT,LOCAL,1
OV02.OVL,x.7,0xa0faa0,4,OBJECT,LOCAL,1
OV02.OVL,y.8,0xa0faa4,4,OBJECT,LOCAL,1
OV02.OVL,TestEnv.9,0xa0fab0,400,OBJECT,LOCAL,1
OV02.OVL,TestEnv.10,0xa0fc40,96,OBJECT,LOCAL,1
OV02.OVL,TestEnv.11,0xa0fca0,208,OBJECT,LOCAL,1
OV02.OVL,TestEnv.12,0xa0fd70,160,OBJECT,LOCAL,1
OV02.OVL,gcc2_compiled.,0xa017a0,0,NOTYPE,LOCAL,1
OV02.OVL,__gnu_compiled_c,0xa017a0,0,NOTYPE,LOCAL,1
OV02.OVL,gcc2_compiled.,0xa017f0,0,NOTYPE,LOCAL,1
OV02.OVL,__gnu_compiled_c,0xa017f0,0,NOTYPE,LOCAL,1
OV02.OVL,TestEnv.0,0xa0fe10,96,OBJECT,LOCAL,1
OV02.OVL,TransEnv.1,0xa0fe70,32,OBJECT,LOCAL,1
OV02.OVL,FlushEnv.2,0xa0fe90,48,OBJECT,LOCAL,1
OV02.OVL,HddInstallSync,0xa017f0,312,FUNC,LOCAL,1
OV02.OVL,HddInstallParam,0xa13658,0,NOTYPE,LOCAL,1
OV02.OVL,count.3,0xa13654,0,NOTYPE,LOCAL,1
OV02.OVL,anim.4,0xa0fec0,4,OBJECT,LOCAL,1
OV02.OVL,sztmp.5,0xa0fec8,3,OBJECT,LOCAL,1
OV02.OVL,sztmp.6,0xa0fed0,6,OBJECT,LOCAL,1
OV02.OVL,HddInstallCB,0xa01928,1104,FUNC,LOCAL,1
OV02.OVL,TitleHddInstallSubInstall,0xa01d78,520,FUNC,LOCAL,1
OV02.OVL,TitleHddInstallSubUninstall,0xa01f80,456,FUNC,LOCAL,1
OV02.OVL,mes.7,0xa0fed8,12,OBJECT,LOCAL,1
OV02.OVL,gcc2_compiled.,0xa023a8,0,NOTYPE,LOCAL,1
OV02.OVL,__gnu_compiled_c,0xa023a8,0,NOTYPE,LOCAL,1
OV02.OVL,UmnFirstLoad,0xa02530,132,FUNC,LOCAL,1
OV02.OVL,UmnInit,0xa025b8,444,FUNC,LOCAL,1
OV02.OVL,gcc2_compiled.,0xa02d68,0,NOTYPE,LOCAL,1
OV02.OVL,__gnu_compiled_c,0xa02d68,0,NOTYPE,LOCAL,1
OV02.OVL,DrawUmnInterface2,0xa03148,540,FUNC,LOCAL,1
OV02.OVL,gcc2_compiled.,0xa03450,0,NOTYPE,LOCAL,1
OV02.OVL,__gnu_compiled_c,0xa03450,0,NOTYPE,LOCAL,1
OV02.OVL,moji00.0,0xa104a8,16,OBJECT,LOCAL,1
OV02.OVL,moji01.1,0xa104b8,16,OBJECT,LOCAL,1
OV02.OVL,gcc2_compiled.,0xa04170,0,NOTYPE,LOCAL,1
OV02.OVL,__gnu_compiled_c,0xa04170,0,NOTYPE,LOCAL,1
OV02.OVL,LocalLightSet,0xa047c8,248,FUNC,LOCAL,1
OV02.OVL,Rotation,0xa04de0,160,FUNC,LOCAL,1
OV02.OVL,gcc2_compiled.,0xa05738,0,NOTYPE,LOCAL,1
OV02.OVL,__gnu_compiled_c,0xa05738,0,NOTYPE,LOCAL,1
OV02.OVL,msg00.0,0xa10618,20,OBJECT,LOCAL,1
OV02.OVL,sikaku.1,0xa10630,16,OBJECT,LOCAL,1
OV02.OVL,text.2,0xa10640,9,OBJECT,LOCAL,1
OV02.OVL,text.3,0xa10650,8,OBJECT,LOCAL,1
OV02.OVL,text2.4,0xa10658,16,OBJECT,LOCAL,1
OV02.OVL,text.5,0xa10668,12,OBJECT,LOCAL,1
OV02.OVL,SisoSiso.6,0xa08700,156,FUNC,LOCAL,1
OV02.OVL,gcc2_compiled.,0xa097d8,0,NOTYPE,LOCAL,1
OV02.OVL,__gnu_compiled_c,0xa097d8,0,NOTYPE,LOCAL,1
OV02.OVL,msg00.0,0xa106f8,4,OBJECT,LOCAL,1
OV02.OVL,msg00.1,0xa10700,12,OBJECT,LOCAL,1
OV02.OVL,text2.2,0xa10710,12,OBJECT,LOCAL,1
OV02.OVL,text.3,0xa10720,20,OBJECT,LOCAL,1
OV02.OVL,msg00.4,0xa10738,16,OBJECT,LOCAL,1
OV02.OVL,gcc2_compiled.,0xa0baf8,0,NOTYPE,LOCAL,1
OV02.OVL,__gnu_compiled_c,0xa0baf8,0,NOTYPE,LOCAL,1
OV02.OVL,ListText,0xa10848,28,OBJECT,LOCAL,1
OV02.OVL,UmnSimulationScriptNoTbl,0xa10868,28,OBJECT,LOCAL,1
OV02.OVL,msg00.0,0xa10888,4,OBJECT,LOCAL,1
OV02.OVL,gcc2_compiled.,0xa0c488,0,NOTYPE,LOCAL,1
OV02.OVL,__gnu_compiled_c,0xa0c488,0,NOTYPE,LOCAL,1
OV02.OVL,mark,0xa0c488,60,FUNC,LOCAL,1
OV02.OVL,tail,0xa0c4c8,36,FUNC,LOCAL,1
OV02.OVL,name.0,0xa10890,18,OBJECT,LOCAL,1
OV02.OVL,tyaUmlDispLoad,0xa0c4f0,1348,FUNC,LOCAL,1
OV02.OVL,buffer,0xa13660,0,NOTYPE,LOCAL,1
OV02.OVL,TestEnv.1,0xa108b0,96,OBJECT,LOCAL,1
OV02.OVL,texture_trans,0xa0ca38,160,FUNC,LOCAL,1
OV02.OVL,TestEnv.2,0xa10910,112,OBJECT,LOCAL,1
OV02.OVL,InitEnv.3,0xa10980,32,OBJECT,LOCAL,1
OV02.OVL,TestEnv.4,0xa109a0,96,OBJECT,LOCAL,1
OV02.OVL,TestEnv.5,0xa10a00,64,OBJECT,LOCAL,1
OV02.OVL,TestEnv.6,0xa10a40,112,OBJECT,LOCAL,1
OV02.OVL,tyaUmlDispType3Sub0,0xa0cad8,1048,FUNC,LOCAL,1
OV02.OVL,tyaUmlDispType3Sub1,0xa0cef0,108,FUNC,LOCAL,1
OV02.OVL,tyaUmlDispType3,0xa0cf60,212,FUNC,LOCAL,1
OV02.OVL,find_text,0xa0d0c8,92,FUNC,LOCAL,1
OV02.OVL,get_fileno,0xa0d128,120,FUNC,LOCAL,1
OV02.OVL,tbl,0xa138e8,0,NOTYPE,LOCAL,1
OV02.OVL,get_indexno,0xa0d1a0,116,FUNC,LOCAL,1
OV02.OVL,base_tbl,0xa13668,0,NOTYPE,LOCAL,1
OV02.OVL,get_selectno,0xa0d218,116,FUNC,LOCAL,1
OV02.OVL,dbfileno_load,0xa0d290,300,FUNC,LOCAL,1
OV02.OVL,dbheader_load,0xa0d3c0,544,FUNC,LOCAL,1
OV02.OVL,idx.7,0xa10ab0,4,OBJECT,LOCAL,1
OV02.OVL,msg.8,0xa10ab8,5,OBJECT,LOCAL,1
OV02.OVL,disp_index,0xa0d5e0,292,FUNC,LOCAL,1
OV02.OVL,gcc2_compiled.,0xa0de20,0,NOTYPE,LOCAL,1
OV02.OVL,__gnu_compiled_c,0xa0de20,0,NOTYPE,LOCAL,1
OV02.OVL,msg00.0,0xa10c40,4,OBJECT,LOCAL,1
OV02.OVL,msg00.1,0xa10c48,5,OBJECT,LOCAL,1
OV02.OVL,gcc2_compiled.,0xa0e938,0,NOTYPE,LOCAL,1
OV02.OVL,__gnu_compiled_c,0xa0e938,0,NOTYPE,LOCAL,1
OV02.OVL,umn_attach_tbl,0xa10c60,69,OBJECT,LOCAL,1
OV02.OVL,event_tbl,0xa10ca8,18,OBJECT,LOCAL,1
OV02.OVL,event_end_mail,0xa10cc0,2,OBJECT,LOCAL,1
OV02.OVL,kosmos_special_tbl,0xa10cc8,16,OBJECT,LOCAL,1
OV02.OVL,f_name.0,0xa10cd8,26,OBJECT,LOCAL,1
OV02.OVL,compulsion_down_load_tbl,0xa10cf8,13,OBJECT,LOCAL,1
OV02.OVL,UmnManzaiText,0xa104c8,4,OBJECT,GLOBAL,1
OV02.OVL,UmnMailHeaderGet,0xa0f338,28,FUNC,GLOBAL,1
OV02.OVL,UmnMailCompulsionDownLoadCheck,0xa0f5e8,100,FUNC,GLOBAL,1
OV02.OVL,UmnMemory,0xa10494,4,OBJECT,GLOBAL,1
OV02.OVL,tskUmnMailDisp,0xa06eb0,3208,FUNC,GLOBAL,1
OV02.OVL,UmnHistoryTreeBuf,0xa10d18,4,OBJECT,GLOBAL,1
OV02.OVL,UmnEventTextInit,0xa0f650,36,FUNC,GLOBAL,1
OV02.OVL,UmnMailEventCheck,0xa0f000,104,FUNC,GLOBAL,1
OV02.OVL,tskUmnMailHensin,0xa07b38,888,FUNC,GLOBAL,1
OV02.OVL,TitleGameInit,0xa017a0,80,FUNC,GLOBAL,1
OV02.OVL,UmnSimulation,0xa0c1c8,700,FUNC,GLOBAL,1
OV02.OVL,tskUmnSimulationList,0xa0bee8,736,FUNC,GLOBAL,1
OV02.OVL,task_xmx,0xa0ff08,4,OBJECT,GLOBAL,1
OV02.OVL,UmnManzaiInit,0xa042a8,220,FUNC,GLOBAL,1
OV02.OVL,tyaUmlDispInit2,0xa0ddc8,60,FUNC,GLOBAL,1
OV02.OVL,UmnEventEndMailCheck,0xa0f068,108,FUNC,GLOBAL,1
OV02.OVL,tskUmnDataBaseAnalisis,0xa0a3f8,516,FUNC,GLOBAL,1
OV02.OVL,UmnEventTextGyouJump,0xa0ebb0,60,FUNC,GLOBAL,1
OV02.OVL,UmnTextLoad,0xa0f578,108,FUNC,GLOBAL,1
OV02.OVL,UmnVecMat,0xa0ff0c,4,OBJECT,GLOBAL,1
OV02.OVL,tyaUmlDatabaseMain,0xa0d708,1652,FUNC,GLOBAL,1
OV02.OVL,tskUmnMailMenu,0xa07eb0,1072,FUNC,GLOBAL,1
OV02.OVL,tskUmnPluginInfo,0xa0e038,360,FUNC,GLOBAL,1
OV02.OVL,UmnProcuratorManzai2,0xa048c0,1308,FUNC,GLOBAL,1
OV02.OVL,UmnEventTextMake,0xa0ece0,736,FUNC,GLOBAL,1
OV02.OVL,UmnModelSon,0xa0ff04,4,OBJECT,GLOBAL,1
OV02.OVL,image,0xa10bc0,128,OBJECT,GLOBAL,1
OV02.OVL,tskUmnPluginExWin,0xa0e4d8,544,FUNC,GLOBAL,1
OV02.OVL,UmnBackRgba,0xa104a0,4,OBJECT,GLOBAL,1
OV02.OVL,tyaUmlDispMain,0xa0d038,140,FUNC,GLOBAL,1
OV02.OVL,tskUmnDataBaseExWin,0xa0a8f8,996,FUNC,GLOBAL,1
OV02.OVL,tskUmnObjectTaskMain,0xa023a8,172,FUNC,GLOBAL,1
OV02.OVL,Logo,0xa007f8,84,FUNC,GLOBAL,1
OV02.OVL,UmnModel,0xa0ff10,1280,OBJECT,GLOBAL,1
OV02.OVL,UmnManzaiWin,0xa104d0,328,OBJECT,GLOBAL,1
OV02.OVL,UmnEventTextCharCheck,0xa0ea68,192,FUNC,GLOBAL,1
OV02.OVL,UmnMailData,0xa10ac0,256,OBJECT,GLOBAL,1
OV02.OVL,mail_folder,0xa10678,128,OBJECT,GLOBAL,1
OV02.OVL,tskUmnMailExWin,0xa082e0,1052,FUNC,GLOBAL,1
OV02.OVL,UmnMailHeaderBuf,0xa10d1c,4,OBJECT,GLOBAL,1
OV02.OVL,umn_text,0xa10d20,4,OBJECT,GLOBAL,1
OV02.OVL,UmnGunoDataBaseGet,0xa097d8,64,FUNC,GLOBAL,1
OV02.OVL,UmnModelUkn,0xa0ff00,4,OBJECT,GLOBAL,1
OV02.OVL,Title,0xa00e18,2440,FUNC,GLOBAL,1
OV02.OVL,tyaUmlDispParamReset,0xa0dd80,72,FUNC,GLOBAL,1
OV02.OVL,UmnMailAttachGet,0xa0f1d8,28,FUNC,GLOBAL,1
OV02.OVL,UmnProcuratorSet,0xa05670,196,FUNC,GLOBAL,1
OV02.OVL,UmnTopMenu,0xa03eb0,704,FUNC,GLOBAL,1
OV02.OVL,tskUmnDataBaseMenu,0xa0a600,760,FUNC,GLOBAL,1
OV02.OVL,uet_text_buf,0xa10d0c,4,OBJECT,GLOBAL,1
OV02.OVL,UmnWorkEndTop,0xa10498,4,OBJECT,GLOBAL,1
OV02.OVL,tyaUmlDispInit,0xa0de08,24,FUNC,GLOBAL,1
OV02.OVL,tskUmnMailInfo,0xa05a80,1212,FUNC,GLOBAL,1
OV02.OVL,UmnKosmosSpecialGetCheck,0xa0f150,136,FUNC,GLOBAL,1
OV02.OVL,UmnObjectTaskCreate,0xa02458,128,FUNC,GLOBAL,1
OV02.OVL,tskUmnBgCubeMain,0xa02d68,760,FUNC,GLOBAL,1
OV02.OVL,tskUmnDataBasePas,0xa09818,596,FUNC,GLOBAL,1
OV02.OVL,plugin_folder,0xa10c50,16,OBJECT,GLOBAL,1
OV02.OVL,UmnMail,0xa08a50,3460,FUNC,GLOBAL,1
OV02.OVL,UmnInterface2Main,0xa03368,120,FUNC,GLOBAL,1
OV02.OVL,tskUmnMailPas,0xa05738,840,FUNC,GLOBAL,1
OV02.OVL,BootDisplay,0xa00850,8,FUNC,GLOBAL,1
OV02.OVL,UmnBgCubeXtx,0xa0fef8,4,OBJECT,GLOBAL,1
OV02.OVL,uet_file_end,0xa10d14,4,OBJECT,GLOBAL,1
OV02.OVL,UmnEventTextSymbolCheck,0xa0e938,304,FUNC,GLOBAL,1
OV02.OVL,UmnMailHeaderCreate,0xa0f358,500,FUNC,GLOBAL,1
OV02.OVL,UmnMailAttachSet,0xa0f1f8,316,FUNC,GLOBAL,1
OV02.OVL,UmnBgCubeLex,0xa0fefc,4,OBJECT,GLOBAL,1
OV02.OVL,UmnProcuratorGoodBy,0xa055a0,204,FUNC,GLOBAL,1
OV02.OVL,UmnPluginTextGet,0xa0f550,36,FUNC,GLOBAL,1
OV02.OVL,UmnTexAddr,0xa0fef4,4,OBJECT,GLOBAL,1
OV02.OVL,TitleHddInstall,0xa02148,608,FUNC,GLOBAL,1
OV02.OVL,UmnHistoryTreeGet,0xa0f128,36,FUNC,GLOBAL,1
OV02.OVL,taskUmnTopWin,0xa03450,2656,FUNC,GLOBAL,1
OV02.OVL,UmnEventTextNextGet,0xa0efc0,64,FUNC,GLOBAL,1
OV02.OVL,tskUmnSimulationPas,0xa0baf8,528,FUNC,GLOBAL,1
OV02.OVL,UmnDataBase,0xa0b1d8,2336,FUNC,GLOBAL,1
OV02.OVL,tskUmnDataBaseInfo,0xa09a70,332,FUNC,GLOBAL,1
OV02.OVL,tskUmnManzaiWin,0xa04388,1084,FUNC,GLOBAL,1
OV02.OVL,UmnChangeTopLevel,0xa024d8,84,FUNC,GLOBAL,1
OV02.OVL,title_dummy_table,0xa0f728,84,OBJECT,GLOBAL,1
OV02.OVL,UmnEventTextNumberGet,0xa0eb28,136,FUNC,GLOBAL,1
OV02.OVL,UmnProcuratorManzai,0xa04e80,1144,FUNC,GLOBAL,1
OV02.OVL,UmnMain2,0xa029a8,960,FUNC,GLOBAL,1
OV02.OVL,UmnProcuratorMail,0xa052f8,504,FUNC,GLOBAL,1
OV02.OVL,tskUmnSimulationInfo,0xa0bd08,476,FUNC,GLOBAL,1
OV02.OVL,tskUmnMailFolder,0xa05f40,3948,FUNC,GLOBAL,1
OV02.OVL,UmnWorkEnd,0xa0fef0,4,OBJECT,GLOBAL,1
OV02.OVL,UmnHistoryTreeLoad,0xa0f0d8,80,FUNC,GLOBAL,1
OV02.OVL,UmnMailFolderSet,0xa087a0,684,FUNC,GLOBAL,1
OV02.OVL,UmnEventTextMessageMake,0xa0ebf0,236,FUNC,GLOBAL,1
OV02.OVL,UmnWork,0xa10410,128,OBJECT,GLOBAL,1
OV02.OVL,monster_folder,0xa10748,256,OBJECT,GLOBAL,1
OV02.OVL,UmnProcuratorTop,0xa054f0,172,FUNC,GLOBAL,1
OV02.OVL,UmnManzaiFlag,0xa104cc,4,OBJECT,GLOBAL,1
OV02.OVL,uet_flag,0xa10d10,4,OBJECT,GLOBAL,1
OV02.OVL,UmnPlugin,0xa0e6f8,572,FUNC,GLOBAL,1
OV02.OVL,UmnDataBaseModel,0xa0b028,432,FUNC,GLOBAL,1
OV02.OVL,tskUmnPluginPas,0xa0de20,532,FUNC,GLOBAL,1
OV02.OVL,tskUmnDataBaseKeyWord,0xa0ace0,840,FUNC,GLOBAL,1
OV02.OVL,UmnManzaiControl,0xa04170,308,FUNC,GLOBAL,1
OV02.OVL,tskUmnDataBaseName,0xa09bc0,2100,FUNC,GLOBAL,1
OV02.OVL,UmnEventTextMakeWork,0xa10d08,4,OBJECT,GLOBAL,1
OV02.OVL,tskUmnPluginList,0xa0e1a0,824,FUNC,GLOBAL,1
OV02.OVL,UmnBgCubeInit,0xa03060,228,FUNC,GLOBAL,1
OV02.OVL,UmnInterface2,0xa104a4,4,OBJECT,GLOBAL,1
OV02.OVL,umn_task,0xa10490,4,OBJECT,GLOBAL,1
OV02.OVL,LogoFirst,0xa00668,92,FUNC,GLOBAL,1
OV02.OVL,UmnInterface2Init,0xa033e0,108,FUNC,GLOBAL,1
OV02.OVL,UmnMain,0xa02778,560,FUNC,GLOBAL,1
OV10.OVL,gcc2_compiled.,0xa00000,0,NOTYPE,LOCAL,1
OV10.OVL,__gnu_compiled_c,0xa00000,0,NOTYPE,LOCAL,1
OV10.OVL,s_nMode,0xa42034,4,OBJECT,LOCAL,1
OV10.OVL,s_nPause,0xa42038,4,OBJECT,LOCAL,1
OV10.OVL,s_nDebMode,0xa4203c,4,OBJECT,LOCAL,1
OV10.OVL,s_inMulCol,0xa56bb0,0,NOTYPE,LOCAL,1
OV10.OVL,s_inMulColAdd,0xa56bc0,0,NOTYPE,LOCAL,1
OV10.OVL,s_fvPos,0xa56be0,0,NOTYPE,LOCAL,1
OV10.OVL,s_fvInt,0xa56bd0,0,NOTYPE,LOCAL,1
OV10.OVL,s_aModel,0xa56bf0,0,NOTYPE,LOCAL,1
OV10.OVL,proc.0,0xa4fa10,0,NOTYPE,LOCAL,1
OV10.OVL,gcc2_compiled.,0xa00410,0,NOTYPE,LOCAL,1
OV10.OVL,__gnu_compiled_c,0xa00410,0,NOTYPE,LOCAL,1
OV10.OVL,IDdata,0xa42040,13,OBJECT,LOCAL,1
OV10.OVL,CardErrTxt01,0xa42050,0,OBJECT,LOCAL,1
OV10.OVL,CardErrTxt02,0xa42070,0,OBJECT,LOCAL,1
OV10.OVL,CardErrTxt03,0xa420a0,0,OBJECT,LOCAL,1
OV10.OVL,CardErrTxt04,0xa420d0,0,OBJECT,LOCAL,1
OV10.OVL,CardErrTxt05,0xa42120,0,OBJECT,LOCAL,1
OV10.OVL,CardErrorList,0xa42180,24,OBJECT,LOCAL,1
OV10.OVL,CardPlayTMessTxt00,0xa42198,0,OBJECT,LOCAL,1
OV10.OVL,CardPlayTMessTxt01,0xa421a8,0,OBJECT,LOCAL,1
OV10.OVL,CardPlayTMessTxt02,0xa421c0,0,OBJECT,LOCAL,1
OV10.OVL,CardPlayTMessTxt03,0xa421d8,0,OBJECT,LOCAL,1
OV10.OVL,CardPlayTMessTxt04,0xa421f0,0,OBJECT,LOCAL,1
OV10.OVL,CardPlayTMessTxt05,0xa42208,0,OBJECT,LOCAL,1
OV10.OVL,CardPlayTMessTxt06,0xa42220,0,OBJECT,LOCAL,1
OV10.OVL,CardPlayTMessTxt07,0xa42238,0,OBJECT,LOCAL,1
OV10.OVL,CardPlayTMessTxt08,0xa42250,0,OBJECT,LOCAL,1
OV10.OVL,CardPlayTMessTxt09,0xa42268,0,OBJECT,LOCAL,1
OV10.OVL,CardPlayTMessTxt10,0xa42280,0,OBJECT,LOCAL,1
OV10.OVL,CardPlayTMessTxt11,0xa42298,0,OBJECT,LOCAL,1
OV10.OVL,CardPlayTMessTxt12,0xa422b0,0,OBJECT,LOCAL,1
OV10.OVL,CardPlayTMessTxt13,0xa422c8,0,OBJECT,LOCAL,1
OV10.OVL,CardPlayTMessTxt14,0xa422e0,0,OBJECT,LOCAL,1
OV10.OVL,CardPlayPMessTxt01,0xa422f8,0,OBJECT,LOCAL,1
OV10.OVL,CardPlayPMessTxt02,0xa42310,0,OBJECT,LOCAL,1
OV10.OVL,CardPlayPMessTxt03,0xa42328,0,OBJECT,LOCAL,1
OV10.OVL,CardPlayDMessTxt01,0xa42340,0,OBJECT,LOCAL,1
OV10.OVL,CardPlayDMessTxt02,0xa42368,0,OBJECT,LOCAL,1
OV10.OVL,CardPlayDMessTxt03,0xa423a0,0,OBJECT,LOCAL,1
OV10.OVL,CardPlayDMessTxt04,0xa423d8,0,OBJECT,LOCAL,1
OV10.OVL,CardPlayDMessTxt05,0xa42410,0,OBJECT,LOCAL,1
OV10.OVL,CardPlayDMessTxt11,0xa42460,0,OBJECT,LOCAL,1
OV10.OVL,CardPlayDMessTxt12,0xa42490,0,OBJECT,LOCAL,1
OV10.OVL,CardPlayDMessTxt13,0xa424b8,0,OBJECT,LOCAL,1
OV10.OVL,CardPlayDMessTxt14,0xa424d8,0,OBJECT,LOCAL,1
OV10.OVL,CardMenuMessTxt00,0xa42500,0,OBJECT,LOCAL,1
OV10.OVL,CardMenuMessTxt01,0xa425b8,0,OBJECT,LOCAL,1
OV10.OVL,CardMenuMessTxt02,0xa425e8,0,OBJECT,LOCAL,1
OV10.OVL,CardMenuMessTxt03,0xa42668,0,OBJECT,LOCAL,1
OV10.OVL,CardMenuMessTxt10,0xa42678,0,OBJECT,LOCAL,1
OV10.OVL,CardMenuMessTxt11,0xa42698,0,OBJECT,LOCAL,1
OV10.OVL,CardMenuMessTxt12,0xa426d8,0,OBJECT,LOCAL,1
OV10.OVL,CardMenuMessTxt20,0xa42700,0,OBJECT,LOCAL,1
OV10.OVL,CardMenuMessTxt21,0xa42730,0,OBJECT,LOCAL,1
OV10.OVL,CardMenuMessTxt22,0xa42750,0,OBJECT,LOCAL,1
OV10.OVL,CardMenuMessTxt23,0xa42768,0,OBJECT,LOCAL,1
OV10.OVL,CardMenuMessTxt24,0xa42780,0,OBJECT,LOCAL,1
OV10.OVL,CardMenuMessTxt30,0xa42798,0,OBJECT,LOCAL,1
OV10.OVL,CardMenuMessTxt31,0xa427b8,0,OBJECT,LOCAL,1
OV10.OVL,CardExitMessTxt00,0xa42820,0,OBJECT,LOCAL,1
OV10.OVL,CardExitMessTxt02,0xa42888,0,OBJECT,LOCAL,1
OV10.OVL,CardExitMessTxt03,0xa428c8,0,OBJECT,LOCAL,1
OV10.OVL,CardExitMessTxt01,0xa428d8,0,OBJECT,LOCAL,1
OV10.OVL,CardExitMessTxt10,0xa42930,0,OBJECT,LOCAL,1
OV10.OVL,CardExitMessTxt11,0xa42990,0,OBJECT,LOCAL,1
OV10.OVL,CardExitMessTxt12,0xa429f0,0,OBJECT,LOCAL,1
OV10.OVL,CardExitMessTxt13,0xa42a78,0,OBJECT,LOCAL,1
OV10.OVL,s_asIntensity,0xa42d60,64,OBJECT,LOCAL,1
OV10.OVL,s_asDirection,0xa42da0,64,OBJECT,LOCAL,1
OV10.OVL,timer.0,0xa56f10,0,NOTYPE,LOCAL,1
OV10.OVL,MenuNo.1,0xa43060,2,OBJECT,LOCAL,1
OV10.OVL,SubNo.2,0xa43062,2,OBJECT,LOCAL,1
OV10.OVL,SubMenu.3,0xa43064,2,OBJECT,LOCAL,1
OV10.OVL,ModeExit.4,0xa43066,2,OBJECT,LOCAL,1
OV10.OVL,CCtimer.5,0xa43068,1,OBJECT,LOCAL,1
OV10.OVL,Message.6,0xa4306a,2,OBJECT,LOCAL,1
OV10.OVL,MessageCnt.7,0xa4306c,2,OBJECT,LOCAL,1
OV10.OVL,cld0.8,0xa56f18,0,NOTYPE,LOCAL,1
OV10.OVL,cld1.9,0xa57188,0,NOTYPE,LOCAL,1
OV10.OVL,cldtmp.10,0xa573f8,0,NOTYPE,LOCAL,1
OV10.OVL,lst.11,0xa57668,0,NOTYPE,LOCAL,1
OV10.OVL,win.12,0xa57728,0,NOTYPE,LOCAL,1
OV10.OVL,item.13,0xa57730,0,NOTYPE,LOCAL,1
OV10.OVL,lst.14,0xa57740,0,NOTYPE,LOCAL,1
OV10.OVL,win.15,0xa57744,0,NOTYPE,LOCAL,1
OV10.OVL,pack.16,0xa57748,0,NOTYPE,LOCAL,1
OV10.OVL,p0num.17,0xa4306e,2,OBJECT,LOCAL,1
OV10.OVL,p1num.18,0xa43070,2,OBJECT,LOCAL,1
OV10.OVL,vol.19,0xa43072,2,OBJECT,LOCAL,1
OV10.OVL,gcc2_compiled.,0xa08670,0,NOTYPE,LOCAL,1
OV10.OVL,__gnu_compiled_c,0xa08670,0,NOTYPE,LOCAL,1
OV10.OVL,CursorTbl,0xa43420,64,OBJECT,LOCAL,1
OV10.OVL,CardHpPos01,0xa43460,12,OBJECT,LOCAL,1
OV10.OVL,CardHpPos10,0xa43470,12,OBJECT,LOCAL,1
OV10.OVL,CardPowPos01,0xa43480,12,OBJECT,LOCAL,1
OV10.OVL,CardPowPos10,0xa43490,12,OBJECT,LOCAL,1
OV10.OVL,CardStnbyPos,0xa434a0,12,OBJECT,LOCAL,1
OV10.OVL,CardAttriPos,0xa434b0,12,OBJECT,LOCAL,1
OV10.OVL,CardAttakPos,0xa434c0,12,OBJECT,LOCAL,1
OV10.OVL,oldno.0,0xa43500,4,OBJECT,LOCAL,1
OV10.OVL,CardStackPos,0xa435c8,12,OBJECT,LOCAL,1
OV10.OVL,DisposeHP10pos,0xa435d8,32,OBJECT,LOCAL,1
OV10.OVL,DisposeHP01pos,0xa435f8,48,OBJECT,LOCAL,1
OV10.OVL,win0pos,0xa43628,24,OBJECT,LOCAL,1
OV10.OVL,NewWin0pos,0xa43640,48,OBJECT,LOCAL,1
OV10.OVL,gcc2_compiled.,0xa12a90,0,NOTYPE,LOCAL,1
OV10.OVL,__gnu_compiled_c,0xa12a90,0,NOTYPE,LOCAL,1
OV10.OVL,work.0,0xa57750,0,NOTYPE,LOCAL,1
OV10.OVL,work.1,0xa57758,0,NOTYPE,LOCAL,1
OV10.OVL,cnt.2,0xa57760,0,NOTYPE,LOCAL,1
OV10.OVL,cnt.3,0xa57764,0,NOTYPE,LOCAL,1
OV10.OVL,work.4,0xa57768,0,NOTYPE,LOCAL,1
OV10.OVL,work.5,0xa57770,0,NOTYPE,LOCAL,1
OV10.OVL,work.6,0xa57778,0,NOTYPE,LOCAL,1
OV10.OVL,work.7,0xa57780,0,NOTYPE,LOCAL,1
OV10.OVL,cnt.8,0xa57788,0,NOTYPE,LOCAL,1
OV10.OVL,cnt.9,0xa5778c,0,NOTYPE,LOCAL,1
OV10.OVL,cnt.10,0xa57790,0,NOTYPE,LOCAL,1
OV10.OVL,NowNo.11,0xa57794,0,NOTYPE,LOCAL,1
OV10.OVL,work.12,0xa57798,0,NOTYPE,LOCAL,1
OV10.OVL,work.13,0xa577a0,0,NOTYPE,LOCAL,1
OV10.OVL,work.14,0xa577a8,0,NOTYPE,LOCAL,1
OV10.OVL,work.15,0xa577b0,0,NOTYPE,LOCAL,1
OV10.OVL,work.16,0xa577b8,0,NOTYPE,LOCAL,1
OV10.OVL,NowNo.17,0xa577c0,0,NOTYPE,LOCAL,1
OV10.OVL,NowNo.18,0xa577c4,0,NOTYPE,LOCAL,1
OV10.OVL,lpcnt.19,0xa577c8,0,NOTYPE,LOCAL,1
OV10.OVL,work.20,0xa577d0,0,NOTYPE,LOCAL,1
OV10.OVL,work.21,0xa577d8,0,NOTYPE,LOCAL,1
OV10.OVL,lp.22,0xa577e0,0,NOTYPE,LOCAL,1
OV10.OVL,work.23,0xa577e8,0,NOTYPE,LOCAL,1
OV10.OVL,NowNo.24,0xa577f0,0,NOTYPE,LOCAL,1
OV10.OVL,work.25,0xa577f8,0,NOTYPE,LOCAL,1
OV10.OVL,NowNo.26,0xa57800,0,NOTYPE,LOCAL,1
OV10.OVL,work.27,0xa57808,0,NOTYPE,LOCAL,1
OV10.OVL,work.28,0xa57810,0,NOTYPE,LOCAL,1
OV10.OVL,work.29,0xa57818,0,NOTYPE,LOCAL,1
OV10.OVL,work.30,0xa57820,0,NOTYPE,LOCAL,1
OV10.OVL,work.31,0xa57828,0,NOTYPE,LOCAL,1
OV10.OVL,NowNo.32,0xa57830,0,NOTYPE,LOCAL,1
OV10.OVL,timer.33,0xa57834,0,NOTYPE,LOCAL,1
OV10.OVL,gcc2_compiled.,0xa19a20,0,NOTYPE,LOCAL,1
OV10.OVL,__gnu_compiled_c,0xa19a20,0,NOTYPE,LOCAL,1
OV10.OVL,TypeMaskLst,0xa437a0,4,OBJECT,LOCAL,1
OV10.OVL,AttriMaskLst,0xa437a8,7,OBJECT,LOCAL,1
OV10.OVL,ActiveCursol.0,0xa437b0,4,OBJECT,LOCAL,1
OV10.OVL,pCnow.1,0xa57838,0,NOTYPE,LOCAL,1
OV10.OVL,ActiveCursol.2,0xa437b4,4,OBJECT,LOCAL,1
OV10.OVL,pCnow.3,0xa5783c,0,NOTYPE,LOCAL,1
OV10.OVL,ActiveCursol.4,0xa437b8,4,OBJECT,LOCAL,1
OV10.OVL,pCnow.5,0xa57840,0,NOTYPE,LOCAL,1
OV10.OVL,ActiveCursol.6,0xa437bc,4,OBJECT,LOCAL,1
OV10.OVL,pCnow.7,0xa57844,0,NOTYPE,LOCAL,1
OV10.OVL,gcc2_compiled.,0xa1c1b8,0,NOTYPE,LOCAL,1
OV10.OVL,__gnu_compiled_c,0xa1c1b8,0,NOTYPE,LOCAL,1
OV10.OVL,CardExist.0,0xa57848,0,NOTYPE,LOCAL,1
OV10.OVL,CardList.1,0xa57860,0,NOTYPE,LOCAL,1
OV10.OVL,Now.2,0xa578b0,0,NOTYPE,LOCAL,1
OV10.OVL,Max.3,0xa578b4,0,NOTYPE,LOCAL,1
OV10.OVL,serchcnt.4,0xa578b8,0,NOTYPE,LOCAL,1
OV10.OVL,CardCnt.5,0xa578bc,0,NOTYPE,LOCAL,1
OV10.OVL,SelFlg.6,0xa578c0,0,NOTYPE,LOCAL,1
OV10.OVL,rotval.7,0xa43a94,4,OBJECT,LOCAL,1
OV10.OVL,NowNo.8,0xa578c4,0,NOTYPE,LOCAL,1
OV10.OVL,CursorTimer.9,0xa43a98,1,OBJECT,LOCAL,1
OV10.OVL,gcc2_compiled.,0xa1e5d8,0,NOTYPE,LOCAL,1
OV10.OVL,__gnu_compiled_c,0xa1e5d8,0,NOTYPE,LOCAL,1
OV10.OVL,ChangeCnt,0xa43bcc,4,OBJECT,LOCAL,1
OV10.OVL,CHPMenuBackDispSub,0xa1e940,304,FUNC,LOCAL,1
OV10.OVL,list16.0,0xa43bd0,8,OBJECT,LOCAL,1
OV10.OVL,list17.1,0xa43bd8,6,OBJECT,LOCAL,1
OV10.OVL,list18.2,0xa43be0,6,OBJECT,LOCAL,1
OV10.OVL,trans.3,0xa43bf0,16,OBJECT,LOCAL,1
OV10.OVL,list19.4,0xa43c00,6,OBJECT,LOCAL,1
OV10.OVL,list20.5,0xa43c08,6,OBJECT,LOCAL,1
OV10.OVL,list21.6,0xa43c10,6,OBJECT,LOCAL,1
OV10.OVL,list22.7,0xa43c18,12,OBJECT,LOCAL,1
OV10.OVL,list25.8,0xa43c28,12,OBJECT,LOCAL,1
OV10.OVL,list26.9,0xa43c38,12,OBJECT,LOCAL,1
OV10.OVL,list27.10,0xa43c48,12,OBJECT,LOCAL,1
OV10.OVL,list28.11,0xa43c58,8,OBJECT,LOCAL,1
OV10.OVL,list45.12,0xa43c60,12,OBJECT,LOCAL,1
OV10.OVL,list46.13,0xa43c70,12,OBJECT,LOCAL,1
OV10.OVL,list47.14,0xa43c80,8,OBJECT,LOCAL,1
OV10.OVL,list23.15,0xa43c88,6,OBJECT,LOCAL,1
OV10.OVL,list24.16,0xa43c90,6,OBJECT,LOCAL,1
OV10.OVL,cld0.17,0xa578c8,0,NOTYPE,LOCAL,1
OV10.OVL,cld1.18,0xa57b38,0,NOTYPE,LOCAL,1
OV10.OVL,Help1_01_txt,0xa43c98,0,OBJECT,LOCAL,1
OV10.OVL,Help1_02_txt,0xa43db8,0,OBJECT,LOCAL,1
OV10.OVL,Help1_03_txt,0xa43ef0,0,OBJECT,LOCAL,1
OV10.OVL,Help1_04_txt,0xa44078,0,OBJECT,LOCAL,1
OV10.OVL,Help1_05_txt,0xa44150,0,OBJECT,LOCAL,1
OV10.OVL,Help1_06_txt,0xa442a0,0,OBJECT,LOCAL,1
OV10.OVL,Help2_01_txt,0xa44338,0,OBJECT,LOCAL,1
OV10.OVL,Help2_02_txt,0xa44470,0,OBJECT,LOCAL,1
OV10.OVL,Help2_03_txt,0xa445c8,0,OBJECT,LOCAL,1
OV10.OVL,Help2_04_txt,0xa446e8,0,OBJECT,LOCAL,1
OV10.OVL,Help2_05_txt,0xa44878,0,OBJECT,LOCAL,1
OV10.OVL,Help2_06_txt,0xa44918,0,OBJECT,LOCAL,1
OV10.OVL,Help2_07_txt,0xa449f8,0,OBJECT,LOCAL,1
OV10.OVL,Help2_08_txt,0xa44a88,0,OBJECT,LOCAL,1
OV10.OVL,Help2_09_txt,0xa44b98,0,OBJECT,LOCAL,1
OV10.OVL,Help3_01_txt,0xa44c50,0,OBJECT,LOCAL,1
OV10.OVL,Help3_02_txt,0xa44cc0,0,OBJECT,LOCAL,1
OV10.OVL,Help3_03_txt,0xa44e10,0,OBJECT,LOCAL,1
OV10.OVL,Help3_04_txt,0xa44f08,0,OBJECT,LOCAL,1
OV10.OVL,Help3_05_txt,0xa45030,0,OBJECT,LOCAL,1
OV10.OVL,Help3_06_txt,0xa450f8,0,OBJECT,LOCAL,1
OV10.OVL,Help3_07_txt,0xa451a8,0,OBJECT,LOCAL,1
OV10.OVL,Help3_08_txt,0xa452f0,0,OBJECT,LOCAL,1
OV10.OVL,Help3_09_txt,0xa45478,0,OBJECT,LOCAL,1
OV10.OVL,Help3_10_txt,0xa45600,0,OBJECT,LOCAL,1
OV10.OVL,Help3_11_txt,0xa45788,0,OBJECT,LOCAL,1
OV10.OVL,Help3_12_txt,0xa45880,0,OBJECT,LOCAL,1
OV10.OVL,Help3_13_txt,0xa459b0,0,OBJECT,LOCAL,1
OV10.OVL,Help3_14_txt,0xa45a70,0,OBJECT,LOCAL,1
OV10.OVL,Help3_15_txt,0xa45bd8,0,OBJECT,LOCAL,1
OV10.OVL,Help4_01_txt,0xa45cc0,0,OBJECT,LOCAL,1
OV10.OVL,Help4_02_txt,0xa45df0,0,OBJECT,LOCAL,1
OV10.OVL,Help4_03_txt,0xa45f70,0,OBJECT,LOCAL,1
OV10.OVL,Help4_04_txt,0xa46068,0,OBJECT,LOCAL,1
OV10.OVL,Help4_05_txt,0xa461d0,0,OBJECT,LOCAL,1
OV10.OVL,Help4_06_txt,0xa46368,0,OBJECT,LOCAL,1
OV10.OVL,Help4_07_txt,0xa464d8,0,OBJECT,LOCAL,1
OV10.OVL,Help4_08_txt,0xa46628,0,OBJECT,LOCAL,1
OV10.OVL,Help4_09_txt,0xa467b0,0,OBJECT,LOCAL,1
OV10.OVL,Help4_10_txt,0xa468d0,0,OBJECT,LOCAL,1
OV10.OVL,Help4_11_txt,0xa46a50,0,OBJECT,LOCAL,1
OV10.OVL,Help4_12_txt,0xa46b38,0,OBJECT,LOCAL,1
OV10.OVL,Help4_13_txt,0xa46c88,0,OBJECT,LOCAL,1
OV10.OVL,Help4_14_txt,0xa46e28,0,OBJECT,LOCAL,1
OV10.OVL,Help5_01_txt,0xa46f38,0,OBJECT,LOCAL,1
OV10.OVL,Help5_02_txt,0xa46fe8,0,OBJECT,LOCAL,1
OV10.OVL,Help5_03_txt,0xa47160,0,OBJECT,LOCAL,1
OV10.OVL,Help5_04_txt,0xa47300,0,OBJECT,LOCAL,1
OV10.OVL,Help6_01_txt,0xa47470,0,OBJECT,LOCAL,1
OV10.OVL,Help6_02_txt,0xa474c0,0,OBJECT,LOCAL,1
OV10.OVL,Help6_03_txt,0xa475c8,0,OBJECT,LOCAL,1
OV10.OVL,Help6_04_txt,0xa476d8,0,OBJECT,LOCAL,1
OV10.OVL,Help6_05_txt,0xa47818,0,OBJECT,LOCAL,1
OV10.OVL,Help7_01_txt,0xa47968,0,OBJECT,LOCAL,1
OV10.OVL,Help7_02_txt,0xa47a90,0,OBJECT,LOCAL,1
OV10.OVL,Help7_03_txt,0xa47b08,0,OBJECT,LOCAL,1
OV10.OVL,Help7_04_txt,0xa47c40,0,OBJECT,LOCAL,1
OV10.OVL,Help7_05_txt,0xa47d80,0,OBJECT,LOCAL,1
OV10.OVL,Help7_06_txt,0xa47e38,0,OBJECT,LOCAL,1
OV10.OVL,Title1_01_txt,0xa47f00,0,OBJECT,LOCAL,1
OV10.OVL,Title1_02_txt,0xa47f18,0,OBJECT,LOCAL,1
OV10.OVL,Title1_03_txt,0xa47f28,0,OBJECT,LOCAL,1
OV10.OVL,Title1_04_txt,0xa47f38,0,OBJECT,LOCAL,1
OV10.OVL,Title1_05_txt,0xa47f50,0,OBJECT,LOCAL,1
OV10.OVL,Title1_06_txt,0xa47f68,0,OBJECT,LOCAL,1
OV10.OVL,Title2_01_txt,0xa47f80,0,OBJECT,LOCAL,1
OV10.OVL,Title2_02_txt,0xa47f98,0,OBJECT,LOCAL,1
OV10.OVL,Title2_03_txt,0xa47fa0,0,OBJECT,LOCAL,1
OV10.OVL,Title2_04_txt,0xa47fb0,0,OBJECT,LOCAL,1
OV10.OVL,Title2_05_txt,0xa47fb8,0,OBJECT,LOCAL,1
OV10.OVL,Title2_06_txt,0xa47fc8,0,OBJECT,LOCAL,1
OV10.OVL,Title2_07_txt,0xa47fd8,0,OBJECT,LOCAL,1
OV10.OVL,Title2_08_txt,0xa47fe8,0,OBJECT,LOCAL,1
OV10.OVL,Title2_09_txt,0xa47ff8,0,OBJECT,LOCAL,1
OV10.OVL,Title3_01_txt,0xa48000,0,OBJECT,LOCAL,1
OV10.OVL,Title3_02_txt,0xa48008,0,OBJECT,LOCAL,1
OV10.OVL,Title3_03_txt,0xa48018,0,OBJECT,LOCAL,1
OV10.OVL,Title3_04_txt,0xa48028,0,OBJECT,LOCAL,1
OV10.OVL,Title3_05_txt,0xa48038,0,OBJECT,LOCAL,1
OV10.OVL,Title3_06_txt,0xa48040,0,OBJECT,LOCAL,1
OV10.OVL,Title3_07_txt,0xa48048,0,OBJECT,LOCAL,1
OV10.OVL,Title3_08_txt,0xa48050,0,OBJECT,LOCAL,1
OV10.OVL,Title3_09_txt,0xa48060,0,OBJECT,LOCAL,1
OV10.OVL,Title3_10_txt,0xa48070,0,OBJECT,LOCAL,1
OV10.OVL,Title3_11_txt,0xa48080,0,OBJECT,LOCAL,1
OV10.OVL,Title3_12_txt,0xa48088,0,OBJECT,LOCAL,1
OV10.OVL,Title3_13_txt,0xa48090,0,OBJECT,LOCAL,1
OV10.OVL,Title3_14_txt,0xa48098,0,OBJECT,LOCAL,1
OV10.OVL,Title3_15_txt,0xa480a8,0,OBJECT,LOCAL,1
OV10.OVL,Title4_01_txt,0xa480b0,0,OBJECT,LOCAL,1
OV10.OVL,Title4_02_txt,0xa480c0,0,OBJECT,LOCAL,1
OV10.OVL,Title4_03_txt,0xa480d0,0,OBJECT,LOCAL,1
OV10.OVL,Title4_04_txt,0xa480e0,0,OBJECT,LOCAL,1
OV10.OVL,Title4_05_txt,0xa480f0,0,OBJECT,LOCAL,1
OV10.OVL,Title4_06_txt,0xa48100,0,OBJECT,LOCAL,1
OV10.OVL,Title4_07_txt,0xa48110,0,OBJECT,LOCAL,1
OV10.OVL,Title4_08_txt,0xa48120,0,OBJECT,LOCAL,1
OV10.OVL,Title4_09_txt,0xa48130,0,OBJECT,LOCAL,1
OV10.OVL,Title4_10_txt,0xa48140,0,OBJECT,LOCAL,1
OV10.OVL,Title4_11_txt,0xa48150,0,OBJECT,LOCAL,1
OV10.OVL,Title4_12_txt,0xa48160,0,OBJECT,LOCAL,1
OV10.OVL,Title4_13_txt,0xa48170,0,OBJECT,LOCAL,1
OV10.OVL,Title4_14_txt,0xa48180,0,OBJECT,LOCAL,1
OV10.OVL,Title5_01_txt,0xa48190,0,OBJECT,LOCAL,1
OV10.OVL,Title5_02_txt,0xa481a0,0,OBJECT,LOCAL,1
OV10.OVL,Title5_03_txt,0xa481b8,0,OBJECT,LOCAL,1
OV10.OVL,Title5_04_txt,0xa481d0,0,OBJECT,LOCAL,1
OV10.OVL,Title6_01_txt,0xa481e8,0,OBJECT,LOCAL,1
OV10.OVL,Title6_02_txt,0xa481f8,0,OBJECT,LOCAL,1
OV10.OVL,Title6_03_txt,0xa48208,0,OBJECT,LOCAL,1
OV10.OVL,Title6_04_txt,0xa48210,0,OBJECT,LOCAL,1
OV10.OVL,Title6_05_txt,0xa48218,0,OBJECT,LOCAL,1
OV10.OVL,Title7_01_txt,0xa48228,0,OBJECT,LOCAL,1
OV10.OVL,Title7_02_txt,0xa48238,0,OBJECT,LOCAL,1
OV10.OVL,Title7_03_txt,0xa48248,0,OBJECT,LOCAL,1
OV10.OVL,Title7_04_txt,0xa48258,0,OBJECT,LOCAL,1
OV10.OVL,Title7_05_txt,0xa48268,0,OBJECT,LOCAL,1
OV10.OVL,Title7_06_txt,0xa48278,0,OBJECT,LOCAL,1
OV10.OVL,BookMark1_txt,0xa48288,0,OBJECT,LOCAL,1
OV10.OVL,BookMark2_txt,0xa482a0,0,OBJECT,LOCAL,1
OV10.OVL,BookMark3_txt,0xa482b8,0,OBJECT,LOCAL,1
OV10.OVL,BookMark4_txt,0xa482c0,0,OBJECT,LOCAL,1
OV10.OVL,BookMark5_txt,0xa482d0,0,OBJECT,LOCAL,1
OV10.OVL,BookMark6_txt,0xa482e0,0,OBJECT,LOCAL,1
OV10.OVL,BookMark7_txt,0xa482f0,0,OBJECT,LOCAL,1
OV10.OVL,gcc2_compiled.,0xa21348,0,NOTYPE,LOCAL,1
OV10.OVL,__gnu_compiled_c,0xa21348,0,NOTYPE,LOCAL,1
OV10.OVL,tutopage,0xa487c8,4,OBJECT,LOCAL,1
OV10.OVL,tutoxtx_tbl,0xa487e8,256,OBJECT,LOCAL,1
OV10.OVL,tuxtx,0xa57dac,0,NOTYPE,LOCAL,1
OV10.OVL,lex,0xa57da8,0,NOTYPE,LOCAL,1
OV10.OVL,tuxtx_tbl,0xa57db8,0,NOTYPE,LOCAL,1
OV10.OVL,tulex_tbl,0xa57db0,0,NOTYPE,LOCAL,1
OV10.OVL,gcc2_compiled.,0xa21768,0,NOTYPE,LOCAL,1
OV10.OVL,__gnu_compiled_c,0xa21768,0,NOTYPE,LOCAL,1
OV10.OVL,CPISMdlLst,0xa488f0,56,OBJECT,LOCAL,1
OV10.OVL,CPIPhaseMdlLst,0xa48928,56,OBJECT,LOCAL,1
OV10.OVL,OLMess0000Txt,0xa48cf0,0,OBJECT,LOCAL,1
OV10.OVL,OLMess0010Txt,0xa48cf8,0,OBJECT,LOCAL,1
OV10.OVL,OLMess0011Txt,0xa48d18,0,OBJECT,LOCAL,1
OV10.OVL,OLMess0020Txt,0xa48d48,0,OBJECT,LOCAL,1
OV10.OVL,OLMess0030Txt,0xa48d80,0,OBJECT,LOCAL,1
OV10.OVL,OLMess0040Txt,0xa48db0,0,OBJECT,LOCAL,1
OV10.OVL,OLMess0041Txt,0xa48de8,0,OBJECT,LOCAL,1
OV10.OVL,OLMess0042Txt,0xa48e10,0,OBJECT,LOCAL,1
OV10.OVL,OLMess0050Txt,0xa48e38,0,OBJECT,LOCAL,1
OV10.OVL,OLMess0060Txt,0xa48e58,0,OBJECT,LOCAL,1
OV10.OVL,OLMess0061Txt,0xa48e78,0,OBJECT,LOCAL,1
OV10.OVL,OLMess0070Txt,0xa48ea8,0,OBJECT,LOCAL,1
OV10.OVL,OLMess0080Txt,0xa48ee0,0,OBJECT,LOCAL,1
OV10.OVL,OLMess0090Txt,0xa48f10,0,OBJECT,LOCAL,1
OV10.OVL,CGPCPTbl,0xa49bd8,18,OBJECT,LOCAL,1
OV10.OVL,cnt.0,0xa57dc0,0,NOTYPE,LOCAL,1
OV10.OVL,timer.1,0xa57dc4,0,NOTYPE,LOCAL,1
OV10.OVL,change.2,0xa57dc5,0,NOTYPE,LOCAL,1
OV10.OVL,cardno.3,0xa57dc6,0,NOTYPE,LOCAL,1
OV10.OVL,no.4,0xa57dc8,0,NOTYPE,LOCAL,1
OV10.OVL,mas.5,0xa57dd0,0,NOTYPE,LOCAL,1
OV10.OVL,mas.6,0xa57dd8,0,NOTYPE,LOCAL,1
OV10.OVL,OfferingCnt.7,0xa57de0,0,NOTYPE,LOCAL,1
OV10.OVL,cursor.8,0xa57de8,0,NOTYPE,LOCAL,1
OV10.OVL,card0.9,0xa57df0,0,NOTYPE,LOCAL,1
OV10.OVL,card1.10,0xa57df2,0,NOTYPE,LOCAL,1
OV10.OVL,work.11,0xa57df8,0,NOTYPE,LOCAL,1
OV10.OVL,NowNo.12,0xa57e00,0,NOTYPE,LOCAL,1
OV10.OVL,lp.13,0xa57e04,0,NOTYPE,LOCAL,1
OV10.OVL,timer.14,0xa57e08,0,NOTYPE,LOCAL,1
OV10.OVL,mas.15,0xa57e10,0,NOTYPE,LOCAL,1
OV10.OVL,no.16,0xa57e18,0,NOTYPE,LOCAL,1
OV10.OVL,p1no.17,0xa57e1a,0,NOTYPE,LOCAL,1
OV10.OVL,p2no.18,0xa57e1c,0,NOTYPE,LOCAL,1
OV10.OVL,i.19,0xa57e20,0,NOTYPE,LOCAL,1
OV10.OVL,j.20,0xa57e24,0,NOTYPE,LOCAL,1
OV10.OVL,timer.21,0xa57e28,0,NOTYPE,LOCAL,1
OV10.OVL,firstattack.22,0xa57e29,0,NOTYPE,LOCAL,1
OV10.OVL,Now.23,0xa57e2c,0,NOTYPE,LOCAL,1
OV10.OVL,Timer.24,0xa57e30,0,NOTYPE,LOCAL,1
OV10.OVL,gcc2_compiled.,0xa324b8,0,NOTYPE,LOCAL,1
OV10.OVL,__gnu_compiled_c,0xa324b8,0,NOTYPE,LOCAL,1
OV10.OVL,Timer.0,0xa57e34,0,NOTYPE,LOCAL,1
OV10.OVL,Timer.1,0xa57e35,0,NOTYPE,LOCAL,1
OV10.OVL,gcc2_compiled.,0xa34190,0,NOTYPE,LOCAL,1
OV10.OVL,__gnu_compiled_c,0xa34190,0,NOTYPE,LOCAL,1
OV10.OVL,commplay,0xa4bb88,4,OBJECT,LOCAL,1
OV10.OVL,play413,0xa4bb8c,4,OBJECT,LOCAL,1
OV10.OVL,playteppeki,0xa4bb90,4,OBJECT,LOCAL,1
OV10.OVL,cardno.0,0xa4bb94,4,OBJECT,LOCAL,1
OV10.OVL,no.1,0xa4bb98,4,OBJECT,LOCAL,1
OV10.OVL,timer.2,0xa4bb9c,4,OBJECT,LOCAL,1
OV10.OVL,CardPlayCleanYama,0xa0be78,84,FUNC,GLOBAL,1
OV10.OVL,BS1UncoLst,0xa43a10,23,OBJECT,GLOBAL,1
OV10.OVL,MoMoCheck,0xa3dd98,164,FUNC,GLOBAL,1
OV10.OVL,CardPlayCommandExecute,0xa198b0,308,FUNC,GLOBAL,1
OV10.OVL,CardCountGeneration,0xa0c9d0,372,FUNC,GLOBAL,1
OV10.OVL,CGPCommFaseEndSub,0xa2e238,660,FUNC,GLOBAL,1
OV10.OVL,CheckEnemy12Attack,0xa35100,424,FUNC,GLOBAL,1
OV10.OVL,CGPBattleAfterEffect,0xa28df0,356,FUNC,GLOBAL,1
OV10.OVL,DeckData7,0xa49e80,40,OBJECT,GLOBAL,1
OV10.OVL,DeckData3,0xa49d20,40,OBJECT,GLOBAL,1
OV10.OVL,BS1ComoLst,0xa43a28,44,OBJECT,GLOBAL,1
OV10.OVL,CardPlayCommandPlay,0xa144f8,21236,FUNC,GLOBAL,1
OV10.OVL,CheckNowPower,0xa34d48,424,FUNC,GLOBAL,1
OV10.OVL,SetGunoFinish,0xa36b88,1444,FUNC,GLOBAL,1
OV10.OVL,EMMess111Txt,0xa49750,0,OBJECT,GLOBAL,1
OV10.OVL,CCC38ExecSub,0xa134f0,288,FUNC,GLOBAL,1
OV10.OVL,CardCopyRam2Deck,0xa0ae40,76,FUNC,GLOBAL,1
OV10.OVL,CardDispFieldPoint,0xa1fd70,240,FUNC,GLOBAL,1
OV10.OVL,BS2RariLst,0xa43a58,20,OBJECT,GLOBAL,1
OV10.OVL,EMMess084Txt,0xa49600,0,OBJECT,GLOBAL,1
OV10.OVL,CheckKetugiCommand,0xa3ab20,248,FUNC,GLOBAL,1
OV10.OVL,CGPRotStageSub,0xa2a698,72,FUNC,GLOBAL,1
OV10.OVL,CMIBGInit,0xa00a30,156,FUNC,GLOBAL,1
OV10.OVL,CheckEnemyAttack,0xa34ef0,524,FUNC,GLOBAL,1
OV10.OVL,CardTitleTxtLst,0xa483e8,236,OBJECT,GLOBAL,1
OV10.OVL,DeckGene1,0xa49c98,6,OBJECT,GLOBAL,1
OV10.OVL,CardCopyCLD2Ram,0xa0af28,160,FUNC,GLOBAL,1
OV10.OVL,CardHelpFileLoad,0xa1e6a8,660,FUNC,GLOBAL,1
OV10.OVL,CC_Kara_MoveFase_Type4,0xa40ab0,756,FUNC,GLOBAL,1
OV10.OVL,SkipPageLst,0xa43b68,98,OBJECT,GLOBAL,1
OV10.OVL,CardHelpProc,0xa20908,2572,FUNC,GLOBAL,1
OV10.OVL,CGPCursor2Area,0xa263a8,180,FUNC,GLOBAL,1
OV10.OVL,TitleMdlLst,0xa43038,40,OBJECT,GLOBAL,1
OV10.OVL,EMMess991Txt,0xa49828,0,OBJECT,GLOBAL,1
OV10.OVL,CGCPYamaDispSub,0xa11f00,1152,FUNC,GLOBAL,1
OV10.OVL,EMMess022Txt,0xa49280,0,OBJECT,GLOBAL,1
OV10.OVL,CC_Kara_SetOpe,0xa358d0,1312,FUNC,GLOBAL,1
OV10.OVL,EMTitle90Txt,0xa49008,0,OBJECT,GLOBAL,1
OV10.OVL,CGPAnswerSub,0xa2e150,228,FUNC,GLOBAL,1
OV10.OVL,CardSampleInitDeck2,0xa0ac40,52,FUNC,GLOBAL,1
OV10.OVL,ModeEndMess2,0xa42b60,0,OBJECT,GLOBAL,1
OV10.OVL,asColor,0xa42e20,64,OBJECT,GLOBAL,1
OV10.OVL,DeckGene4,0xa49da0,6,OBJECT,GLOBAL,1
OV10.OVL,EMTitle03Txt,0xa48fd0,0,OBJECT,GLOBAL,1
OV10.OVL,SampleDeck3,0xa49cf8,40,OBJECT,GLOBAL,1
OV10.OVL,CGPShuntPosSub,0xa21768,116,FUNC,GLOBAL,1
OV10.OVL,CheckREAL,0xa34c90,180,FUNC,GLOBAL,1
OV10.OVL,CardGetDeckAllCnt,0xa08980,60,FUNC,GLOBAL,1
OV10.OVL,EMMess063Txt,0xa49460,0,OBJECT,GLOBAL,1
OV10.OVL,BS2ComoLst,0xa43a80,17,OBJECT,GLOBAL,1
OV10.OVL,DeckData4,0xa49d78,40,OBJECT,GLOBAL,1
OV10.OVL,CardDispLight,0xa094b0,2996,FUNC,GLOBAL,1
OV10.OVL,ModeEndMess1,0xa42b30,0,OBJECT,GLOBAL,1
OV10.OVL,CardSampleInitDeck4,0xa0acb0,52,FUNC,GLOBAL,1
OV10.OVL,PageStatusLst,0xa43ab0,177,OBJECT,GLOBAL,1
OV10.OVL,DeckGene9,0xa49f58,6,OBJECT,GLOBAL,1
OV10.OVL,CardPlayDrawCard,0xa0ba10,372,FUNC,GLOBAL,1
OV10.OVL,CardPlayJunkCnt,0xa0c650,52,FUNC,GLOBAL,1
OV10.OVL,YoakimuMoMoCheck,0xa3dd10,132,FUNC,GLOBAL,1
OV10.OVL,EMMess000Txt,0xa490b0,0,OBJECT,GLOBAL,1
OV10.OVL,CCC06ExecSub,0xa130a0,296,FUNC,GLOBAL,1
OV10.OVL,cardxtx_tbl,0xa486c8,256,OBJECT,GLOBAL,1
OV10.OVL,BGFileNameList,0xa42fd8,96,OBJECT,GLOBAL,1
OV10.OVL,CardDat,0xa4ba88,256,OBJECT,GLOBAL,1
OV10.OVL,CGPWeaponEquipChk,0xa26098,272,FUNC,GLOBAL,1
OV10.OVL,EMMess014Txt,0xa491a0,0,OBJECT,GLOBAL,1
OV10.OVL,CCO143ExecSub,0xa21978,668,FUNC,GLOBAL,1
OV10.OVL,CardTitleInit,0xa008e8,324,FUNC,GLOBAL,1
OV10.OVL,CardPlayTypeSort,0xa0c768,424,FUNC,GLOBAL,1
OV10.OVL,CGPSetPermanentMess,0xa21e58,36,FUNC,GLOBAL,1
OV10.OVL,SampleDeck6,0xa49e00,40,OBJECT,GLOBAL,1
OV10.OVL,auColor,0xa42ea0,64,OBJECT,GLOBAL,1
OV10.OVL,CardPlayDispYama,0xa0f928,1020,FUNC,GLOBAL,1
OV10.OVL,CheckGuno,0xa34bd8,180,FUNC,GLOBAL,1
OV10.OVL,KKColor,0xa42f20,64,OBJECT,GLOBAL,1
OV10.OVL,CheckSeimitsuCommand,0xa39e70,700,FUNC,GLOBAL,1
OV10.OVL,CardPlayDesertOperation,0xa0c198,312,FUNC,GLOBAL,1
OV10.OVL,CardPlayDesert2Card,0xa0c090,264,FUNC,GLOBAL,1
OV10.OVL,CC_Kara_SensiMove,0xa3e790,1888,FUNC,GLOBAL,1
OV10.OVL,VX10000Check,0xa3dca0,108,FUNC,GLOBAL,1
OV10.OVL,CCC02ExecSub,0xa12ec0,16,FUNC,GLOBAL,1
OV10.OVL,CheckGeneration,0xa35400,208,FUNC,GLOBAL,1
OV10.OVL,CardEnemyMove,0xa32570,240,FUNC,GLOBAL,1
OV10.OVL,CheckSouteniHouCommand,0xa396b0,336,FUNC,GLOBAL,1
OV10.OVL,CGPDispErrorMess3,0xa22188,84,FUNC,GLOBAL,1
OV10.OVL,EMMess054Txt,0xa49398,0,OBJECT,GLOBAL,1
OV10.OVL,CGPHPCheckSub,0xa29568,1340,FUNC,GLOBAL,1
OV10.OVL,CardDispHelpSlide3,0xa1f308,356,FUNC,GLOBAL,1
OV10.OVL,CGPDrawFaseProc,0xa2a6e0,2408,FUNC,GLOBAL,1
OV10.OVL,EMMess011Txt,0xa49148,0,OBJECT,GLOBAL,1
OV10.OVL,CardEnemySet,0xa32660,252,FUNC,GLOBAL,1
OV10.OVL,PermMess005Txt,0xa48ab8,0,OBJECT,GLOBAL,1
OV10.OVL,CardDeckDisp,0xa08e38,640,FUNC,GLOBAL,1
OV10.OVL,CardPlayDispBattle,0xa0dac8,3288,FUNC,GLOBAL,1
OV10.OVL,DisposeAreaCheckFriend,0xa34250,60,FUNC,GLOBAL,1
OV10.OVL,CC_Kara_MoveFase,0xa41a28,1076,FUNC,GLOBAL,1
OV10.OVL,CGPCalcPower,0xa29190,176,FUNC,GLOBAL,1
OV10.OVL,PermMess009Txt,0xa48b80,0,OBJECT,GLOBAL,1
OV10.OVL,CGPEnemyExecOperation,0xa339a0,672,FUNC,GLOBAL,1
OV10.OVL,InitCpuDeck,0xa324b8,184,FUNC,GLOBAL,1
OV10.OVL,CardEquipCntHeavy,0xa12900,264,FUNC,GLOBAL,1
OV10.OVL,CGPEnemyExecCommand,0xa33218,1924,FUNC,GLOBAL,1
OV10.OVL,EMMess900Txt,0xa49768,0,OBJECT,GLOBAL,1
OV10.OVL,EMMess002Txt,0xa490e8,0,OBJECT,GLOBAL,1
OV10.OVL,CDEMatrixSub,0xa23838,100,FUNC,GLOBAL,1
OV10.OVL,EMMess003Txt,0xa49108,0,OBJECT,GLOBAL,1
OV10.OVL,GetPrice,0xa3bd80,60,FUNC,GLOBAL,1
OV10.OVL,CardLoadDeckProc,0xa1aa78,2052,FUNC,GLOBAL,1
OV10.OVL,CGPEndFaseProc,0xa31168,964,FUNC,GLOBAL,1
OV10.OVL,PermMess010Txt,0xa48ba8,0,OBJECT,GLOBAL,1
OV10.OVL,CheckEnemyFight,0xa352a8,344,FUNC,GLOBAL,1
OV10.OVL,CGPChkOpePlayable,0xa27658,524,FUNC,GLOBAL,1
OV10.OVL,Check413Command,0xa3a570,192,FUNC,GLOBAL,1
OV10.OVL,CheckCommandPlay,0xa35668,220,FUNC,GLOBAL,1
OV10.OVL,CardMakeDispList,0xa08880,108,FUNC,GLOBAL,1
OV10.OVL,CardSampleInitDeck5,0xa0ace8,52,FUNC,GLOBAL,1
OV10.OVL,CGPChkCardPlayCost,0xa278c0,224,FUNC,GLOBAL,1
OV10.OVL,CardTutorialFileLoad,0xa21348,128,FUNC,GLOBAL,1
OV10.OVL,CAMASub,0xa10218,72,FUNC,GLOBAL,1
OV10.OVL,CardDispShineCurry,0xa1ff18,96,FUNC,GLOBAL,1
OV10.OVL,EMTitle92Txt,0xa49038,0,OBJECT,GLOBAL,1
OV10.OVL,CardChkAttackType,0xa0cec0,92,FUNC,GLOBAL,1
OV10.OVL,CCU061ExecSub,0xa12b48,72,FUNC,GLOBAL,1
OV10.OVL,CPCMSub,0xa0cf20,388,FUNC,GLOBAL,1
OV10.OVL,CCU065ExecSub,0xa12da0,92,FUNC,GLOBAL,1
OV10.OVL,CardCursorActive,0xa10128,236,FUNC,GLOBAL,1
OV10.OVL,CheckFriendKakutouCnt,0xa34370,148,FUNC,GLOBAL,1
OV10.OVL,CGCPHandDispSub2,0xa11820,1584,FUNC,GLOBAL,1
OV10.OVL,CC_Kara_SetLv10,0xa36af0,148,FUNC,GLOBAL,1
OV10.OVL,CardPlayDispHand,0xa0e7a0,1716,FUNC,GLOBAL,1
OV10.OVL,CGPMoveSub,0xa28380,144,FUNC,GLOBAL,1
OV10.OVL,GainanCheck,0xa344e8,1776,FUNC,GLOBAL,1
OV10.OVL,CardPlayChkCost,0xa0c910,192,FUNC,GLOBAL,1
OV10.OVL,CCU055ExecSub,0xa12ad0,44,FUNC,GLOBAL,1
OV10.OVL,CGPBattleSub,0xa29bd8,2752,FUNC,GLOBAL,1
OV10.OVL,CardPlayCntLight,0xa127a0,192,FUNC,GLOBAL,1
OV10.OVL,CGPDispErrorMess,0xa222b0,72,FUNC,GLOBAL,1
OV10.OVL,CC_Kara_EndFase,0xa41f30,260,FUNC,GLOBAL,1
OV10.OVL,CGPSetCursor,0xa274b0,348,FUNC,GLOBAL,1
OV10.OVL,CGCPHandDispSubCore,0xa10ce0,540,FUNC,GLOBAL,1
OV10.OVL,ST1CardLst,0xa439d8,39,OBJECT,GLOBAL,1
OV10.OVL,CardMainItemGetSub,0xa01be0,148,FUNC,GLOBAL,1
OV10.OVL,CC_Kara_AttackMove,0xa3d340,208,FUNC,GLOBAL,1
OV10.OVL,DeckData9,0xa49f30,40,OBJECT,GLOBAL,1
OV10.OVL,CardDispAttr,0xa1ff78,392,FUNC,GLOBAL,1
OV10.OVL,CardModelFadeOut,0xa086d8,116,FUNC,GLOBAL,1
OV10.OVL,CardMakeDeckProc,0xa19aa8,4044,FUNC,GLOBAL,1
OV10.OVL,CardPlayDispSute,0xa0fd28,968,FUNC,GLOBAL,1
OV10.OVL,EnemyDeckLst,0xa49f88,192,OBJECT,GLOBAL,1
OV10.OVL,EMMess053Txt,0xa49378,0,OBJECT,GLOBAL,1
OV10.OVL,CardPlayDesertBattle,0xa0c2d0,260,FUNC,GLOBAL,1
OV10.OVL,CCU038ExecSub,0xa12a90,60,FUNC,GLOBAL,1
OV10.OVL,OLMessTbl,0xa48f48,64,OBJECT,GLOBAL,1
OV10.OVL,CC_Kara_MoveFase_1,0xa41150,456,FUNC,GLOBAL,1
OV10.OVL,EMMess056Txt,0xa493d0,0,OBJECT,GLOBAL,1
OV10.OVL,CGPCalcPowerPlus,0xa29240,140,FUNC,GLOBAL,1
OV10.OVL,CardEnemyEnd,0xa34108,132,FUNC,GLOBAL,1
OV10.OVL,CGPDispErrorMessCore,0xa21ec8,704,FUNC,GLOBAL,1
OV10.OVL,ModeContMess1,0xa42be8,0,OBJECT,GLOBAL,1
OV10.OVL,COPCardDispSub,0xa1c788,772,FUNC,GLOBAL,1
OV10.OVL,CGPBattleCalcuration,0xa28f58,568,FUNC,GLOBAL,1
OV10.OVL,CheckKonranCommand,0xa38648,3264,FUNC,GLOBAL,1
OV10.OVL,CardCleanUpDeck,0xa08a18,180,FUNC,GLOBAL,1
OV10.OVL,EMMess062Txt,0xa49438,0,OBJECT,GLOBAL,1
OV10.OVL,CheckGunoYokanCommand,0xa3a130,172,FUNC,GLOBAL,1
OV10.OVL,EMMess016Txt,0xa491e0,0,OBJECT,GLOBAL,1
OV10.OVL,CC_Kara_MoveFase_Type1,0xa3ff70,600,FUNC,GLOBAL,1
OV10.OVL,atColor,0xa42e60,64,OBJECT,GLOBAL,1
OV10.OVL,DisposeAreaCheckEnemy,0xa341d0,60,FUNC,GLOBAL,1
OV10.OVL,CardDelDeck,0xa08c28,240,FUNC,GLOBAL,1
OV10.OVL,CGCPHandDispSub3,0xa11320,1280,FUNC,GLOBAL,1
OV10.OVL,EMMess102Txt,0xa496f8,0,OBJECT,GLOBAL,1
OV10.OVL,Player1Color,0xa48960,64,OBJECT,GLOBAL,1
OV10.OVL,PermMess001Txt,0xa489e8,0,OBJECT,GLOBAL,1
OV10.OVL,CardPlayYamaCnt,0xa0c5e0,52,FUNC,GLOBAL,1
OV10.OVL,CGPBattleDiffenceEffect,0xa28890,340,FUNC,GLOBAL,1
OV10.OVL,CardPlayCostCard,0xa0c3d8,312,FUNC,GLOBAL,1
OV10.OVL,CardInitialDataPack,0xa42f60,40,OBJECT,GLOBAL,1
OV10.OVL,CardHelpPageInit,0xa21318,44,FUNC,GLOBAL,1
OV10.OVL,CGPMoveDSBATTLEwork,0xa25b70,848,FUNC,GLOBAL,1
OV10.OVL,CC_Kara_CommRequest,0xa3b5b8,1524,FUNC,GLOBAL,1
OV10.OVL,CheckTamasii,0xa35df0,244,FUNC,GLOBAL,1
OV10.OVL,EMMess078Txt,0xa49560,0,OBJECT,GLOBAL,1
OV10.OVL,CardFadeIn,0xa08818,100,FUNC,GLOBAL,1
OV10.OVL,CardPlaySound1,0xa00410,316,FUNC,GLOBAL,1
OV10.OVL,CardDispEffect,0xa238a0,6156,FUNC,GLOBAL,1
OV10.OVL,CardCopyRam2CLD,0xa0ae90,148,FUNC,GLOBAL,1
OV10.OVL,CardSampleInitDeck7,0xa0ad58,52,FUNC,GLOBAL,1
OV10.OVL,EMMess076Txt,0xa49538,0,OBJECT,GLOBAL,1
OV10.OVL,CardPlayDrawSute,0xa0bb88,356,FUNC,GLOBAL,1
OV10.OVL,CGPPrintYama,0xa21c18,176,FUNC,GLOBAL,1
OV10.OVL,CardViewProc,0xa1c1b8,1484,FUNC,GLOBAL,1
OV10.OVL,CCU063ExecSub,0xa12c50,96,FUNC,GLOBAL,1
OV10.OVL,CGPSetMessage,0xa21e28,24,FUNC,GLOBAL,1
OV10.OVL,CardPlaySound4,0xa00730,160,FUNC,GLOBAL,1
OV10.OVL,PermMess003Txt,0xa48a48,0,OBJECT,GLOBAL,1
OV10.OVL,CardEnemyCommandPlay,0xa32990,20,FUNC,GLOBAL,1
OV10.OVL,DeckGeneLst,0xa4a108,192,OBJECT,GLOBAL,1
OV10.OVL,CheckXDamageCommand,0xa39958,836,FUNC,GLOBAL,1
OV10.OVL,MiddleColor,0xa430c0,64,OBJECT,GLOBAL,1
OV10.OVL,PermMess014Txt,0xa48c70,0,OBJECT,GLOBAL,1
OV10.OVL,CCC10ExecSub,0xa13270,280,FUNC,GLOBAL,1
OV10.OVL,CGCPNeedDispSub,0xa10f00,612,FUNC,GLOBAL,1
OV10.OVL,CC_Kara_TodomeMove,0xa3d158,488,FUNC,GLOBAL,1
OV10.OVL,AlbedoCheck,0xa34408,220,FUNC,GLOBAL,1
OV10.OVL,EnemyDeckListStr,0xa4a1c8,192,OBJECT,GLOBAL,1
OV10.OVL,EMMess902Txt,0xa497a8,0,OBJECT,GLOBAL,1
OV10.OVL,SampleDeck8,0xa49eb0,40,OBJECT,GLOBAL,1
OV10.OVL,CGPDispErrorMess2,0xa222f8,84,FUNC,GLOBAL,1
OV10.OVL,CCU063ExecCPUSub,0xa12cb0,72,FUNC,GLOBAL,1
OV10.OVL,EMTitle94Txt,0xa49068,0,OBJECT,GLOBAL,1
OV10.OVL,CCU058ExecSub,0xa12b00,72,FUNC,GLOBAL,1
OV10.OVL,EMMess990Txt,0xa49818,0,OBJECT,GLOBAL,1
OV10.OVL,PermMess008Txt,0xa48b50,0,OBJECT,GLOBAL,1
OV10.OVL,CCC107ChkSub,0xa12e48,120,FUNC,GLOBAL,1
OV10.OVL,EMMess093Txt,0xa49680,0,OBJECT,GLOBAL,1
OV10.OVL,EMMess050Txt,0xa49310,0,OBJECT,GLOBAL,1
OV10.OVL,CardSampleInitDeck0,0xa0abd0,52,FUNC,GLOBAL,1
OV10.OVL,CC_Kara_DisposeEvent,0xa3b278,832,FUNC,GLOBAL,1
OV10.OVL,CardSampleInitDeck8,0xa0ad90,52,FUNC,GLOBAL,1
OV10.OVL,CardDataLoad,0xa007d0,228,FUNC,GLOBAL,1
OV10.OVL,ZenkakuListA,0xa437c0,20,OBJECT,GLOBAL,1
OV10.OVL,SampleDeck1,0xa49c48,40,OBJECT,GLOBAL,1
OV10.OVL,PermMess013Txt,0xa48c38,0,OBJECT,GLOBAL,1
OV10.OVL,CC_Kara_SetFase,0xa3bcc0,124,FUNC,GLOBAL,1
OV10.OVL,CardFread,0xa08670,100,FUNC,GLOBAL,1
OV10.OVL,CGPDispoSub0,0xa27e38,472,FUNC,GLOBAL,1
OV10.OVL,asDir,0xa42de0,64,OBJECT,GLOBAL,1
OV10.OVL,CC_Kara_MoveFase_Type3,0xa40860,592,FUNC,GLOBAL,1
OV10.OVL,BS2UncoLst,0xa43a70,9,OBJECT,GLOBAL,1
OV10.OVL,CardGameProc,0xa31530,3972,FUNC,GLOBAL,1
OV10.OVL,CaedGameWinMode,0xa029f8,4136,FUNC,GLOBAL,1
OV10.OVL,EMMess010Txt,0xa49128,0,OBJECT,GLOBAL,1
OV10.OVL,CardCopyRom2Deck,0xa0ae00,60,FUNC,GLOBAL,1
OV10.OVL,EscapeMove,0xa3f660,712,FUNC,GLOBAL,1
OV10.OVL,DisposePos2P,0xa43360,48,OBJECT,GLOBAL,1
OV10.OVL,CardDispFieldPointScale,0xa1f670,268,FUNC,GLOBAL,1
OV10.OVL,CheckDownGunoCommand,0xa3a308,376,FUNC,GLOBAL,1
OV10.OVL,EMMess070Txt,0xa49480,0,OBJECT,GLOBAL,1
OV10.OVL,CardSetEffect,0xa23158,1756,FUNC,GLOBAL,1
OV10.OVL,EMTitle91Txt,0xa49020,0,OBJECT,GLOBAL,1
OV10.OVL,CGPDispErrorMessPlus,0xa221e0,204,FUNC,GLOBAL,1
OV10.OVL,CardPlayCntPower,0xa0da40,132,FUNC,GLOBAL,1
OV10.OVL,DeckGene7,0xa49ea8,6,OBJECT,GLOBAL,1
OV10.OVL,CGPCFPlayCommOperation,0xa2cc78,3728,FUNC,GLOBAL,1
OV10.OVL,CardDispField,0xa1f4d0,72,FUNC,GLOBAL,1
OV10.OVL,CGPChkPlayable,0xa27610,72,FUNC,GLOBAL,1
OV10.OVL,CardGameRoot,0xa00338,192,FUNC,GLOBAL,1
OV10.OVL,CardDispHelpCurrySet,0xa1ea70,320,FUNC,GLOBAL,1
OV10.OVL,YoakimuMove,0xa3de40,680,FUNC,GLOBAL,1
OV10.OVL,CGPNextTurnSub,0xa25a48,292,FUNC,GLOBAL,1
OV10.OVL,ModeEndMess3,0xa42b88,0,OBJECT,GLOBAL,1
OV10.OVL,CardFadeOut,0xa087c0,84,FUNC,GLOBAL,1
OV10.OVL,EMMess041Txt,0xa492f0,0,OBJECT,GLOBAL,1
OV10.OVL,TodomeHyouka,0xa3bdc0,3948,FUNC,GLOBAL,1
OV10.OVL,PermMess004Txt,0xa48a80,0,OBJECT,GLOBAL,1
OV10.OVL,CGCPJunkDispSub,0xa12380,780,FUNC,GLOBAL,1
OV10.OVL,DeckData8,0xa49ed8,40,OBJECT,GLOBAL,1
OV10.OVL,CGPSetInterruptMess,0xa21e40,24,FUNC,GLOBAL,1
OV10.OVL,CardPlayClearEndflg,0xa27868,84,FUNC,GLOBAL,1
OV10.OVL,CardPlayPMessList,0xa42c18,4,OBJECT,GLOBAL,1
OV10.OVL,CardPlayCntOpe,0xa126e0,60,FUNC,GLOBAL,1
OV10.OVL,CCColor,0xa42ee0,64,OBJECT,GLOBAL,1
OV10.OVL,CheckComboMove,0xa41318,1808,FUNC,GLOBAL,1
OV10.OVL,cpudeck,0xa4a288,6144,OBJECT,GLOBAL,1
OV10.OVL,CardPlayBattleCnt,0xa0c730,52,FUNC,GLOBAL,1
OV10.OVL,CardPlayReturnCard,0xa0c510,204,FUNC,GLOBAL,1
OV10.OVL,CheckBujinCommand,0xa3a7e0,636,FUNC,GLOBAL,1
OV10.OVL,ModeContMess0,0xa42bb8,0,OBJECT,GLOBAL,1
OV10.OVL,CheckHatudouCommand,0xa39800,340,FUNC,GLOBAL,1
OV10.OVL,CardOpenProc,0xa1cbe8,6640,FUNC,GLOBAL,1
OV10.OVL,EMMess083Txt,0xa495d8,0,OBJECT,GLOBAL,1
OV10.OVL,CardDisp,0xa0a2f0,2268,FUNC,GLOBAL,1
OV10.OVL,CGPEndFaseSub,0xa2fa80,2040,FUNC,GLOBAL,1
OV10.OVL,CGPCommFinishSub,0xa25168,200,FUNC,GLOBAL,1
OV10.OVL,EMMess018Txt,0xa49220,0,OBJECT,GLOBAL,1
OV10.OVL,CCC31ExecSub,0xa13458,148,FUNC,GLOBAL,1
OV10.OVL,CheckCurryCommand,0xa39308,528,FUNC,GLOBAL,1
OV10.OVL,CC_Kara_CommPlay,0xa3bbb0,272,FUNC,GLOBAL,1
OV10.OVL,CheckTaikyakuCommand,0xa381a0,856,FUNC,GLOBAL,1
OV10.OVL,SampleDeck2,0xa49ca0,40,OBJECT,GLOBAL,1
OV10.OVL,CardMainProc,0xa03aa0,19408,FUNC,GLOBAL,1
OV10.OVL,CardDispHelpCard,0xa203e8,1312,FUNC,GLOBAL,1
OV10.OVL,BattleAreaCheckEnemy,0xa34190,60,FUNC,GLOBAL,1
OV10.OVL,CardDispHelpSlide2,0xa1ed90,1400,FUNC,GLOBAL,1
OV10.OVL,CardTutorialProc,0xa215e0,388,FUNC,GLOBAL,1
OV10.OVL,CardPlayDisployment,0xa279a0,1172,FUNC,GLOBAL,1
OV10.OVL,SampleDeck7,0xa49e58,40,OBJECT,GLOBAL,1
OV10.OVL,CardSampleInitDeck6,0xa0ad20,52,FUNC,GLOBAL,1
OV10.OVL,SampleDeckA,0xa42f88,40,OBJECT,GLOBAL,1
OV10.OVL,EMMess012Txt,0xa49160,0,OBJECT,GLOBAL,1
OV10.OVL,CardPlayCntDsp,0xa12720,60,FUNC,GLOBAL,1
OV10.OVL,CardTutorialInit,0xa213c8,536,FUNC,GLOBAL,1
OV10.OVL,CC_Kara_CommFase,0xa37ba0,556,FUNC,GLOBAL,1
OV10.OVL,EMMess001Txt,0xa490d0,0,OBJECT,GLOBAL,1
OV10.OVL,CC_Kara_MoveFase_2,0xa40da8,936,FUNC,GLOBAL,1
OV10.OVL,datapath,0xa487d0,20,OBJECT,GLOBAL,1
OV10.OVL,DeckListStr,0xa43508,160,OBJECT,GLOBAL,1
OV10.OVL,SampleDeckB,0xa42fb0,40,OBJECT,GLOBAL,1
OV10.OVL,CardEnemyOperationPlay,0xa327a8,484,FUNC,GLOBAL,1
OV10.OVL,CardCntList,0xa0b038,144,FUNC,GLOBAL,1
OV10.OVL,EMMess074Txt,0xa494f0,0,OBJECT,GLOBAL,1
OV10.OVL,CCU062ExecSub,0xa12b90,192,FUNC,GLOBAL,1
OV10.OVL,CardPlayDesertCard,0xa0bf28,356,FUNC,GLOBAL,1
OV10.OVL,cardlex_tbl,0xa485c8,256,OBJECT,GLOBAL,1
OV10.OVL,CardChkDeckRam,0xa0afc8,112,FUNC,GLOBAL,1
OV10.OVL,yNewRenderInit,0xa001e0,340,FUNC,GLOBAL,1
OV10.OVL,CardPlayDispJunk,0xa0ee58,980,FUNC,GLOBAL,1
OV10.OVL,EMMess030Txt,0xa49298,0,OBJECT,GLOBAL,1
OV10.OVL,CMTSetFontColor,0xa03a20,124,FUNC,GLOBAL,1
OV10.OVL,CardListDisp,0xa0d2d0,760,FUNC,GLOBAL,1
OV10.OVL,CardPlaySound2,0xa005f0,316,FUNC,GLOBAL,1
OV10.OVL,EMTitle93Txt,0xa49050,0,OBJECT,GLOBAL,1
OV10.OVL,PermMess007Txt,0xa48b20,0,OBJECT,GLOBAL,1
OV10.OVL,EMMess903Txt,0xa497d0,0,OBJECT,GLOBAL,1
OV10.OVL,CardGraphicLoad,0xa008b8,48,FUNC,GLOBAL,1
OV10.OVL,EMMess094Txt,0xa496a0,0,OBJECT,GLOBAL,1
OV10.OVL,EMMess051Txt,0xa49330,0,OBJECT,GLOBAL,1
OV10.OVL,ErrorMessTbl,0xa49838,780,OBJECT,GLOBAL,1
OV10.OVL,EMMess055Txt,0xa493b0,0,OBJECT,GLOBAL,1
OV10.OVL,CardDispGun,0xa1fe60,184,FUNC,GLOBAL,1
OV10.OVL,CardPlayOperationCnt,0xa0c688,52,FUNC,GLOBAL,1
OV10.OVL,CGPCursorMove2,0xa26808,3216,FUNC,GLOBAL,1
OV10.OVL,DeckGene3,0xa49d48,6,OBJECT,GLOBAL,1
OV10.OVL,CGPBattleBeforeEffect,0xa28410,792,FUNC,GLOBAL,1
OV10.OVL,CGPCursor2Pos,0xa26460,700,FUNC,GLOBAL,1
OV10.OVL,CCU064ExecSub,0xa12cf8,92,FUNC,GLOBAL,1
OV10.OVL,CardDispComm,0xa20268,124,FUNC,GLOBAL,1
OV10.OVL,CheckMilCommand,0xa39ca0,208,FUNC,GLOBAL,1
OV10.OVL,SkipStartList,0xa43aa8,7,OBJECT,GLOBAL,1
OV10.OVL,CGPCommFaseSub,0xa2e4d0,5548,FUNC,GLOBAL,1
OV10.OVL,HelpPageList,0xa49b48,14,OBJECT,GLOBAL,1
OV10.OVL,CC_Kara_SetGuno,0xa37130,848,FUNC,GLOBAL,1
OV10.OVL,CardDispTurn,0xa1f5e8,132,FUNC,GLOBAL,1
OV10.OVL,BS1RariLst,0xa43a00,16,OBJECT,GLOBAL,1
OV10.OVL,CardNameConvert,0xa08d18,288,FUNC,GLOBAL,1
OV10.OVL,EMMess071Txt,0xa494a0,0,OBJECT,GLOBAL,1
OV10.OVL,EMMess017Txt,0xa49200,0,OBJECT,GLOBAL,1
OV10.OVL,CPIWsub,0xa0b410,372,FUNC,GLOBAL,1
OV10.OVL,EMMess060Txt,0xa493f8,0,OBJECT,GLOBAL,1
OV10.OVL,CardPlayInitWorkFake,0xa0b618,732,FUNC,GLOBAL,1
OV10.OVL,EMMess091Txt,0xa49640,0,OBJECT,GLOBAL,1
OV10.OVL,CardPlayIdentityCheck,0xa10b60,384,FUNC,GLOBAL,1
OV10.OVL,CGPCursorMove,0xa27498,20,FUNC,GLOBAL,1
OV10.OVL,BattlePos1P,0xa432d0,48,OBJECT,GLOBAL,1
OV10.OVL,CardPlayCntAllOpe,0xa12690,80,FUNC,GLOBAL,1
OV10.OVL,HalfColor,0xa43080,64,OBJECT,GLOBAL,1
OV10.OVL,CGPBattleFaseProc,0xa30278,3820,FUNC,GLOBAL,1
OV10.OVL,EMMess081Txt,0xa49598,0,OBJECT,GLOBAL,1
OV10.OVL,CardPlayRecavery,0xa0bcf0,304,FUNC,GLOBAL,1
OV10.OVL,CardPlayDispCursor,0xa10260,2300,FUNC,GLOBAL,1
OV10.OVL,PermMess011Txt,0xa48bd0,0,OBJECT,GLOBAL,1
OV10.OVL,CardPlayCommandCheck,0xa199e8,52,FUNC,GLOBAL,1
OV10.OVL,CGPCFSDispSub,0xa2db08,1604,FUNC,GLOBAL,1
OV10.OVL,EMMess080Txt,0xa49580,0,OBJECT,GLOBAL,1
OV10.OVL,DeckGene0,0xa49c40,6,OBJECT,GLOBAL,1
OV10.OVL,CardPlayHandCnt,0xa0c6f8,52,FUNC,GLOBAL,1
OV10.OVL,CC_Kara_MoveFase_Type2,0xa401c8,1688,FUNC,GLOBAL,1
OV10.OVL,CardGameInit,0xa25230,2072,FUNC,GLOBAL,1
OV10.OVL,CC_Kara_1stAnswer,0xa41e60,204,FUNC,GLOBAL,1
OV10.OVL,CheckSensiCommand,0xa3ad68,340,FUNC,GLOBAL,1
OV10.OVL,CheckDownKaifukuCommand,0xa35748,204,FUNC,GLOBAL,1
OV10.OVL,EMMess910Txt,0xa49800,0,OBJECT,GLOBAL,1
OV10.OVL,CheckDamageCommand,0xa37dd0,976,FUNC,GLOBAL,1
OV10.OVL,EnemyDebugDeckLst,0xa49f60,40,OBJECT,GLOBAL,1
OV10.OVL,DeckData5,0xa49dd0,40,OBJECT,GLOBAL,1
OV10.OVL,MoMoMove,0xa3e0e8,1332,FUNC,GLOBAL,1
OV10.OVL,COPSerachPackL,0xa1cb40,168,FUNC,GLOBAL,1
OV10.OVL,CardModelFadeIn,0xa08750,112,FUNC,GLOBAL,1
OV10.OVL,CPCPSwapDSBATTLE,0xa14480,116,FUNC,GLOBAL,1
OV10.OVL,CardCondPos,0xa434d0,48,OBJECT,GLOBAL,1
OV10.OVL,CardSampleInitDeck1,0xa0ac08,52,FUNC,GLOBAL,1
OV10.OVL,CNColor,0xa43140,64,OBJECT,GLOBAL,1
OV10.OVL,CardPlayDispOperation,0xa0f6a0,648,FUNC,GLOBAL,1
OV10.OVL,CC_Kara_KabeMove,0xa3f0a8,1460,FUNC,GLOBAL,1
OV10.OVL,CGPBattleAttackEffect,0xa28728,356,FUNC,GLOBAL,1
OV10.OVL,HandPos1P,0xa43240,48,OBJECT,GLOBAL,1
OV10.OVL,CardPlayCntBtl,0xa12760,60,FUNC,GLOBAL,1
OV10.OVL,GetFriendAttack,0xa3cd30,1064,FUNC,GLOBAL,1
OV10.OVL,CGPRefreshFieldHP,0xa29aa8,300,FUNC,GLOBAL,1
OV10.OVL,CGPCMSub,0xa26720,228,FUNC,GLOBAL,1
OV10.OVL,CardStrListDisp,0xa0d740,384,FUNC,GLOBAL,1
OV10.OVL,CardDispTxtSub2,0xa09308,420,FUNC,GLOBAL,1
OV10.OVL,CheckEnemyGuno,0xa35818,180,FUNC,GLOBAL,1
OV10.OVL,CGPSetFaseProc,0xa2bbc0,4276,FUNC,GLOBAL,1
OV10.OVL,CDTSGetStrLen,0xa090b8,136,FUNC,GLOBAL,1
OV10.OVL,CardPlayChkCondition,0xa0cb48,888,FUNC,GLOBAL,1
OV10.OVL,EMMess100Txt,0xa496c8,0,OBJECT,GLOBAL,1
OV10.OVL,BattlePos2P,0xa433c0,48,OBJECT,GLOBAL,1
OV10.OVL,EMMess072Txt,0xa494b8,0,OBJECT,GLOBAL,1
OV10.OVL,Player2Color,0xa489a0,64,OBJECT,GLOBAL,1
OV10.OVL,ZenkakuListB,0xa437d8,20,OBJECT,GLOBAL,1
OV10.OVL,CardGetDeckCardCnt,0xa089c0,84,FUNC,GLOBAL,1
OV10.OVL,HandPos2P,0xa43330,48,OBJECT,GLOBAL,1
OV10.OVL,CardEnemy1stAnswer,0xa329a8,68,FUNC,GLOBAL,1
OV10.OVL,CardDispTxtSub,0xa09140,452,FUNC,GLOBAL,1
OV10.OVL,CardDispOnce,0xa201d0,148,FUNC,GLOBAL,1
OV10.OVL,CCC26ExecSub,0xa13388,144,FUNC,GLOBAL,1
OV10.OVL,PermMess012Txt,0xa48c08,0,OBJECT,GLOBAL,1
OV10.OVL,P1DeckLoadStr,0xa42ae0,0,OBJECT,GLOBAL,1
OV10.OVL,EMMess090Txt,0xa49628,0,OBJECT,GLOBAL,1
OV10.OVL,CardSkipTitleTxtLst,0xa484d8,208,OBJECT,GLOBAL,1
OV10.OVL,CardPlayCleanJunk,0xa0bed0,84,FUNC,GLOBAL,1
OV10.OVL,CLP2Color,0xa431c0,64,OBJECT,GLOBAL,1
OV10.OVL,PermMess002Txt,0xa48a10,0,OBJECT,GLOBAL,1
OV10.OVL,PermMess006Txt,0xa48af0,0,OBJECT,GLOBAL,1
OV10.OVL,ModeEndMess0,0xa42b20,0,OBJECT,GLOBAL,1
OV10.OVL,CPCSearchCommWk,0xa143c8,180,FUNC,GLOBAL,1
OV10.OVL,CGCPGeneDispSub,0xa11168,436,FUNC,GLOBAL,1
OV10.OVL,CardEnemyAnswerSionSearch,0xa34050,184,FUNC,GLOBAL,1
OV10.OVL,GetShoukin,0xa3bd40,60,FUNC,GLOBAL,1
OV10.OVL,CardPlayCursorMove,0xa0d0a8,548,FUNC,GLOBAL,1
OV10.OVL,CGPChkFaseLock,0xa230c0,148,FUNC,GLOBAL,1
OV10.OVL,SampleDeck0,0xa49bf0,40,OBJECT,GLOBAL,1
OV10.OVL,CMColor,0xa43200,64,OBJECT,GLOBAL,1
OV10.OVL,CardAddList,0xa0b0c8,256,FUNC,GLOBAL,1
OV10.OVL,CGPDisposeSub,0xa28010,876,FUNC,GLOBAL,1
OV10.OVL,EMMess103Txt,0xa49720,0,OBJECT,GLOBAL,1
OV10.OVL,ST1RariLst,0xa439d0,6,OBJECT,GLOBAL,1
OV10.OVL,DeckData6,0xa49e28,40,OBJECT,GLOBAL,1
OV10.OVL,CGPSetErrorMessPlus,0xa21ea0,36,FUNC,GLOBAL,1
OV10.OVL,CGPDisposeWeaponSub,0xa261a8,508,FUNC,GLOBAL,1
OV10.OVL,CGPEnemyLv10SetSub,0xa33c40,976,FUNC,GLOBAL,1
OV10.OVL,DeckData0,0xa49c18,40,OBJECT,GLOBAL,1
OV10.OVL,DeckGene6,0xa49e50,6,OBJECT,GLOBAL,1
OV10.OVL,CheckExtCommand,0xa3a1e0,292,FUNC,GLOBAL,1
OV10.OVL,CardPlayInitWork,0xa0b1c8,584,FUNC,GLOBAL,1
OV10.OVL,SampleDeck9,0xa49f08,40,OBJECT,GLOBAL,1
OV10.OVL,CardPlayCommandCondition,0xa13610,3512,FUNC,GLOBAL,1
OV10.OVL,CCC30ExecSub,0xa13418,60,FUNC,GLOBAL,1
OV10.OVL,CardPlayTMessList,0xa42c20,316,OBJECT,GLOBAL,1
OV10.OVL,CCU064ExecCPUSub,0xa12d58,72,FUNC,GLOBAL,1
OV10.OVL,EMMess061Txt,0xa49418,0,OBJECT,GLOBAL,1
OV10.OVL,OperationPos1P,0xa432a0,48,OBJECT,GLOBAL,1
OV10.OVL,PermMessTbl,0xa48cb0,64,OBJECT,GLOBAL,1
OV10.OVL,SensiEvent,0xa3aec0,948,FUNC,GLOBAL,1
OV10.OVL,CGPMoveFaseProc,0xa2b048,2936,FUNC,GLOBAL,1
OV10.OVL,TitleMaxList,0xa43aa0,7,OBJECT,GLOBAL,1
OV10.OVL,EMMess077Txt,0xa49540,0,OBJECT,GLOBAL,1
OV10.OVL,DeckGene5,0xa49df8,6,OBJECT,GLOBAL,1
OV10.OVL,PermMess000Txt,0xa489e0,0,OBJECT,GLOBAL,1
OV10.OVL,CheckTuukokuCommand,0xa3aa60,192,FUNC,GLOBAL,1
OV10.OVL,CardDispDeckMake,0xa1f518,132,FUNC,GLOBAL,1
OV10.OVL,LvUpCheck,0xa3f928,972,FUNC,GLOBAL,1
OV10.OVL,CardDispGuno,0xa20168,100,FUNC,GLOBAL,1
OV10.OVL,CGPCalcPowerEnv,0xa292d0,660,FUNC,GLOBAL,1
OV10.OVL,EMMess092Txt,0xa49660,0,OBJECT,GLOBAL,1
OV10.OVL,CGPCheckTeMax,0xa250b0,180,FUNC,GLOBAL,1
OV10.OVL,DeckData1,0xa49c70,40,OBJECT,GLOBAL,1
OV10.OVL,CLColor,0xa43100,64,OBJECT,GLOBAL,1
OV10.OVL,CheckTentCommand,0xa39518,408,FUNC,GLOBAL,1
OV10.OVL,CardCursorPassive,0xa100f0,52,FUNC,GLOBAL,1
OV10.OVL,EMTitle95Txt,0xa49080,0,OBJECT,GLOBAL,1
OV10.OVL,EMMess101Txt,0xa496f0,0,OBJECT,GLOBAL,1
OV10.OVL,CHPTitleInitSub,0xa1e5d8,100,FUNC,GLOBAL,1
OV10.OVL,CheckFriendSensi,0xa3e700,140,FUNC,GLOBAL,1
OV10.OVL,CheckChudanCommand,0xa3a480,236,FUNC,GLOBAL,1
OV10.OVL,BattleAreaCheckFriend,0xa34210,60,FUNC,GLOBAL,1
OV10.OVL,CardMainInit,0xa00ad0,4364,FUNC,GLOBAL,1
OV10.OVL,CardCommandPlay,0xa43670,300,OBJECT,GLOBAL,1
OV10.OVL,CardSampleInitDeck9,0xa0adc8,52,FUNC,GLOBAL,1
OV10.OVL,DeckGene2,0xa49cf0,6,OBJECT,GLOBAL,1
OV10.OVL,P2DeckLoadStr,0xa42b00,0,OBJECT,GLOBAL,1
OV10.OVL,CardPlayDispInfo,0xa22350,3436,FUNC,GLOBAL,1
OV10.OVL,DeckGene8,0xa49f00,6,OBJECT,GLOBAL,1
OV10.OVL,EMTitle02Txt,0xa48fb8,0,OBJECT,GLOBAL,1
OV10.OVL,CardBookMarkTxtLst,0xa485a8,28,OBJECT,GLOBAL,1
OV10.OVL,CardPlayDispDispose,0xa0f230,1136,FUNC,GLOBAL,1
OV10.OVL,CardCopyDeckWork,0xa088f0,144,FUNC,GLOBAL,1
OV10.OVL,CardAddDeck,0xa08ad0,344,FUNC,GLOBAL,1
OV10.OVL,CardDispCard,0xa0a068,644,FUNC,GLOBAL,1
OV10.OVL,CardDispCtr,0xa1f470,92,FUNC,GLOBAL,1
OV10.OVL,CheckTeppekiCommand,0xa3ac18,336,FUNC,GLOBAL,1
OV10.OVL,YmineTest,0xa003f8,20,FUNC,GLOBAL,1
OV10.OVL,CC_Kara_BackTodomeMove,0xa3d410,1072,FUNC,GLOBAL,1
OV10.OVL,CardPlaySuteCnt,0xa0c618,52,FUNC,GLOBAL,1
OV10.OVL,CardPlayCommandBattleExecute,0xa197f0,188,FUNC,GLOBAL,1
OV10.OVL,CardDispNazo,0xa20100,100,FUNC,GLOBAL,1
OV10.OVL,EMMess013Txt,0xa49188,0,OBJECT,GLOBAL,1
OV10.OVL,CardPlayCleanHand,0xa0be20,84,FUNC,GLOBAL,1
OV10.OVL,CardEnemyAnswerCardxx,0xa32ae8,1836,FUNC,GLOBAL,1
OV10.OVL,CardDispTejyun,0xa1f780,1520,FUNC,GLOBAL,1
OV10.OVL,EMMess052Txt,0xa49350,0,OBJECT,GLOBAL,1
OV10.OVL,DeckData2,0xa49cc8,40,OBJECT,GLOBAL,1
OV10.OVL,CLP1Color,0xa43180,64,OBJECT,GLOBAL,1
OV10.OVL,CC_Kara_BackAttackMove,0xa3db40,352,FUNC,GLOBAL,1
OV10.OVL,OperationPos2P,0xa43390,48,OBJECT,GLOBAL,1
OV10.OVL,JunkPos2P,0xa433f0,48,OBJECT,GLOBAL,1
OV10.OVL,CC_Kara_MoveFase_Type0,0xa3fcf8,632,FUNC,GLOBAL,1
OV10.OVL,CCU065ExecCPUSub,0xa12e00,72,FUNC,GLOBAL,1
OV10.OVL,CardEnemyComm,0xa34010,64,FUNC,GLOBAL,1
OV10.OVL,CGCPHandDispSub,0xa11e50,176,FUNC,GLOBAL,1
OV10.OVL,CardConvertNameLst,0xa437f0,480,OBJECT,GLOBAL,1
OV10.OVL,EMMess073Txt,0xa494d8,0,OBJECT,GLOBAL,1
OV10.OVL,CardEnemyAnswer,0xa329f0,244,FUNC,GLOBAL,1
OV10.OVL,SampleDeck4,0xa49d50,40,OBJECT,GLOBAL,1
OV10.OVL,CCC03ExecSub,0xa12ed0,176,FUNC,GLOBAL,1
OV10.OVL,CursorTbl,0xa49b58,128,OBJECT,GLOBAL,1
OV10.OVL,COPSerachPackR,0xa1ca90,176,FUNC,GLOBAL,1
OV10.OVL,CheckFriendType4,0xa34290,224,FUNC,GLOBAL,1
OV10.OVL,CardDispHelpSlide1,0xa1ebb0,480,FUNC,GLOBAL,1
OV10.OVL,CardPlayNoInitWork,0xa0b588,144,FUNC,GLOBAL,1
OV10.OVL,JunkPos1P,0xa43300,48,OBJECT,GLOBAL,1
OV10.OVL,CGPPrintJunk,0xa21cc8,176,FUNC,GLOBAL,1
OV10.OVL,CardPlayShuffleYama,0xa0b8f8,276,FUNC,GLOBAL,1
OV10.OVL,CardPlayCntHeavy,0xa12860,160,FUNC,GLOBAL,1
OV10.OVL,EMMess020Txt,0xa49258,0,OBJECT,GLOBAL,1
OV10.OVL,CCC04ExecSub,0xa12f80,288,FUNC,GLOBAL,1
OV10.OVL,CheckTotugekiCommand,0xa384f8,336,FUNC,GLOBAL,1
OV10.OVL,CHPMenuInitSub,0xa1e640,100,FUNC,GLOBAL,1
OV10.OVL,EMTitle00Txt,0xa48f88,0,OBJECT,GLOBAL,1
OV10.OVL,CC_Kara_HaibiKabeMove,0xa3eef0,436,FUNC,GLOBAL,1
OV10.OVL,EMMess019Txt,0xa49240,0,OBJECT,GLOBAL,1
OV10.OVL,CardPlayDisposeCnt,0xa0c6c0,52,FUNC,GLOBAL,1
OV10.OVL,EMMess082Txt,0xa495c0,0,OBJECT,GLOBAL,1
OV10.OVL,CardMainAddItemSub,0xa01c78,292,FUNC,GLOBAL,1
OV10.OVL,CheckShukumeiCommand,0xa3a6e8,244,FUNC,GLOBAL,1
OV10.OVL,NewCMPGameModeExit,0xa01da0,3160,FUNC,GLOBAL,1
OV10.OVL,CardEnemyCommandRequest,0xa32760,68,FUNC,GLOBAL,1
OV10.OVL,SampleDeck5,0xa49da8,40,OBJECT,GLOBAL,1
OV10.OVL,CC_Kara_FrontTodomeMove,0xa3d840,764,FUNC,GLOBAL,1
OV10.OVL,EMMess057Txt,0xa493f0,0,OBJECT,GLOBAL,1
OV10.OVL,CardDeckChk,0xa19a20,132,FUNC,GLOBAL,1
OV10.OVL,EMMess040Txt,0xa492d0,0,OBJECT,GLOBAL,1
OV10.OVL,GetDeckData,0xa354d0,120,FUNC,GLOBAL,1
OV10.OVL,CC_Kara_SetFase_1,0xa37480,1820,FUNC,GLOBAL,1
OV10.OVL,EMMess031Txt,0xa492b8,0,OBJECT,GLOBAL,1
OV10.OVL,CGPRecalcPosSub,0xa217e0,408,FUNC,GLOBAL,1
OV10.OVL,EMTitle01Txt,0xa48fa0,0,OBJECT,GLOBAL,1
OV10.OVL,CardEnemyListDisp,0xa0d8c0,380,FUNC,GLOBAL,1
OV10.OVL,CardDispPhase,0xa202e8,252,FUNC,GLOBAL,1
OV10.OVL,CGPSetErrorMess,0xa21e80,28,FUNC,GLOBAL,1
OV10.OVL,CardLoadDeckProc2,0xa1b9b0,2052,FUNC,GLOBAL,1
OV10.OVL,EMMess110Txt,0xa49728,0,OBJECT,GLOBAL,1
OV10.OVL,CGPequipSub,0xa25ec0,472,FUNC,GLOBAL,1
OV10.OVL,CardDispH1P2P,0xa1f5a0,72,FUNC,GLOBAL,1
OV10.OVL,CardDeckListDisp,0xa0d5c8,376,FUNC,GLOBAL,1
OV10.OVL,CardPlayCntFld,0xa12a08,136,FUNC,GLOBAL,1
OV10.OVL,CGPBAEsub,0xa289e8,1032,FUNC,GLOBAL,1
OV10.OVL,CGPPrintSute,0xa21d78,176,FUNC,GLOBAL,1
OV10.OVL,CalcVertOutVecEdge,0xa00000,480,FUNC,GLOBAL,1
OV10.OVL,CheckNazoCommand,0xa39d70,252,FUNC,GLOBAL,1
OV10.OVL,CheckKyoukouCommand,0xa3a630,180,FUNC,GLOBAL,1
OV10.OVL,CCC07ExecSub,0xa131c8,168,FUNC,GLOBAL,1
OV10.OVL,EMMess015Txt,0xa491c8,0,OBJECT,GLOBAL,1
OV10.OVL,CardPlaySound3,0xa00550,160,FUNC,GLOBAL,1
OV10.OVL,CardSaveDeckProc,0xa1b280,1836,FUNC,GLOBAL,1
OV10.OVL,CardHelpTxtLst,0xa482f8,236,OBJECT,GLOBAL,1
OV10.OVL,CPSInfoPos,0xa435a8,32,OBJECT,GLOBAL,1
OV10.OVL,CardSampleInitDeck3,0xa0ac78,52,FUNC,GLOBAL,1
OV10.OVL,CheckFriendKabe,0xa3e620,224,FUNC,GLOBAL,1
OV10.OVL,EMTitle04Txt,0xa48fe8,0,OBJECT,GLOBAL,1
OV10.OVL,EMTitle99Txt,0xa49098,0,OBJECT,GLOBAL,1
OV10.OVL,DisposePos1P,0xa43270,48,OBJECT,GLOBAL,1
OV10.OVL,GetDeckDataAdjust,0xa35548,284,FUNC,GLOBAL,1
OV10.OVL,EMMess075Txt,0xa49510,0,OBJECT,GLOBAL,1
OV10.OVL,DeckDataLst,0xa4a048,192,OBJECT,GLOBAL,1
OV10.OVL,CC_Kara_SetWeapon,0xa35ee8,3076,FUNC,GLOBAL,1
OV10.OVL,EMMess901Txt,0xa49780,0,OBJECT,GLOBAL,1
OV11.OVL,gcc2_compiled.,0xa00000,0,NOTYPE,LOCAL,1
OV11.OVL,__gnu_compiled_c,0xa00000,0,NOTYPE,LOCAL,1
OV11.OVL,Init,0xa00000,112,FUNC,LOCAL,1
OV11.OVL,gcc2_compiled.,0xa00100,0,NOTYPE,LOCAL,1
OV11.OVL,__gnu_compiled_c,0xa00100,0,NOTYPE,LOCAL,1
OV11.OVL,SaveWork,0xa09228,4,OBJECT,LOCAL,1
OV11.OVL,MakeSprite,0xa00168,872,FUNC,LOCAL,1
OV11.OVL,Pkt,0xa0df70,0,NOTYPE,LOCAL,1
OV11.OVL,SetDrawStatus,0xa004d0,428,FUNC,LOCAL,1
OV11.OVL,SetTest,0xa00680,140,FUNC,LOCAL,1
OV11.OVL,SetRegAD,0xa00710,144,FUNC,LOCAL,1
OV11.OVL,ResetRGBA,0xa007a0,60,FUNC,LOCAL,1
OV11.OVL,BoxRGBA,0xa0df78,0,NOTYPE,LOCAL,1
OV11.OVL,SetRGBA,0xa007e0,28,FUNC,LOCAL,1
OV11.OVL,MakeBoxPos,0xa00800,116,FUNC,LOCAL,1
OV11.OVL,BoxPOS,0xa0df80,0,NOTYPE,LOCAL,1
OV11.OVL,DrawNonTextureBox,0xa00878,284,FUNC,LOCAL,1
OV11.OVL,RES_IsDebugMode,0xa00998,16,FUNC,LOCAL,1
OV11.OVL,ResData,0xa0dfa0,0,NOTYPE,LOCAL,1
OV11.OVL,RES_GetBonusTime,0xa009a8,16,FUNC,LOCAL,1
OV11.OVL,RES_GetRealSpeed,0xa009b8,16,FUNC,LOCAL,1
OV11.OVL,RES_ShopDataInfo,0xa009c8,32,FUNC,LOCAL,1
OV11.OVL,RES_ShopDataCoin,0xa009e8,32,FUNC,LOCAL,1
OV11.OVL,RES_ShopDataName,0xa00a08,32,FUNC,LOCAL,1
OV11.OVL,RES_Coin_Rate,0xa00a28,24,FUNC,LOCAL,1
OV11.OVL,RES_Coin_Info,0xa00a40,24,FUNC,LOCAL,1
OV11.OVL,RES_SoundEffect,0xa00a58,76,FUNC,LOCAL,1
OV11.OVL,RES_SoundEffectStop,0xa00aa8,72,FUNC,LOCAL,1
OV11.OVL,RES_Load,0xa00af0,56,FUNC,LOCAL,1
OV11.OVL,AddCoin,0xa00b28,120,FUNC,LOCAL,1
OV11.OVL,real01array,0xa09230,42,OBJECT,LOCAL,1
OV11.OVL,real02array,0xa09260,42,OBJECT,LOCAL,1
OV11.OVL,real03array,0xa09290,42,OBJECT,LOCAL,1
OV11.OVL,real11array,0xa092c0,42,OBJECT,LOCAL,1
OV11.OVL,real12array,0xa092f0,42,OBJECT,LOCAL,1
OV11.OVL,real13array,0xa09320,42,OBJECT,LOCAL,1
OV11.OVL,real21array,0xa09350,42,OBJECT,LOCAL,1
OV11.OVL,real22array,0xa09380,42,OBJECT,LOCAL,1
OV11.OVL,real23array,0xa093b0,42,OBJECT,LOCAL,1
OV11.OVL,real31array,0xa093e0,42,OBJECT,LOCAL,1
OV11.OVL,real32array,0xa09410,42,OBJECT,LOCAL,1
OV11.OVL,real33array,0xa09440,42,OBJECT,LOCAL,1
OV11.OVL,real41array,0xa09470,42,OBJECT,LOCAL,1
OV11.OVL,real42array,0xa094a0,42,OBJECT,LOCAL,1
OV11.OVL,real43array,0xa094d0,42,OBJECT,LOCAL,1
OV11.OVL,real51array,0xa09500,42,OBJECT,LOCAL,1
OV11.OVL,real52array,0xa09530,42,OBJECT,LOCAL,1
OV11.OVL,real53array,0xa09560,42,OBJECT,LOCAL,1
OV11.OVL,realpt,0xa09590,72,OBJECT,LOCAL,1
OV11.OVL,SlGetPic,0xa00ba0,108,FUNC,LOCAL,1
OV11.OVL,Gwork,0xa0dd20,0,NOTYPE,LOCAL,1
OV11.OVL,slot_window.0,0xa095d8,28,OBJECT,LOCAL,1
OV11.OVL,slot_window_rect.1,0xa095f8,48,OBJECT,LOCAL,1
OV11.OVL,Real.2,0xa09628,252,OBJECT,LOCAL,1
OV11.OVL,xpos.3,0xa09728,12,OBJECT,LOCAL,1
OV11.OVL,SlRealDraw,0xa00c10,464,FUNC,LOCAL,1
OV11.OVL,decfont,0xa09738,280,OBJECT,LOCAL,1
OV11.OVL,decprint,0xa00de0,388,FUNC,LOCAL,1
OV11.OVL,SlCashPrint,0xa00f68,68,FUNC,LOCAL,1
OV11.OVL,pay_print,0xa00fb0,176,FUNC,LOCAL,1
OV11.OVL,total_pay_print,0xa01060,40,FUNC,LOCAL,1
OV11.OVL,check_mode,0xa01088,72,FUNC,LOCAL,1
OV11.OVL,pay_window,0xa09850,56,OBJECT,LOCAL,1
OV11.OVL,pay_window_rect.4,0xa09888,80,OBJECT,LOCAL,1
OV11.OVL,SlPayWindowPrint,0xa010d0,140,FUNC,LOCAL,1
OV11.OVL,spinbt,0xa098d8,84,OBJECT,LOCAL,1
OV11.OVL,status_keep.5,0xa0992c,4,OBJECT,LOCAL,1
OV11.OVL,check_spin,0xa01160,80,FUNC,LOCAL,1
OV11.OVL,spinbt_rect.6,0xa09930,16,OBJECT,LOCAL,1
OV11.OVL,pushcnt.7,0xa09940,4,OBJECT,LOCAL,1
OV11.OVL,SpinBtnPrint,0xa011b0,196,FUNC,LOCAL,1
OV11.OVL,stopbt,0xa09948,84,OBJECT,LOCAL,1
OV11.OVL,stopbt_rect.8,0xa099a0,48,OBJECT,LOCAL,1
OV11.OVL,SlStopBtnPrint,0xa01278,184,FUNC,LOCAL,1
OV11.OVL,PicTable,0xa099d0,196,OBJECT,LOCAL,1
OV11.OVL,OptionText,0xa09a98,140,OBJECT,LOCAL,1
OV11.OVL,DeciList.9,0xa09b28,280,OBJECT,LOCAL,1
OV11.OVL,SlDecPrintSmall,0xa01330,392,FUNC,LOCAL,1
OV11.OVL,pos.10,0xa09c40,56,OBJECT,LOCAL,1
OV11.OVL,rate.11,0xa09c78,24,OBJECT,LOCAL,1
OV11.OVL,double_rate.12,0xa09c90,24,OBJECT,LOCAL,1
OV11.OVL,SlRateTableDraw,0xa014b8,660,FUNC,LOCAL,1
OV11.OVL,Pic.13,0xa09ca8,252,OBJECT,LOCAL,1
OV11.OVL,Total.14,0xa09da8,28,OBJECT,LOCAL,1
OV11.OVL,linetex.15,0xa09dc8,28,OBJECT,LOCAL,1
OV11.OVL,linerect.16,0xa09de8,144,OBJECT,LOCAL,1
OV11.OVL,SlResultDraw,0xa01750,832,FUNC,LOCAL,1
OV11.OVL,Text.17,0xa09e78,84,OBJECT,LOCAL,1
OV11.OVL,Bar.18,0xa09ed0,28,OBJECT,LOCAL,1
OV11.OVL,TimeBar.19,0xa09ef0,28,OBJECT,LOCAL,1
OV11.OVL,SlModePrint,0xa01a90,536,FUNC,LOCAL,1
OV11.OVL,GuidPtTex,0xa09f10,280,OBJECT,LOCAL,1
OV11.OVL,point_rect.20,0xa0a028,144,OBJECT,LOCAL,1
OV11.OVL,seq.21,0xa0a0b8,4,OBJECT,LOCAL,1
OV11.OVL,SlGuidPrint,0xa01ca8,120,FUNC,LOCAL,1
OV11.OVL,point_control,0xa01d20,264,FUNC,LOCAL,1
OV11.OVL,BoxSpr,0xa0a0c0,28,OBJECT,LOCAL,1
OV11.OVL,BoxRect,0xa0a0e0,16,OBJECT,LOCAL,1
OV11.OVL,SlBgDraw,0xa01e28,64,FUNC,LOCAL,1
OV11.OVL,SlCoinEntry,0xa01e68,512,FUNC,LOCAL,1
OV11.OVL,SlPrizeCheck,0xa02068,504,FUNC,LOCAL,1
OV11.OVL,pat.22,0xa0a0f0,60,OBJECT,LOCAL,1
OV11.OVL,SlLineCheck,0xa02260,508,FUNC,LOCAL,1
OV11.OVL,check_real,0xa02460,40,FUNC,LOCAL,1
OV11.OVL,inter.23,0xa0a12c,4,OBJECT,LOCAL,1
OV11.OVL,paid_action,0xa02488,264,FUNC,LOCAL,1
OV11.OVL,GameModeChange,0xa06ce0,268,FUNC,LOCAL,1
OV11.OVL,linepay_check,0xa02590,160,FUNC,LOCAL,1
OV11.OVL,slot_key,0xa02630,772,FUNC,LOCAL,1
OV11.OVL,mode.24,0xa0a130,4,OBJECT,LOCAL,1
OV11.OVL,count.25,0xa0dc28,0,NOTYPE,LOCAL,1
OV11.OVL,dx.26,0xa0dc2c,0,NOTYPE,LOCAL,1
OV11.OVL,dy.27,0xa0dc30,0,NOTYPE,LOCAL,1
OV11.OVL,tex.28,0xa0dc38,0,NOTYPE,LOCAL,1
OV11.OVL,rect.29,0xa0dc58,0,NOTYPE,LOCAL,1
OV11.OVL,SlPrizeEffect,0xa02938,1008,FUNC,LOCAL,1
OV11.OVL,tex.30,0xa0a138,28,OBJECT,LOCAL,1
OV11.OVL,sht.31,0xa0dc68,0,NOTYPE,LOCAL,1
OV11.OVL,psht.32,0xa0dc8c,0,NOTYPE,LOCAL,1
OV11.OVL,mode.33,0xa0a154,4,OBJECT,LOCAL,1
OV11.OVL,wait.34,0xa0dc90,0,NOTYPE,LOCAL,1
OV11.OVL,SlChangeRealEffect,0xa02d28,1060,FUNC,LOCAL,1
OV11.OVL,busy.35,0xa0a158,4,OBJECT,LOCAL,1
OV11.OVL,SlEvent,0xa03150,364,FUNC,LOCAL,1
OV11.OVL,SlHelpMode,0xa032c0,192,FUNC,LOCAL,1
OV11.OVL,slot_main,0xa03380,340,FUNC,LOCAL,1
OV11.OVL,init_slot,0xa034d8,156,FUNC,LOCAL,1
OV11.OVL,tex.36,0xa0a160,28,OBJECT,LOCAL,1
OV11.OVL,NgTimePrint,0xa03578,148,FUNC,LOCAL,1
OV11.OVL,NgPaidPrint,0xa03610,88,FUNC,LOCAL,1
OV11.OVL,tex.37,0xa0a180,84,OBJECT,LOCAL,1
OV11.OVL,rect.38,0xa0a1d8,16,OBJECT,LOCAL,1
OV11.OVL,count.39,0xa0a1e8,4,OBJECT,LOCAL,1
OV11.OVL,NgGetsDownBtnPrint,0xa03668,164,FUNC,LOCAL,1
OV11.OVL,rect.40,0xa0a1f0,16,OBJECT,LOCAL,1
OV11.OVL,count.41,0xa0a200,4,OBJECT,LOCAL,1
OV11.OVL,NgSpinBtnPrint,0xa03710,164,FUNC,LOCAL,1
OV11.OVL,RateLamp_Rect,0xa0a208,144,OBJECT,LOCAL,1
OV11.OVL,anm.42,0xa0a298,4,OBJECT,LOCAL,1
OV11.OVL,NgLamp,0xa037b8,264,FUNC,LOCAL,1
OV11.OVL,NineGameBG_Tex.43,0xa0a2a0,28,OBJECT,LOCAL,1
OV11.OVL,NineGameBG_Rect.44,0xa0a2c0,16,OBJECT,LOCAL,1
OV11.OVL,NineGameBG_Draw,0xa038c0,80,FUNC,LOCAL,1
OV11.OVL,seq.45,0xa0a2d0,4,OBJECT,LOCAL,1
OV11.OVL,GuidPt.46,0xa0a2d8,88,OBJECT,LOCAL,1
OV11.OVL,NgStopGuidPt,0xa03910,160,FUNC,LOCAL,1
OV11.OVL,NgFwdGuidPt,0xa039b0,204,FUNC,LOCAL,1
OV11.OVL,stopbtn_pos.47,0xa0a330,72,OBJECT,LOCAL,1
OV11.OVL,NgStopBtnPrint,0xa03a80,268,FUNC,LOCAL,1
OV11.OVL,ng_real01array,0xa0a378,42,OBJECT,LOCAL,1
OV11.OVL,ng_real02array,0xa0a3a8,42,OBJECT,LOCAL,1
OV11.OVL,ng_real03array,0xa0a3d8,42,OBJECT,LOCAL,1
OV11.OVL,ng_real04array,0xa0a408,42,OBJECT,LOCAL,1
OV11.OVL,ng_real05array,0xa0a438,42,OBJECT,LOCAL,1
OV11.OVL,ng_real06array,0xa0a468,42,OBJECT,LOCAL,1
OV11.OVL,ng_real07array,0xa0a498,42,OBJECT,LOCAL,1
OV11.OVL,ng_real08array,0xa0a4c8,42,OBJECT,LOCAL,1
OV11.OVL,ng_real09array,0xa0a4f8,42,OBJECT,LOCAL,1
OV11.OVL,ng_real10array,0xa0a528,42,OBJECT,LOCAL,1
OV11.OVL,ng_real11array,0xa0a558,42,OBJECT,LOCAL,1
OV11.OVL,ng_real12array,0xa0a588,42,OBJECT,LOCAL,1
OV11.OVL,ng_real13array,0xa0a5b8,42,OBJECT,LOCAL,1
OV11.OVL,ng_real14array,0xa0a5e8,42,OBJECT,LOCAL,1
OV11.OVL,ng_real15array,0xa0a618,42,OBJECT,LOCAL,1
OV11.OVL,ng_real16array,0xa0a648,42,OBJECT,LOCAL,1
OV11.OVL,ng_real17array,0xa0a678,42,OBJECT,LOCAL,1
OV11.OVL,ng_real18array,0xa0a6a8,42,OBJECT,LOCAL,1
OV11.OVL,ng_real19array,0xa0a6d8,42,OBJECT,LOCAL,1
OV11.OVL,ng_real20array,0xa0a708,42,OBJECT,LOCAL,1
OV11.OVL,ng_realtbl,0xa0a738,80,OBJECT,LOCAL,1
OV11.OVL,NgAllStop,0xa03b90,76,FUNC,LOCAL,1
OV11.OVL,NgCheckReal,0xa03be0,192,FUNC,LOCAL,1
OV11.OVL,NgReal_Tex.48,0xa0a788,56,OBJECT,LOCAL,1
OV11.OVL,get_ngreal_shape,0xa03ca0,184,FUNC,LOCAL,1
OV11.OVL,NgReal.49,0xa0a7c0,36,OBJECT,LOCAL,1
OV11.OVL,DrawNgPanel,0xa03d58,344,FUNC,LOCAL,1
OV11.OVL,NgReal,0xa03eb0,272,FUNC,LOCAL,1
OV11.OVL,NgGame_GetsDown,0xa03fc0,124,FUNC,LOCAL,1
OV11.OVL,NgGame_Select,0xa04040,328,FUNC,LOCAL,1
OV11.OVL,ptmove.50,0xa0a7e8,88,OBJECT,LOCAL,1
OV11.OVL,NgGame_Key,0xa04188,472,FUNC,LOCAL,1
OV11.OVL,se.51,0xa0a840,4,OBJECT,LOCAL,1
OV11.OVL,NgGame_Paid,0xa04360,176,FUNC,LOCAL,1
OV11.OVL,NgHelpMode,0xa04410,332,FUNC,LOCAL,1
OV11.OVL,NineGameMain,0xa04560,364,FUNC,LOCAL,1
OV11.OVL,init_ninegame,0xa046d0,344,FUNC,LOCAL,1
OV11.OVL,fontlist.52,0xa0a848,280,OBJECT,LOCAL,1
OV11.OVL,waku.53,0xa0a960,56,OBJECT,LOCAL,1
OV11.OVL,PoMoneyPrint,0xa04828,476,FUNC,LOCAL,1
OV11.OVL,PoCurTex,0xa0a998,224,OBJECT,LOCAL,1
OV11.OVL,cnt.54,0xa0aa78,4,OBJECT,LOCAL,1
OV11.OVL,rect.55,0xa0dc98,0,NOTYPE,LOCAL,1
OV11.OVL,PoCurDraw,0xa04a08,192,FUNC,LOCAL,1
OV11.OVL,Ltex.56,0xa0aa80,28,OBJECT,LOCAL,1
OV11.OVL,Rtex.57,0xa0aaa0,28,OBJECT,LOCAL,1
OV11.OVL,tex.58,0xa0aac0,28,OBJECT,LOCAL,1
OV11.OVL,PoWindowMessage,0xa04ac8,280,FUNC,LOCAL,1
OV11.OVL,tex.59,0xa0aae0,28,OBJECT,LOCAL,1
OV11.OVL,rect.60,0xa0ab00,32,OBJECT,LOCAL,1
OV11.OVL,type0_tex.61,0xa0ab20,28,OBJECT,LOCAL,1
OV11.OVL,type0_rect.62,0xa0ab40,16,OBJECT,LOCAL,1
OV11.OVL,type1_tex.63,0xa0ab50,28,OBJECT,LOCAL,1
OV11.OVL,type1_rect.64,0xa0ab70,16,OBJECT,LOCAL,1
OV11.OVL,type0_pos.65,0xa0ab80,8,OBJECT,LOCAL,1
OV11.OVL,type1_pos.66,0xa0ab88,12,OBJECT,LOCAL,1
OV11.OVL,dialog_cur.67,0xa0ab94,4,OBJECT,LOCAL,1
OV11.OVL,PoDialog,0xa04be0,476,FUNC,LOCAL,1
OV11.OVL,tex.68,0xa0ab98,28,OBJECT,LOCAL,1
OV11.OVL,rect.69,0xa0abb8,16,OBJECT,LOCAL,1
OV11.OVL,PoBgDraw,0xa04dc0,92,FUNC,LOCAL,1
OV11.OVL,CardTex,0xa0abc8,420,OBJECT,LOCAL,1
OV11.OVL,CardPos,0xa0ad70,80,OBJECT,LOCAL,1
OV11.OVL,CardBuf.70,0xa0adc0,16,OBJECT,LOCAL,1
OV11.OVL,range.71,0xa0add0,32,OBJECT,LOCAL,1
OV11.OVL,PoCardDraw,0xa04e20,320,FUNC,LOCAL,1
OV11.OVL,tex.72,0xa0adf0,28,OBJECT,LOCAL,1
OV11.OVL,status.73,0xa0ae0c,4,OBJECT,LOCAL,1
OV11.OVL,card.74,0xa0dca8,0,NOTYPE,LOCAL,1
OV11.OVL,wait.75,0xa0dcf8,0,NOTYPE,LOCAL,1
OV11.OVL,PoCardDrawAnime,0xa04f60,540,FUNC,LOCAL,1
OV11.OVL,tex.76,0xa0ae10,28,OBJECT,LOCAL,1
OV11.OVL,status.77,0xa0ae2c,4,OBJECT,LOCAL,1
OV11.OVL,card.78,0xa0dd00,0,NOTYPE,LOCAL,1
OV11.OVL,wait.79,0xa0dd10,0,NOTYPE,LOCAL,1
OV11.OVL,PoBonusCardAnime,0xa05180,468,FUNC,LOCAL,1
OV11.OVL,tex.80,0xa0ae30,28,OBJECT,LOCAL,1
OV11.OVL,rect.81,0xa0ae50,16,OBJECT,LOCAL,1
OV11.OVL,PoRateTableDraw,0xa05358,36,FUNC,LOCAL,1
OV11.OVL,cnt.82,0xa0ae60,4,OBJECT,LOCAL,1
OV11.OVL,add.83,0xa0ae64,4,OBJECT,LOCAL,1
OV11.OVL,rate.84,0xa0ae68,4,OBJECT,LOCAL,1
OV11.OVL,tex.85,0xa0ae70,28,OBJECT,LOCAL,1
OV11.OVL,rect.86,0xa0ae90,16,OBJECT,LOCAL,1
OV11.OVL,MarkerTex.87,0xa0aea0,28,OBJECT,LOCAL,1
OV11.OVL,MarkerPos.88,0xa0aec0,80,OBJECT,LOCAL,1
OV11.OVL,PtrTex.89,0xa0af10,28,OBJECT,LOCAL,1
OV11.OVL,PtrPos.90,0xa0af30,64,OBJECT,LOCAL,1
OV11.OVL,PoBonusBGDraw,0xa05380,424,FUNC,LOCAL,1
OV11.OVL,PoResetCard,0xa05528,108,FUNC,LOCAL,1
OV11.OVL,wait.91,0xa0af70,4,OBJECT,LOCAL,1
OV11.OVL,PoShuffleCard,0xa05598,448,FUNC,LOCAL,1
OV11.OVL,PoSelecterTex,0xa0af78,56,OBJECT,LOCAL,1
OV11.OVL,PoSelecterPos,0xa0afb0,96,OBJECT,LOCAL,1
OV11.OVL,PoSelectMarkDraw,0xa05758,192,FUNC,LOCAL,1
OV11.OVL,cur.92,0xa0b010,4,OBJECT,LOCAL,1
OV11.OVL,mode.93,0xa0b014,4,OBJECT,LOCAL,1
OV11.OVL,selpos.94,0xa0b018,20,OBJECT,LOCAL,1
OV11.OVL,chgpos.95,0xa0b030,4,OBJECT,LOCAL,1
OV11.OVL,PoKey,0xa05818,412,FUNC,LOCAL,1
OV11.OVL,status.96,0xa0b034,4,OBJECT,LOCAL,1
OV11.OVL,PoCardFlip,0xa059b8,192,FUNC,LOCAL,1
OV11.OVL,PoGetMark,0xa05a78,76,FUNC,LOCAL,1
OV11.OVL,PoGetBase,0xa05ac8,72,FUNC,LOCAL,1
OV11.OVL,PoSortCard,0xa05b10,224,FUNC,LOCAL,1
OV11.OVL,PoMultiChk,0xa05bf0,372,FUNC,LOCAL,1
OV11.OVL,PoFlushChk,0xa05d68,120,FUNC,LOCAL,1
OV11.OVL,PoChk1,0xa05de0,64,FUNC,LOCAL,1
OV11.OVL,PoChk2,0xa05e20,64,FUNC,LOCAL,1
OV11.OVL,PoChk3,0xa05e60,64,FUNC,LOCAL,1
OV11.OVL,PoChk4,0xa05ea0,268,FUNC,LOCAL,1
OV11.OVL,PoChk5,0xa05fb0,52,FUNC,LOCAL,1
OV11.OVL,PoChk6,0xa05fe8,64,FUNC,LOCAL,1
OV11.OVL,PoChk7,0xa06028,64,FUNC,LOCAL,1
OV11.OVL,PoChk8,0xa06068,128,FUNC,LOCAL,1
OV11.OVL,PoChk9,0xa060e8,168,FUNC,LOCAL,1
OV11.OVL,PoCardCheck,0xa06190,292,FUNC,LOCAL,1
OV11.OVL,result_rect.97,0xa0b038,144,OBJECT,LOCAL,1
OV11.OVL,tex.98,0xa0b0c8,28,OBJECT,LOCAL,1
OV11.OVL,PoResultLamp,0xa062b8,80,FUNC,LOCAL,1
OV11.OVL,PoSeqChange,0xa06308,12,FUNC,LOCAL,1
OV11.OVL,PokerCoinRate,0xa0b0e8,16,OBJECT,LOCAL,1
OV11.OVL,PokerRate,0xa0b0f8,40,OBJECT,LOCAL,1
OV11.OVL,PokerReadyMes,0xa06318,136,FUNC,LOCAL,1
OV11.OVL,init.99,0xa0b120,4,OBJECT,LOCAL,1
OV11.OVL,PokerMain,0xa063a0,2148,FUNC,LOCAL,1
OV11.OVL,PoInitWork,0xa06c08,32,FUNC,LOCAL,1
OV11.OVL,PokerInit,0xa06c28,184,FUNC,LOCAL,1
OV11.OVL,EntryBG_Tex,0xa0b128,28,OBJECT,LOCAL,1
OV11.OVL,EntryBG_Rect,0xa0b148,16,OBJECT,LOCAL,1
OV11.OVL,SubWindow_Tex,0xa0b158,28,OBJECT,LOCAL,1
OV11.OVL,Level_Tex,0xa0b178,112,OBJECT,LOCAL,1
OV11.OVL,ExChange_Tex,0xa0b1e8,84,OBJECT,LOCAL,1
OV11.OVL,Cursor_Tex,0xa0b240,224,OBJECT,LOCAL,1
OV11.OVL,Cursor_Rect,0xa0b320,64,OBJECT,LOCAL,1
OV11.OVL,sub_window,0xa06df0,96,FUNC,LOCAL,1
OV11.OVL,anm.100,0xa0b360,4,OBJECT,LOCAL,1
OV11.OVL,submenu_select,0xa06e50,432,FUNC,LOCAL,1
OV11.OVL,level_select,0xa07000,92,FUNC,LOCAL,1
OV11.OVL,exchange_select,0xa07060,92,FUNC,LOCAL,1
OV11.OVL,curpos.101,0xa0b364,4,OBJECT,LOCAL,1
OV11.OVL,cur_int.102,0xa0b368,4,OBJECT,LOCAL,1
OV11.OVL,menu_mode.103,0xa0b36c,4,OBJECT,LOCAL,1
OV11.OVL,menu_mode,0xa070c0,848,FUNC,LOCAL,1
OV11.OVL,init_menu_mode,0xa07410,92,FUNC,LOCAL,1
OV11.OVL,BGTEST_Tex,0xa0b370,28,OBJECT,LOCAL,1
OV11.OVL,BGTEST_Rect,0xa0b390,16,OBJECT,LOCAL,1
OV11.OVL,init_test_mode,0xa07470,44,FUNC,LOCAL,1
OV11.OVL,flg.104,0xa0b3a0,4,OBJECT,LOCAL,1
OV11.OVL,test_mode,0xa074a0,136,FUNC,LOCAL,1
OV11.OVL,BG_Tex,0xa0b3a8,28,OBJECT,LOCAL,1
OV11.OVL,BG_Rect,0xa0b3c8,16,OBJECT,LOCAL,1
OV11.OVL,tex.105,0xa0b3d8,308,OBJECT,LOCAL,1
OV11.OVL,DecPrint2,0xa07528,436,FUNC,LOCAL,1
OV11.OVL,Tex.106,0xa0b510,224,OBJECT,LOCAL,1
OV11.OVL,anm.107,0xa0b5f0,4,OBJECT,LOCAL,1
OV11.OVL,UtlCurPrint,0xa076e0,188,FUNC,LOCAL,1
OV11.OVL,cur.108,0xa0b5f4,4,OBJECT,LOCAL,1
OV11.OVL,curpt.109,0xa0b5f8,20,OBJECT,LOCAL,1
OV11.OVL,coin_main,0xa077a0,1176,FUNC,LOCAL,1
OV11.OVL,init_coin,0xa07c38,72,FUNC,LOCAL,1
OV11.OVL,init_shop,0xa07c80,72,FUNC,LOCAL,1
OV11.OVL,init_shpmenu,0xa07cc8,316,FUNC,LOCAL,1
OV11.OVL,MenuNum,0xa0e074,0,NOTYPE,LOCAL,1
OV11.OVL,shpmenu_work,0xa0dfa8,0,NOTYPE,LOCAL,1
OV11.OVL,init.110,0xa0b60c,4,OBJECT,LOCAL,1
OV11.OVL,cur.111,0xa0b610,4,OBJECT,LOCAL,1
OV11.OVL,top.112,0xa0b614,4,OBJECT,LOCAL,1
OV11.OVL,shop_main,0xa07e08,1520,FUNC,LOCAL,1
OV11.OVL,VW_Init,0xa083f8,68,FUNC,LOCAL,1
OV11.OVL,ViewSamTex,0xa0b618,840,OBJECT,LOCAL,1
OV11.OVL,fileinfo,0xa0b960,30,OBJECT,LOCAL,1
OV11.OVL,VW_SamlistInit,0xa08440,84,FUNC,LOCAL,1
OV11.OVL,old.113,0xa0b980,4,OBJECT,LOCAL,1
OV11.OVL,VW_ViewModeInit,0xa08498,440,FUNC,LOCAL,1
OV11.OVL,tex.114,0xa0b988,28,OBJECT,LOCAL,1
OV11.OVL,keytex.115,0xa0b9a8,28,OBJECT,LOCAL,1
OV11.OVL,keyrect.116,0xa0b9c8,16,OBJECT,LOCAL,1
OV11.OVL,VW_ViewMode,0xa08650,780,FUNC,LOCAL,1
OV11.OVL,sam_rect.117,0xa0b9d8,16,OBJECT,LOCAL,1
OV11.OVL,back_tex.118,0xa0b9e8,28,OBJECT,LOCAL,1
OV11.OVL,cur.119,0xa0ba04,4,OBJECT,LOCAL,1
OV11.OVL,ofs.120,0xa0ba08,4,OBJECT,LOCAL,1
OV11.OVL,init.121,0xa0ba0c,4,OBJECT,LOCAL,1
OV11.OVL,cnt.122,0xa0dd14,0,NOTYPE,LOCAL,1
OV11.OVL,VW_SamMode,0xa08960,892,FUNC,LOCAL,1
OV11.OVL,mode.123,0xa0ba10,4,OBJECT,LOCAL,1
OV11.OVL,pic.124,0xa0dd18,0,NOTYPE,LOCAL,1
OV11.OVL,VW_Main,0xa08ce0,224,FUNC,LOCAL,1
OV11.OVL,MUSICLIST.125,0xa0ba18,4,OBJECT,LOCAL,1
OV11.OVL,oldreq.126,0xa0ba1c,4,OBJECT,LOCAL,1
OV11.OVL,MUSIC_CALL,0xa08dc0,380,FUNC,LOCAL,1
OV11.OVL,InitWork,0xa08f40,220,FUNC,LOCAL,1
OV11.OVL,gcc2_compiled.,0xa091f8,0,NOTYPE,LOCAL,1
OV11.OVL,__gnu_compiled_c,0xa091f8,0,NOTYPE,LOCAL,1
OV11.OVL,ViewerText,0xa0ba20,240,OBJECT,LOCAL,1
OV11.OVL,MiniG_Main,0xa09048,432,FUNC,GLOBAL,1
OV11.OVL,MiniG_Init,0xa09020,40,FUNC,GLOBAL,1
OV11.OVL,Cajino_GetInfo,0xa09210,20,FUNC,GLOBAL,1
OV11.OVL,Cajino_GetTitle,0xa091f8,20,FUNC,GLOBAL,1
OV11.OVL,dprintf,0xa00100,104,FUNC,GLOBAL,1
OV11.OVL,TanakaTest,0xa00070,144,FUNC,GLOBAL,1
OV12.OVL,gcc2_compiled.,0xa00000,0,NOTYPE,LOCAL,1
OV12.OVL,__gnu_compiled_c,0xa00000,0,NOTYPE,LOCAL,1
OV12.OVL,gcc2_compiled.,0xa00088,0,NOTYPE,LOCAL,1
OV12.OVL,__gnu_compiled_c,0xa00088,0,NOTYPE,LOCAL,1
OV12.OVL,_IsEndOfMode,0xa00088,96,FUNC,LOCAL,1
OV12.OVL,_DoAnyOnePausing,0xa000e8,156,FUNC,LOCAL,1
OV12.OVL,_IsEndOfPause,0xa00188,68,FUNC,LOCAL,1
OV12.OVL,_EndOfFrame,0xa001d0,68,FUNC,LOCAL,1
OV12.OVL,_GetStageData,0xa00218,608,FUNC,LOCAL,1
OV12.OVL,s_aeBgTbl.0,0xa4f4c8,16,OBJECT,LOCAL,1
OV12.OVL,_GetStageDataBySerial,0xa00478,112,FUNC,LOCAL,1
OV12.OVL,_GetStageHardDataBySerial,0xa004e8,24,FUNC,LOCAL,1
OV12.OVL,s_anEnemyLevel.1,0xa4f4d8,16,OBJECT,LOCAL,1
OV12.OVL,_GetEnemyLevelBySerial,0xa00500,100,FUNC,LOCAL,1
OV12.OVL,s_anEnemyLevel.2,0xa4f4e8,16,OBJECT,LOCAL,1
OV12.OVL,_GetEnemyHardLevelBySerial,0xa00568,100,FUNC,LOCAL,1
OV12.OVL,_GetEnemyChar,0xa005d0,208,FUNC,LOCAL,1
OV12.OVL,_GetHardEnemyChar,0xa006a0,752,FUNC,LOCAL,1
OV12.OVL,_InitDataBase,0xa00990,144,FUNC,LOCAL,1
OV12.OVL,_Title,0xa00a20,188,FUNC,LOCAL,1
OV12.OVL,abInit.3,0xa4f4f8,8,OBJECT,LOCAL,1
OV12.OVL,s_ainData.4,0xa59490,0,NOTYPE,LOCAL,1
OV12.OVL,_SelectOneChar,0xa00ae0,608,FUNC,LOCAL,1
OV12.OVL,_AnnSetRound,0xa00d40,88,FUNC,LOCAL,1
OV12.OVL,_AnnSetResult,0xa00d98,264,FUNC,LOCAL,1
OV12.OVL,_GameInfoInit,0xa00ea0,60,FUNC,LOCAL,1
OV12.OVL,_GameInfoEndOfBattle,0xa00ee0,180,FUNC,LOCAL,1
OV12.OVL,_GameInfoIsPlayerGetGame,0xa00f98,24,FUNC,LOCAL,1
OV12.OVL,_GameInfoGetCurrentPlayTime,0xa00fb0,20,FUNC,LOCAL,1
OV12.OVL,_GameInfoGetCurrentDamage,0xa00fc8,20,FUNC,LOCAL,1
OV12.OVL,_GameInfoNextStage,0xa00fe0,28,FUNC,LOCAL,1
OV12.OVL,_GameInfoGetStage,0xa01000,8,FUNC,LOCAL,1
OV12.OVL,_GameInfoIsEndOfGame,0xa01008,44,FUNC,LOCAL,1
OV12.OVL,_GameInfoSetDispLife,0xa01038,76,FUNC,LOCAL,1
OV12.OVL,_LoadBattleData,0xa01088,64,FUNC,LOCAL,1
OV12.OVL,_DisposeBattleDatas,0xa010c8,72,FUNC,LOCAL,1
OV12.OVL,_DispPause,0xa01110,232,FUNC,LOCAL,1
OV12.OVL,_disp_hardmode,0xa011f8,108,FUNC,LOCAL,1
OV12.OVL,_OneBattle,0xa01268,1428,FUNC,LOCAL,1
OV12.OVL,_OneGame,0xa01800,176,FUNC,LOCAL,1
OV12.OVL,_VsCpuGame,0xa018b0,1012,FUNC,LOCAL,1
OV12.OVL,_2PGame,0xa01ca8,208,FUNC,LOCAL,1
OV12.OVL,_Help,0xa01d78,172,FUNC,LOCAL,1
OV12.OVL,_push,0xa01e28,64,FUNC,LOCAL,1
OV12.OVL,_pop,0xa01e68,60,FUNC,LOCAL,1
OV12.OVL,gcc2_compiled.,0xa01ff8,0,NOTYPE,LOCAL,1
OV12.OVL,__gnu_compiled_c,0xa01ff8,0,NOTYPE,LOCAL,1
OV12.OVL,_nonControlMethod,0xa01ff8,8,FUNC,LOCAL,1
OV12.OVL,_nonDispMethod,0xa02000,8,FUNC,LOCAL,1
OV12.OVL,gcc2_compiled.,0xa024f8,0,NOTYPE,LOCAL,1
OV12.OVL,__gnu_compiled_c,0xa024f8,0,NOTYPE,LOCAL,1
OV12.OVL,gcc2_compiled.,0xa02510,0,NOTYPE,LOCAL,1
OV12.OVL,__gnu_compiled_c,0xa02510,0,NOTYPE,LOCAL,1
OV12.OVL,_InitHomingThread,0xa02510,96,FUNC,LOCAL,1
OV12.OVL,_CreateHomingThread,0xa02570,76,FUNC,LOCAL,1
OV12.OVL,_DisposeHomingThread,0xa025c0,104,FUNC,LOCAL,1
OV12.OVL,_StartHomingThread,0xa02628,132,FUNC,LOCAL,1
OV12.OVL,_StopHomingThread,0xa026b0,88,FUNC,LOCAL,1
OV12.OVL,_GetStatHomingThread,0xa02708,64,FUNC,LOCAL,1
OV12.OVL,_GetSleepTimeHomingThread,0xa02748,88,FUNC,LOCAL,1
OV12.OVL,_PassTimeHomingThread,0xa027a0,196,FUNC,LOCAL,1
OV12.OVL,_CalcMaxSpeed,0xa02868,128,FUNC,LOCAL,1
OV12.OVL,_StopAllShotThread,0xa028e8,76,FUNC,LOCAL,1
OV12.OVL,_BodyOnGround,0xa02938,64,FUNC,LOCAL,1
OV12.OVL,s_aszCommandName,0xa4f520,60,OBJECT,LOCAL,1
OV12.OVL,s_anCmdLevel,0xa4f560,60,OBJECT,LOCAL,1
OV12.OVL,_InitStatus,0xa02978,84,FUNC,LOCAL,1
OV12.OVL,_CreateStatue,0xa029d0,76,FUNC,LOCAL,1
OV12.OVL,_SetStatus,0xa02a20,116,FUNC,LOCAL,1
OV12.OVL,_DisposeStatus,0xa02a98,104,FUNC,LOCAL,1
OV12.OVL,_StatusExecCmd,0xa02b00,124,FUNC,LOCAL,1
OV12.OVL,_StatusPassTime,0xa02b80,140,FUNC,LOCAL,1
OV12.OVL,_StatusDisp,0xa02c10,92,FUNC,LOCAL,1
OV12.OVL,_AllowAllCmdInMoving,0xa02c70,236,FUNC,LOCAL,1
OV12.OVL,_ExecAccelarateCmd,0xa07598,136,FUNC,LOCAL,1
OV12.OVL,_ExecRotateCmd,0xa07620,172,FUNC,LOCAL,1
OV12.OVL,_ExecShotOrAttackCmd,0xa07758,656,FUNC,LOCAL,1
OV12.OVL,_ExecTargettingCmd,0xa079e8,32,FUNC,LOCAL,1
OV12.OVL,_ExecBreakCmd,0xa07a08,84,FUNC,LOCAL,1
OV12.OVL,_ExecDashCmd,0xa07a60,92,FUNC,LOCAL,1
OV12.OVL,_ExecDashContinueCmd,0xa07ac0,56,FUNC,LOCAL,1
OV12.OVL,_ExecDropWeaponCmd,0xa07b78,96,FUNC,LOCAL,1
OV12.OVL,_ExecDamageCmd,0xa07bd8,84,FUNC,LOCAL,1
OV12.OVL,_ExecWeakDamageCmd,0xa07cf8,192,FUNC,LOCAL,1
OV12.OVL,_ExecHitByBody,0xa07c30,196,FUNC,LOCAL,1
OV12.OVL,_AllowDamageCmd,0xa02d60,132,FUNC,LOCAL,1
OV12.OVL,_AllowDamageCmdNotVRDashHit,0xa02de8,92,FUNC,LOCAL,1
OV12.OVL,_AllowDamageCmdNotPetrify,0xa02e48,76,FUNC,LOCAL,1
OV12.OVL,_MovingPassTime,0xa02e98,416,FUNC,LOCAL,1
OV12.OVL,_BodyPlayMotionLoop,0xa05f48,132,FUNC,LOCAL,1
OV12.OVL,_BodyPlayMotion,0xa05ec8,124,FUNC,LOCAL,1
OV12.OVL,_InitMovingStatus,0xa03038,76,FUNC,LOCAL,1
OV12.OVL,_ExecCmdInAttack,0xa03088,288,FUNC,LOCAL,1
OV12.OVL,_InitAttackStatus,0xa033a8,420,FUNC,LOCAL,1
OV12.OVL,_IsBackWeaponReady,0xa076d0,136,FUNC,LOCAL,1
OV12.OVL,_AttackPassTime,0xa031a8,324,FUNC,LOCAL,1
OV12.OVL,_BodyAdvanceForAttack,0xa05fd0,124,FUNC,LOCAL,1
OV12.OVL,_AttackExit,0xa032f0,180,FUNC,LOCAL,1
OV12.OVL,_ExecCmdInHissatu,0xa03550,20,FUNC,LOCAL,1
OV12.OVL,_HissatuPassTime,0xa03568,1876,FUNC,LOCAL,1
OV12.OVL,_HissatuExit,0xa03cc0,164,FUNC,LOCAL,1
OV12.OVL,_InitStatusHissatu,0xa03d68,184,FUNC,LOCAL,1
OV12.OVL,_ExecCmdInShield,0xa03e20,264,FUNC,LOCAL,1
OV12.OVL,_ShieldPassTime,0xa03f28,544,FUNC,LOCAL,1
OV12.OVL,_ShieldExit,0xa04148,84,FUNC,LOCAL,1
OV12.OVL,_InitShieldStatus,0xa041a0,320,FUNC,LOCAL,1
OV12.OVL,_ExecCmdInTargetting,0xa042e0,288,FUNC,LOCAL,1
OV12.OVL,_TargettingPassTime,0xa04400,260,FUNC,LOCAL,1
OV12.OVL,_ExitTargettingStatus,0xa04508,52,FUNC,LOCAL,1
OV12.OVL,_InitTargettingStatus,0xa04540,552,FUNC,LOCAL,1
OV12.OVL,_ExecCmdInBreaking,0xa04768,184,FUNC,LOCAL,1
OV12.OVL,_BreakingPassTime,0xa04820,64,FUNC,LOCAL,1
OV12.OVL,_BreakingExit,0xa04860,28,FUNC,LOCAL,1
OV12.OVL,_InitBreakingStatus,0xa04880,128,FUNC,LOCAL,1
OV12.OVL,_DashExecCmd,0xa04900,180,FUNC,LOCAL,1
OV12.OVL,_InitDashVRStatus,0xa05680,484,FUNC,LOCAL,1
OV12.OVL,_DashPassTime,0xa049b8,580,FUNC,LOCAL,1
OV12.OVL,_DashExit,0xa04c00,120,FUNC,LOCAL,1
OV12.OVL,_InitDashStatus,0xa04c78,540,FUNC,LOCAL,1
OV12.OVL,_DashVRMainToFollow,0xa04e98,56,FUNC,LOCAL,1
OV12.OVL,_DashVRExecCmd,0xa04ed0,992,FUNC,LOCAL,1
OV12.OVL,_DashVRPassTime,0xa052b0,892,FUNC,LOCAL,1
OV12.OVL,_DashVRExit,0xa05630,80,FUNC,LOCAL,1
OV12.OVL,_DamageExecCmd,0xa05868,120,FUNC,LOCAL,1
OV12.OVL,_DamagePassTime,0xa058e0,60,FUNC,LOCAL,1
OV12.OVL,_InitDamageStatus,0xa05920,300,FUNC,LOCAL,1
OV12.OVL,_ExecCmdInDrop,0xa05a50,156,FUNC,LOCAL,1
OV12.OVL,_GetDropMotion,0xa07af8,124,FUNC,LOCAL,1
OV12.OVL,_InitDropStatus,0xa05bb0,256,FUNC,LOCAL,1
OV12.OVL,_DropPassTime,0xa05af0,188,FUNC,LOCAL,1
OV12.OVL,_BodyEquipWeapon,0xa06618,992,FUNC,LOCAL,1
OV12.OVL,_EntryCmdQueue,0xa05cb0,212,FUNC,LOCAL,1
OV12.OVL,_InitCmdQueue,0xa05d88,68,FUNC,LOCAL,1
OV12.OVL,_ClearCmdQueue,0xa05dd0,64,FUNC,LOCAL,1
OV12.OVL,_CreateCmdQueue,0xa05e10,76,FUNC,LOCAL,1
OV12.OVL,_DisposeCmdQueue,0xa05e60,104,FUNC,LOCAL,1
OV12.OVL,_BodyGetTargetPos,0xa06050,112,FUNC,LOCAL,1
OV12.OVL,_BodySetSpec,0xa060c0,164,FUNC,LOCAL,1
OV12.OVL,_BodySetGeom,0xa06168,224,FUNC,LOCAL,1
OV12.OVL,_BodySetEyeGeom,0xa06248,104,FUNC,LOCAL,1
OV12.OVL,_BodySetAdvanceGeom,0xa062b0,136,FUNC,LOCAL,1
OV12.OVL,_BodySetSound,0xa06338,172,FUNC,LOCAL,1
OV12.OVL,_BodySetActor,0xa063e8,164,FUNC,LOCAL,1
OV12.OVL,_BodySetTarget,0xa06490,76,FUNC,LOCAL,1
OV12.OVL,_BodyDropWeapon,0xa064e0,312,FUNC,LOCAL,1
OV12.OVL,_BodySetSpareWeapon,0xa069f8,172,FUNC,LOCAL,1
OV12.OVL,_BodySetAutoHomingEnv,0xa06aa8,76,FUNC,LOCAL,1
OV12.OVL,_BodyExecCmd,0xa06af8,152,FUNC,LOCAL,1
OV12.OVL,_BodyGeomPassTime,0xa06b90,232,FUNC,LOCAL,1
OV12.OVL,_EyeGeomPassTime,0xa06c78,184,FUNC,LOCAL,1
OV12.OVL,_AdvanceGeomPassTime,0xa06d30,160,FUNC,LOCAL,1
OV12.OVL,_BodyAutoHomingPassTime,0xa06dd0,276,FUNC,LOCAL,1
OV12.OVL,_BodyPassTime,0xa06ee8,548,FUNC,LOCAL,1
OV12.OVL,_BodyDisp,0xa07110,188,FUNC,LOCAL,1
OV12.OVL,s_inDefSpec.0,0xa59920,0,NOTYPE,LOCAL,1
OV12.OVL,_InitBody,0xa071d0,408,FUNC,LOCAL,1
OV12.OVL,_DestructBody,0xa07368,308,FUNC,LOCAL,1
OV12.OVL,_CreateBody,0xa074a0,76,FUNC,LOCAL,1
OV12.OVL,_DisposeBody,0xa074f0,164,FUNC,LOCAL,1
OV12.OVL,_DullFlagsPassTime,0xa07db8,332,FUNC,LOCAL,1
OV12.OVL,_PassTimeRobot,0xa07f08,216,FUNC,LOCAL,1
OV12.OVL,_DispRobot,0xa07fe0,68,FUNC,LOCAL,1
OV12.OVL,_DestructRobot,0xa08028,136,FUNC,LOCAL,1
OV12.OVL,_InitRobot,0xa080b0,244,FUNC,LOCAL,1
OV12.OVL,gcc2_compiled.,0xa09480,0,NOTYPE,LOCAL,1
OV12.OVL,__gnu_compiled_c,0xa09480,0,NOTYPE,LOCAL,1
OV12.OVL,_jobControlInput,0xa09480,828,FUNC,LOCAL,1
OV12.OVL,_DestructControlInput,0xa09810,104,FUNC,LOCAL,1
OV12.OVL,_InitControlInput,0xa098d0,224,FUNC,LOCAL,1
OV12.OVL,gcc2_compiled.,0xa09ba0,0,NOTYPE,LOCAL,1
OV12.OVL,__gnu_compiled_c,0xa09ba0,0,NOTYPE,LOCAL,1
OV12.OVL,_GetPadEdge,0xa09ba0,8,FUNC,LOCAL,1
OV12.OVL,_GetPadRelease,0xa09ba8,8,FUNC,LOCAL,1
OV12.OVL,csr.0,0xa4f59c,4,OBJECT,LOCAL,1
OV12.OVL,i.1,0xa599d8,0,NOTYPE,LOCAL,1
OV12.OVL,_dbgThinkTool,0xa09bb0,1184,FUNC,LOCAL,1
OV12.OVL,_GetWeaponTypeFlag,0xa0a050,212,FUNC,LOCAL,1
OV12.OVL,_CheckShootWeapon,0xa0a128,156,FUNC,LOCAL,1
OV12.OVL,_JobEnemy,0xa0a1c8,10280,FUNC,LOCAL,1
OV12.OVL,_DestructEnemy,0xa0c9f0,60,FUNC,LOCAL,1
OV12.OVL,_InitEnemy,0xa0ca30,224,FUNC,LOCAL,1
OV12.OVL,gcc2_compiled.,0xa0cbc8,0,NOTYPE,LOCAL,1
OV12.OVL,__gnu_compiled_c,0xa0cbc8,0,NOTYPE,LOCAL,1
OV12.OVL,s_aeAdvMotID.0,0xa4f5a0,32,OBJECT,LOCAL,1
OV12.OVL,s_aeDashMotID.1,0xa4f5c0,32,OBJECT,LOCAL,1
OV12.OVL,gcc2_compiled.,0xa0d178,0,NOTYPE,LOCAL,1
OV12.OVL,__gnu_compiled_c,0xa0d178,0,NOTYPE,LOCAL,1
OV12.OVL,s_nAnaAutoHomingID,0xa4f5e0,4,OBJECT,LOCAL,1
OV12.OVL,_ResetAnaAutoHoming,0xa0d2d8,16,FUNC,LOCAL,1
OV12.OVL,_AnaAutoHoming,0xa0d2e8,440,FUNC,LOCAL,1
OV12.OVL,gcc2_compiled.,0xa0db58,0,NOTYPE,LOCAL,1
OV12.OVL,__gnu_compiled_c,0xa0db58,0,NOTYPE,LOCAL,1
OV12.OVL,_WrapperDestruct,0xa0db58,20,FUNC,LOCAL,1
OV12.OVL,inSpec.0,0xa599e0,0,NOTYPE,LOCAL,1
OV12.OVL,gcc2_compiled.,0xa0df70,0,NOTYPE,LOCAL,1
OV12.OVL,__gnu_compiled_c,0xa0df70,0,NOTYPE,LOCAL,1
OV12.OVL,_InitJetDefault,0xa0df70,196,FUNC,LOCAL,1
OV12.OVL,_InitDashDefault,0xa0e038,208,FUNC,LOCAL,1
OV12.OVL,_InitEffect,0xa0e108,40,FUNC,LOCAL,1
OV12.OVL,_ClearEffect,0xa0e130,132,FUNC,LOCAL,1
OV12.OVL,_SetShootLocalGenEffect,0xa0e1b8,100,FUNC,LOCAL,1
OV12.OVL,_AddEffect,0xa0e220,128,FUNC,LOCAL,1
OV12.OVL,_StopEffect,0xa0e2a0,120,FUNC,LOCAL,1
OV12.OVL,_SetStopTimeEffect,0xa0e318,8,FUNC,LOCAL,1
OV12.OVL,_PassTimeEffect,0xa0e320,348,FUNC,LOCAL,1
OV12.OVL,_DispEffect,0xa0e480,124,FUNC,LOCAL,1
OV12.OVL,_SetInertiaEffect,0xa0e500,8,FUNC,LOCAL,1
OV12.OVL,_InitRobEff,0xa0e508,116,FUNC,LOCAL,1
OV12.OVL,_DestructRobEff,0xa0e580,72,FUNC,LOCAL,1
OV12.OVL,_GetGeomVel,0xa0e5c8,52,FUNC,LOCAL,1
OV12.OVL,_GetJetShootLocal,0xa0e600,132,FUNC,LOCAL,1
OV12.OVL,_GetDashShootLocal,0xa0e688,116,FUNC,LOCAL,1
OV12.OVL,gcc2_compiled.,0xa0ece8,0,NOTYPE,LOCAL,1
OV12.OVL,__gnu_compiled_c,0xa0ece8,0,NOTYPE,LOCAL,1
OV12.OVL,_SetShotThread,0xa0ece8,264,FUNC,LOCAL,1
OV12.OVL,_InitShotThread,0xa0edf0,92,FUNC,LOCAL,1
OV12.OVL,gcc2_compiled.,0xa0f340,0,NOTYPE,LOCAL,1
OV12.OVL,__gnu_compiled_c,0xa0f340,0,NOTYPE,LOCAL,1
OV12.OVL,_InitRgDebugFlags,0xa0f340,88,FUNC,LOCAL,1
OV12.OVL,_DestructRgDebugFlags,0xa0f398,60,FUNC,LOCAL,1
OV12.OVL,_WrapperDestruct,0xa0f3d8,64,FUNC,LOCAL,1
OV12.OVL,gcc2_compiled.,0xa0f490,0,NOTYPE,LOCAL,1
OV12.OVL,__gnu_compiled_c,0xa0f490,0,NOTYPE,LOCAL,1
OV12.OVL,_InitRgMotionShotInfo,0xa0f490,96,FUNC,LOCAL,1
OV12.OVL,_AddActionRgMotion,0xa0f4f0,164,FUNC,LOCAL,1
OV12.OVL,_TableInit,0xa0f598,8,FUNC,LOCAL,1
OV12.OVL,_TableSort,0xa0f5a0,120,FUNC,LOCAL,1
OV12.OVL,_TableEntry,0xa0f708,108,FUNC,LOCAL,1
OV12.OVL,_TableFree,0xa0f778,172,FUNC,LOCAL,1
OV12.OVL,_InitDB,0xa0f828,124,FUNC,LOCAL,1
OV12.OVL,_DestructDB,0xa0f8a8,64,FUNC,LOCAL,1
OV12.OVL,_WrapperDestruct,0xa0f8e8,64,FUNC,LOCAL,1
OV12.OVL,gcc2_compiled.,0xa10318,0,NOTYPE,LOCAL,1
OV12.OVL,__gnu_compiled_c,0xa10318,0,NOTYPE,LOCAL,1
OV12.OVL,_IsSpecWep,0xa10318,168,FUNC,LOCAL,1
OV12.OVL,_IsUnarmed,0xa103c0,48,FUNC,LOCAL,1
OV12.OVL,gcc2_compiled.,0xa10618,0,NOTYPE,LOCAL,1
OV12.OVL,__gnu_compiled_c,0xa10618,0,NOTYPE,LOCAL,1
OV12.OVL,_PlayerSetFromEssence,0xa106a8,380,FUNC,LOCAL,1
OV12.OVL,_InitRgPlayer,0xa10828,368,FUNC,LOCAL,1
OV12.OVL,gcc2_compiled.,0xa10f20,0,NOTYPE,LOCAL,1
OV12.OVL,__gnu_compiled_c,0xa10f20,0,NOTYPE,LOCAL,1
OV12.OVL,_SetBit,0xa10f20,52,FUNC,LOCAL,1
OV12.OVL,_CheckBit,0xa10f58,20,FUNC,LOCAL,1
OV12.OVL,_NonJobMethod,0xa10f70,8,FUNC,LOCAL,1
OV12.OVL,_InitAbstructCamera,0xa10f78,176,FUNC,LOCAL,1
OV12.OVL,_SetView,0xa11028,348,FUNC,LOCAL,1
OV12.OVL,s_aszVer3TimerName,0xa4f5e8,40,OBJECT,LOCAL,1
OV12.OVL,_GetVer3TimerID,0xa11188,112,FUNC,LOCAL,1
OV12.OVL,_IsActionRoll,0xa111f8,28,FUNC,LOCAL,1
OV12.OVL,_IsActionAdvance,0xa11218,28,FUNC,LOCAL,1
OV12.OVL,_IsActionAttack,0xa11238,28,FUNC,LOCAL,1
OV12.OVL,_IsActionSeeTarget,0xa11258,28,FUNC,LOCAL,1
OV12.OVL,_IsActionLockAndAttack,0xa11278,84,FUNC,LOCAL,1
OV12.OVL,_IsActionLockOn,0xa112d0,28,FUNC,LOCAL,1
OV12.OVL,_IsActionDash,0xa112f0,28,FUNC,LOCAL,1
OV12.OVL,_IsActionTargetInScrn,0xa11310,80,FUNC,LOCAL,1
OV12.OVL,_IsActionTrue,0xa11360,8,FUNC,LOCAL,1
OV12.OVL,_IsActionFalse,0xa11368,8,FUNC,LOCAL,1
OV12.OVL,_InitVer3Timer,0xa11370,16,FUNC,LOCAL,1
OV12.OVL,_PreJobVer3Timer,0xa11380,68,FUNC,LOCAL,1
OV12.OVL,_PastVer3Timer,0xa113c8,44,FUNC,LOCAL,1
OV12.OVL,_IsVer3TimerActive,0xa113f8,40,FUNC,LOCAL,1
OV12.OVL,_SettingVersion3,0xa11420,8,FUNC,LOCAL,1
OV12.OVL,s_apConditionTbl.0,0xa4f610,40,OBJECT,LOCAL,1
OV12.OVL,_SetVersion3Extent,0xa11428,264,FUNC,LOCAL,1
OV12.OVL,_LoadVersion3,0xa11530,1204,FUNC,LOCAL,1
OV12.OVL,_PassTimeVersion3,0xa119e8,2024,FUNC,LOCAL,1
OV12.OVL,_InitVersion3,0xa121d0,112,FUNC,LOCAL,1
OV12.OVL,gcc2_compiled.,0xa129c8,0,NOTYPE,LOCAL,1
OV12.OVL,__gnu_compiled_c,0xa129c8,0,NOTYPE,LOCAL,1
OV12.OVL,s_fBgObjBlight,0xa4f638,4,OBJECT,LOCAL,1
OV12.OVL,_InitRgBgObj,0xa129c8,232,FUNC,LOCAL,1
OV12.OVL,_Draw,0xa12cb8,212,FUNC,LOCAL,1
OV12.OVL,_PassTime,0xa12b90,296,FUNC,LOCAL,1
OV12.OVL,_Destruct,0xa12b28,100,FUNC,LOCAL,1
OV12.OVL,gcc2_compiled.,0xa13200,0,NOTYPE,LOCAL,1
OV12.OVL,__gnu_compiled_c,0xa13200,0,NOTYPE,LOCAL,1
OV12.OVL,gcc2_compiled.,0xa13260,0,NOTYPE,LOCAL,1
OV12.OVL,__gnu_compiled_c,0xa13260,0,NOTYPE,LOCAL,1
OV12.OVL,_Error,0xa13260,236,FUNC,LOCAL,1
OV12.OVL,_Link,0xa13350,12,FUNC,LOCAL,1
OV12.OVL,_InsertPre,0xa13360,72,FUNC,LOCAL,1
OV12.OVL,_InsertNext,0xa133a8,72,FUNC,LOCAL,1
OV12.OVL,_Unlink,0xa133f0,28,FUNC,LOCAL,1
OV12.OVL,_MarkAlloc,0xa13410,12,FUNC,LOCAL,1
OV12.OVL,_UnmarkAlloc,0xa13420,8,FUNC,LOCAL,1
OV12.OVL,_IsAllocated,0xa13428,12,FUNC,LOCAL,1
OV12.OVL,s_szMagicString,0xa4f63c,4,OBJECT,LOCAL,1
OV12.OVL,_SetMagicString,0xa13438,56,FUNC,LOCAL,1
OV12.OVL,_IsCollectMagicString,0xa13470,72,FUNC,LOCAL,1
OV12.OVL,_SetHeapHead,0xa134b8,112,FUNC,LOCAL,1
OV12.OVL,_MergeBlocks,0xa13528,104,FUNC,LOCAL,1
OV12.OVL,s_bInit1.0,0xa4f640,4,OBJECT,LOCAL,1
OV12.OVL,s_inHeap.1,0xa59aa0,0,NOTYPE,LOCAL,1
OV12.OVL,s_aTmp.2,0xa59ab0,0,NOTYPE,LOCAL,1
OV12.OVL,s_bInit2.3,0xa4f644,4,OBJECT,LOCAL,1
OV12.OVL,s_inHeap.4,0xa5a2b0,0,NOTYPE,LOCAL,1
OV12.OVL,s_aTmp.5,0xa5a2c0,0,NOTYPE,LOCAL,1
OV12.OVL,gcc2_compiled.,0xa140a0,0,NOTYPE,LOCAL,1
OV12.OVL,__gnu_compiled_c,0xa140a0,0,NOTYPE,LOCAL,1
OV12.OVL,_Clear,0xa140a0,108,FUNC,LOCAL,1
OV12.OVL,_Destruct,0xa14110,188,FUNC,LOCAL,1
OV12.OVL,_Entry,0xa141d0,260,FUNC,LOCAL,1
OV12.OVL,_Get,0xa142d8,120,FUNC,LOCAL,1
OV12.OVL,s_inIDmgr,0xa5aac0,0,NOTYPE,LOCAL,1
OV12.OVL,gcc2_compiled.,0xa143e0,0,NOTYPE,LOCAL,1
OV12.OVL,__gnu_compiled_c,0xa143e0,0,NOTYPE,LOCAL,1
OV12.OVL,_FindPtr,0xa143e0,64,FUNC,LOCAL,1
OV12.OVL,_EntryPtr,0xa14420,172,FUNC,LOCAL,1
OV12.OVL,_DeletePtr,0xa144d0,152,FUNC,LOCAL,1
OV12.OVL,_RgCharMgrCallControl,0xa14808,160,FUNC,LOCAL,1
OV12.OVL,_RgCharMgrCallDisp,0xa148a8,160,FUNC,LOCAL,1
OV12.OVL,_RgCharMgrCallPassTime,0xa14948,176,FUNC,LOCAL,1
OV12.OVL,_DestructCharMgr,0xa14a40,188,FUNC,LOCAL,1
OV12.OVL,_DisposeCharMgr,0xa14b00,64,FUNC,LOCAL,1
OV12.OVL,gcc2_compiled.,0xa14d38,0,NOTYPE,LOCAL,1
OV12.OVL,__gnu_compiled_c,0xa14d38,0,NOTYPE,LOCAL,1
OV12.OVL,_InitDB,0xa14d38,272,FUNC,LOCAL,1
OV12.OVL,_ClearDB,0xa14e48,160,FUNC,LOCAL,1
OV12.OVL,_DisposeDB,0xa14ee8,300,FUNC,LOCAL,1
OV12.OVL,_GetDataID,0xa15018,188,FUNC,LOCAL,1
OV12.OVL,_GetDataSize,0xa150d8,64,FUNC,LOCAL,1
OV12.OVL,_EntryDB,0xa15118,328,FUNC,LOCAL,1
OV12.OVL,_GetDataDB,0xa15260,136,FUNC,LOCAL,1
OV12.OVL,_GetDataDBName,0xa152e8,136,FUNC,LOCAL,1
OV12.OVL,gcc2_compiled.,0xa15600,0,NOTYPE,LOCAL,1
OV12.OVL,__gnu_compiled_c,0xa15600,0,NOTYPE,LOCAL,1
OV12.OVL,_CommonGetGeom,0xa15600,100,FUNC,LOCAL,1
OV12.OVL,_GetShotPos2,0xa15668,104,FUNC,LOCAL,1
OV12.OVL,_GetShotPosDir,0xa156d0,144,FUNC,LOCAL,1
OV12.OVL,_ShotCommonControl,0xa15760,8,FUNC,LOCAL,1
OV12.OVL,_ShotCommonPassTimeGeom,0xa15768,44,FUNC,LOCAL,1
OV12.OVL,_ShotCommonPassTimeLife,0xa15798,160,FUNC,LOCAL,1
OV12.OVL,_ShotCommonPassTimeEffect,0xa15838,152,FUNC,LOCAL,1
OV12.OVL,_ShotCommonPassTime,0xa158d0,68,FUNC,LOCAL,1
OV12.OVL,_ShotCommonDisp,0xa15918,24,FUNC,LOCAL,1
OV12.OVL,_ShotCommonDestruct,0xa15930,88,FUNC,LOCAL,1
OV12.OVL,_ShotCommonHit,0xa15988,48,FUNC,LOCAL,1
OV12.OVL,_ShotCommonIsReleased,0xa159b8,8,FUNC,LOCAL,1
OV12.OVL,_InitShotCommonSub,0xa159c0,336,FUNC,LOCAL,1
OV12.OVL,_ShotCommonHitRobot,0xa17a30,432,FUNC,LOCAL,1
OV12.OVL,_ShotCommonHitBg,0xa17be0,172,FUNC,LOCAL,1
OV12.OVL,_InitShotCommon,0xa15b10,308,FUNC,LOCAL,1
OV12.OVL,_InitRgShotEssence,0xa15c48,96,FUNC,LOCAL,1
OV12.OVL,_CreateRgNormalShot,0xa15ca8,124,FUNC,LOCAL,1
OV12.OVL,_HomingPassTime,0xa15d88,468,FUNC,LOCAL,1
OV12.OVL,_InitHoming,0xa15f60,128,FUNC,LOCAL,1
OV12.OVL,_CreateHoming,0xa15fe0,180,FUNC,LOCAL,1
OV12.OVL,_GrenadeEntryHistory,0xa16138,216,FUNC,LOCAL,1
OV12.OVL,_GrenadeBomPassTime,0xa16210,820,FUNC,LOCAL,1
OV12.OVL,_GrenadeShotZeroLife,0xa16548,20,FUNC,LOCAL,1
OV12.OVL,_GrenadeSetBom,0xa16788,328,FUNC,LOCAL,1
OV12.OVL,_GrenadeHomingHit,0xa16560,20,FUNC,LOCAL,1
OV12.OVL,_GrenadeBomHit,0xa16578,8,FUNC,LOCAL,1
OV12.OVL,_GrenadeHitRobot,0xa16580,416,FUNC,LOCAL,1
OV12.OVL,_GrenadeHitBg,0xa16720,104,FUNC,LOCAL,1
OV12.OVL,_GrenadeHomingPassTime,0xa168d0,248,FUNC,LOCAL,1
OV12.OVL,_InitGrenade,0xa169c8,200,FUNC,LOCAL,1
OV12.OVL,_CreateGrenade,0xa16a90,180,FUNC,LOCAL,1
OV12.OVL,_FireKill,0xa16b98,112,FUNC,LOCAL,1
OV12.OVL,_FirePassTime,0xa16c08,520,FUNC,LOCAL,1
OV12.OVL,_FireIsReleased,0xa16e10,72,FUNC,LOCAL,1
OV12.OVL,_FireRelease,0xa16e58,96,FUNC,LOCAL,1
OV12.OVL,_FireHit,0xa16eb8,8,FUNC,LOCAL,1
OV12.OVL,_FireHitRobot,0xa16ec0,72,FUNC,LOCAL,1
OV12.OVL,_InitFire,0xa16f08,280,FUNC,LOCAL,1
OV12.OVL,_CreateFire,0xa17020,152,FUNC,LOCAL,1
OV12.OVL,_BeamPassTime,0xa17138,444,FUNC,LOCAL,1
OV12.OVL,_BeamIsReleased,0xa172f8,92,FUNC,LOCAL,1
OV12.OVL,_BeamHit,0xa17358,72,FUNC,LOCAL,1
OV12.OVL,_BeamRelease,0xa173a0,16,FUNC,LOCAL,1
OV12.OVL,_InitBeam,0xa173b0,224,FUNC,LOCAL,1
OV12.OVL,_CreateBeam,0xa17490,152,FUNC,LOCAL,1
OV12.OVL,gcc2_compiled.,0xa17c90,0,NOTYPE,LOCAL,1
OV12.OVL,__gnu_compiled_c,0xa17c90,0,NOTYPE,LOCAL,1
OV12.OVL,_InitEffect,0xa17c90,184,FUNC,LOCAL,1
OV12.OVL,_DestructEffect,0xa17d48,76,FUNC,LOCAL,1
OV12.OVL,gcc2_compiled.,0xa18668,0,NOTYPE,LOCAL,1
OV12.OVL,__gnu_compiled_c,0xa18668,0,NOTYPE,LOCAL,1
OV12.OVL,_EntryTemporariesShotDB,0xa18668,8,FUNC,LOCAL,1
OV12.OVL,_WrapperDestruct,0xa18670,20,FUNC,LOCAL,1
OV12.OVL,_ReadCommon,0xa18730,724,FUNC,LOCAL,1
OV12.OVL,_ReadNormal,0xa18a08,220,FUNC,LOCAL,1
OV12.OVL,_ReadHomingMain,0xa18ae8,356,FUNC,LOCAL,1
OV12.OVL,_ReadHoming,0xa18c50,188,FUNC,LOCAL,1
OV12.OVL,_ReadGrenade,0xa18d10,388,FUNC,LOCAL,1
OV12.OVL,_ReadBeam,0xa18e98,284,FUNC,LOCAL,1
OV12.OVL,_ReadFire,0xa18fb8,384,FUNC,LOCAL,1
OV12.OVL,gcc2_compiled.,0xa19388,0,NOTYPE,LOCAL,1
OV12.OVL,__gnu_compiled_c,0xa19388,0,NOTYPE,LOCAL,1
OV12.OVL,_InitAttach,0xa19388,64,FUNC,LOCAL,1
OV12.OVL,_ReleaseAttach,0xa193c8,124,FUNC,LOCAL,1
OV12.OVL,_GetNumAttach,0xa19448,64,FUNC,LOCAL,1
OV12.OVL,_GetAllAttach,0xa19488,120,FUNC,LOCAL,1
OV12.OVL,_AddShotAttach,0xa19500,148,FUNC,LOCAL,1
OV12.OVL,_CheckAttach,0xa19598,232,FUNC,LOCAL,1
OV12.OVL,gcc2_compiled.,0xa1c7d8,0,NOTYPE,LOCAL,1
OV12.OVL,__gnu_compiled_c,0xa1c7d8,0,NOTYPE,LOCAL,1
OV12.OVL,_EntryTemporaries,0xa1c7d8,8,FUNC,LOCAL,1
OV12.OVL,_copy_str_n,0xa1c7e0,56,FUNC,LOCAL,1
OV12.OVL,_WrapperDestruct,0xa1c818,20,FUNC,LOCAL,1
OV12.OVL,_ReadEquipType,0xa1c9f0,144,FUNC,LOCAL,1
OV12.OVL,_IsOnChar,0xa1ca80,92,FUNC,LOCAL,1
OV12.OVL,_ReadEquipBitMask,0xa1cae0,500,FUNC,LOCAL,1
OV12.OVL,_SetAllCharMotion,0xa1ccd8,44,FUNC,LOCAL,1
OV12.OVL,s_aeJntTbl.0,0xa4f648,32,OBJECT,LOCAL,1
OV12.OVL,_ReadCommon,0xa1cd08,4392,FUNC,LOCAL,1
OV12.OVL,_ReadShotType,0xa1de30,236,FUNC,LOCAL,1
OV12.OVL,_ReadAttackType,0xa1df20,300,FUNC,LOCAL,1
OV12.OVL,_ReadUnArmedType,0xa1e050,300,FUNC,LOCAL,1
OV12.OVL,_ReadShieldType,0xa1e180,192,FUNC,LOCAL,1
OV12.OVL,_ReadEnergyType,0xa1e240,396,FUNC,LOCAL,1
OV12.OVL,gcc2_compiled.,0xa1e618,0,NOTYPE,LOCAL,1
OV12.OVL,__gnu_compiled_c,0xa1e618,0,NOTYPE,LOCAL,1
OV12.OVL,_PassTime,0xa1e618,216,FUNC,LOCAL,1
OV12.OVL,_Disp,0xa1e6f0,92,FUNC,LOCAL,1
OV12.OVL,_Destruct,0xa1e750,84,FUNC,LOCAL,1
OV12.OVL,_InitDrop,0xa1e7a8,140,FUNC,LOCAL,1
OV12.OVL,gcc2_compiled.,0xa1e880,0,NOTYPE,LOCAL,1
OV12.OVL,__gnu_compiled_c,0xa1e880,0,NOTYPE,LOCAL,1
OV12.OVL,_CreateMatEffector,0xa1e880,256,FUNC,LOCAL,1
OV12.OVL,_InitCont,0xa1e980,276,FUNC,LOCAL,1
OV12.OVL,_DestructCont,0xa1ea98,148,FUNC,LOCAL,1
OV12.OVL,gcc2_compiled.,0xa1eea0,0,NOTYPE,LOCAL,1
OV12.OVL,__gnu_compiled_c,0xa1eea0,0,NOTYPE,LOCAL,1
OV12.OVL,s_aePosToType,0xa4f668,32,OBJECT,LOCAL,1
OV12.OVL,s_aePosToJntID,0xa4f688,32,OBJECT,LOCAL,1
OV12.OVL,_GetMountData,0xa1f4e8,140,FUNC,LOCAL,1
OV12.OVL,gcc2_compiled.,0xa1f7e0,0,NOTYPE,LOCAL,1
OV12.OVL,__gnu_compiled_c,0xa1f7e0,0,NOTYPE,LOCAL,1
OV12.OVL,gcc2_compiled.,0xa1fa30,0,NOTYPE,LOCAL,1
OV12.OVL,__gnu_compiled_c,0xa1fa30,0,NOTYPE,LOCAL,1
OV12.OVL,gcc2_compiled.,0xa1fbd8,0,NOTYPE,LOCAL,1
OV12.OVL,__gnu_compiled_c,0xa1fbd8,0,NOTYPE,LOCAL,1
OV12.OVL,_InitEnv,0xa1fbd8,72,FUNC,LOCAL,1
OV12.OVL,_DestructEnv,0xa1fc20,136,FUNC,LOCAL,1
OV12.OVL,_WrapperDestruct,0xa1fca8,64,FUNC,LOCAL,1
OV12.OVL,gcc2_compiled.,0xa20040,0,NOTYPE,LOCAL,1
OV12.OVL,__gnu_compiled_c,0xa20040,0,NOTYPE,LOCAL,1
OV12.OVL,s_aBulletFontTbl.0,0xa4f6a8,182,OBJECT,LOCAL,1
OV12.OVL,_CreateBulletFont,0xa20040,44,FUNC,LOCAL,1
OV12.OVL,s_aFontTbl.1,0xa4f760,196,OBJECT,LOCAL,1
OV12.OVL,_CreateTimeFont,0xa20070,44,FUNC,LOCAL,1
OV12.OVL,s_aFontTbl.2,0xa4f828,546,OBJECT,LOCAL,1
OV12.OVL,_CreateDispWpnFont,0xa200a0,44,FUNC,LOCAL,1
OV12.OVL,s_aBulletFontTbl.3,0xa4fa50,154,OBJECT,LOCAL,1
OV12.OVL,_CreateAnnounceNumFont,0xa200d0,44,FUNC,LOCAL,1
OV12.OVL,_InitEnv,0xa20100,92,FUNC,LOCAL,1
OV12.OVL,_DestructEnv,0xa20160,268,FUNC,LOCAL,1
OV12.OVL,_WrapperDestruct,0xa20270,64,FUNC,LOCAL,1
OV12.OVL,gcc2_compiled.,0xa20718,0,NOTYPE,LOCAL,1
OV12.OVL,__gnu_compiled_c,0xa20718,0,NOTYPE,LOCAL,1
OV12.OVL,_InitShoot,0xa20718,136,FUNC,LOCAL,1
OV12.OVL,_ShootParticles,0xa207a0,1188,FUNC,LOCAL,1
OV12.OVL,_ReInitShoot,0xa20c48,40,FUNC,LOCAL,1
OV12.OVL,_InitEffect,0xa20c70,544,FUNC,LOCAL,1
OV12.OVL,_DestructEffect,0xa20e90,84,FUNC,LOCAL,1
OV12.OVL,_decr_timer,0xa21728,64,FUNC,LOCAL,1
OV12.OVL,_DestructPtclChar,0xa21a48,84,FUNC,LOCAL,1
OV12.OVL,_PassTimePtclChar,0xa21aa0,164,FUNC,LOCAL,1
OV12.OVL,_DispPtclChar,0xa21b48,84,FUNC,LOCAL,1
OV12.OVL,_InitPtclChar,0xa21ba0,124,FUNC,LOCAL,1
OV12.OVL,gcc2_compiled.,0xa21c58,0,NOTYPE,LOCAL,1
OV12.OVL,__gnu_compiled_c,0xa21c58,0,NOTYPE,LOCAL,1
OV12.OVL,_InitReader,0xa21c58,160,FUNC,LOCAL,1
OV12.OVL,_DisposeReader,0xa21cf8,96,FUNC,LOCAL,1
OV12.OVL,_IsCurOnEOF,0xa21d58,24,FUNC,LOCAL,1
OV12.OVL,_IsWhiteSpace,0xa21d70,64,FUNC,LOCAL,1
OV12.OVL,_SkipWhiteSpace,0xa21db0,240,FUNC,LOCAL,1
OV12.OVL,_SetCurrent,0xa21ea0,104,FUNC,LOCAL,1
OV12.OVL,_IsEOF,0xa21f08,44,FUNC,LOCAL,1
OV12.OVL,_GetString,0xa21f38,272,FUNC,LOCAL,1
OV12.OVL,_GetFloat,0xa22048,104,FUNC,LOCAL,1
OV12.OVL,_GetInt,0xa220b0,92,FUNC,LOCAL,1
OV12.OVL,_GetBool,0xa22110,136,FUNC,LOCAL,1
OV12.OVL,gcc2_compiled.,0xa22668,0,NOTYPE,LOCAL,1
OV12.OVL,__gnu_compiled_c,0xa22668,0,NOTYPE,LOCAL,1
OV12.OVL,gcc2_compiled.,0xa22a78,0,NOTYPE,LOCAL,1
OV12.OVL,__gnu_compiled_c,0xa22a78,0,NOTYPE,LOCAL,1
OV12.OVL,gcc2_compiled.,0xa239d0,0,NOTYPE,LOCAL,1
OV12.OVL,__gnu_compiled_c,0xa239d0,0,NOTYPE,LOCAL,1
OV12.OVL,_InitGauge,0xa239d0,116,FUNC,LOCAL,1
OV12.OVL,_DestructGauge,0xa23a48,64,FUNC,LOCAL,1
OV12.OVL,gcc2_compiled.,0xa23e48,0,NOTYPE,LOCAL,1
OV12.OVL,__gnu_compiled_c,0xa23e48,0,NOTYPE,LOCAL,1
OV12.OVL,_CheckDatas,0xa23e48,148,FUNC,LOCAL,1
OV12.OVL,_InitDisp,0xa23ee0,160,FUNC,LOCAL,1
OV12.OVL,_DestructDisp,0xa23f80,60,FUNC,LOCAL,1
OV12.OVL,_disp_bar,0xa24398,252,FUNC,LOCAL,1
OV12.OVL,_disp_bar_rest,0xa24498,132,FUNC,LOCAL,1
OV12.OVL,gcc2_compiled.,0xa245d8,0,NOTYPE,LOCAL,1
OV12.OVL,__gnu_compiled_c,0xa245d8,0,NOTYPE,LOCAL,1
OV12.OVL,_InitWepDisp,0xa245d8,116,FUNC,LOCAL,1
OV12.OVL,_DestructWepDisp,0xa24650,24,FUNC,LOCAL,1
OV12.OVL,_SetWepDisp,0xa24668,720,FUNC,LOCAL,1
OV12.OVL,_UpdateWepDisp,0xa24938,124,FUNC,LOCAL,1
OV12.OVL,_PassTimeWepDisp,0xa249b8,108,FUNC,LOCAL,1
OV12.OVL,s_anTextPos.0,0xa4faf0,24,OBJECT,LOCAL,1
OV12.OVL,s_abOrder.1,0xa4fb08,12,OBJECT,LOCAL,1
OV12.OVL,_DispWepDisp,0xa24a28,404,FUNC,LOCAL,1
OV12.OVL,_InitDisp,0xa24bc0,420,FUNC,LOCAL,1
OV12.OVL,_DestructDisp,0xa24d68,140,FUNC,LOCAL,1
OV12.OVL,gcc2_compiled.,0xa251a8,0,NOTYPE,LOCAL,1
OV12.OVL,__gnu_compiled_c,0xa251a8,0,NOTYPE,LOCAL,1
OV12.OVL,_InitWep,0xa251a8,72,FUNC,LOCAL,1
OV12.OVL,_DestructWep,0xa251f0,60,FUNC,LOCAL,1
OV12.OVL,_SetWep,0xa25230,116,FUNC,LOCAL,1
OV12.OVL,_UpdateWep,0xa252a8,164,FUNC,LOCAL,1
OV12.OVL,anYPos.0,0xa4fb18,12,OBJECT,LOCAL,1
OV12.OVL,_DispWep,0xa25350,336,FUNC,LOCAL,1
OV12.OVL,_InitRobInfo,0xa254a0,184,FUNC,LOCAL,1
OV12.OVL,_DestructRobInfo,0xa25558,140,FUNC,LOCAL,1
OV12.OVL,_SetRobInfo,0xa255e8,468,FUNC,LOCAL,1
OV12.OVL,_PassTimeRobInfo,0xa257c0,128,FUNC,LOCAL,1
OV12.OVL,_DispRobInfo,0xa25840,492,FUNC,LOCAL,1
OV12.OVL,_InitDisp,0xa25a30,152,FUNC,LOCAL,1
OV12.OVL,_DestructDisp,0xa25ac8,72,FUNC,LOCAL,1
OV12.OVL,gcc2_compiled.,0xa25d30,0,NOTYPE,LOCAL,1
OV12.OVL,__gnu_compiled_c,0xa25d30,0,NOTYPE,LOCAL,1
OV12.OVL,s_aCharIDToUVWH.0,0xa4fb30,192,OBJECT,LOCAL,1
OV12.OVL,_GetAgwsNameUVWH,0xa25d30,80,FUNC,LOCAL,1
OV12.OVL,_DispAgwsName,0xa25d80,216,FUNC,LOCAL,1
OV12.OVL,_InitDisp,0xa25e58,820,FUNC,LOCAL,1
OV12.OVL,_DestructDisp,0xa26190,144,FUNC,LOCAL,1
OV12.OVL,s_anPos.1,0xa4fbf0,16,OBJECT,LOCAL,1
OV12.OVL,gcc2_compiled.,0xa26a00,0,NOTYPE,LOCAL,1
OV12.OVL,__gnu_compiled_c,0xa26a00,0,NOTYPE,LOCAL,1
OV12.OVL,s_aWepPicTbl.0,0xa4fc00,1152,OBJECT,LOCAL,1
OV12.OVL,gcc2_compiled.,0xa26c78,0,NOTYPE,LOCAL,1
OV12.OVL,__gnu_compiled_c,0xa26c78,0,NOTYPE,LOCAL,1
OV12.OVL,_openVifGif,0xa26c78,116,FUNC,LOCAL,1
OV12.OVL,_openVifGifAD,0xa26cf0,104,FUNC,LOCAL,1
OV12.OVL,_closeVifGif,0xa26d58,40,FUNC,LOCAL,1
OV12.OVL,_SetGlobalLight,0xa26d80,100,FUNC,LOCAL,1
OV12.OVL,_DefaultFog,0xa26de8,56,FUNC,LOCAL,1
OV12.OVL,_CopyFog,0xa26e20,60,FUNC,LOCAL,1
OV12.OVL,_InitRgDrawView,0xa26e60,160,FUNC,LOCAL,1
OV12.OVL,_DestructRgDrawView,0xa26f00,60,FUNC,LOCAL,1
OV12.OVL,_CreateRgDrawView,0xa26f40,128,FUNC,LOCAL,1
OV12.OVL,_DisposeRgDrawView,0xa26fc0,112,FUNC,LOCAL,1
OV12.OVL,_InitRgDrawStudio,0xa27030,124,FUNC,LOCAL,1
OV12.OVL,_DestructRgDrawStudio,0xa270b0,84,FUNC,LOCAL,1
OV12.OVL,_CreateRgDrawStudio,0xa27108,104,FUNC,LOCAL,1
OV12.OVL,_DisposeRgDrawStudio,0xa27170,112,FUNC,LOCAL,1
OV12.OVL,_GetViewRgDrawStudio,0xa271e0,100,FUNC,LOCAL,1
OV12.OVL,_InitStudioList,0xa27248,104,FUNC,LOCAL,1
OV12.OVL,_ClearStudioList,0xa272b0,128,FUNC,LOCAL,1
OV12.OVL,s_aView.0,0xa50080,16,OBJECT,LOCAL,1
OV12.OVL,_FullScreenStudio,0xa27330,200,FUNC,LOCAL,1
OV12.OVL,_GetSplitRect,0xa273f8,160,FUNC,LOCAL,1
OV12.OVL,_SetScreenSplitMode,0xa27498,236,FUNC,LOCAL,1
OV12.OVL,_DoubleScreenStudio,0xa27588,184,FUNC,LOCAL,1
OV12.OVL,_InitDraw,0xa27640,120,FUNC,LOCAL,1
OV12.OVL,_DestructDraw,0xa276b8,72,FUNC,LOCAL,1
OV12.OVL,_WrapperDestruct,0xa27700,64,FUNC,LOCAL,1
OV12.OVL,_FadeShadow,0xa28128,392,FUNC,LOCAL,1
OV12.OVL,_DrawReqTerminate,0xa282b0,108,FUNC,LOCAL,1
OV12.OVL,_DrawMain,0xa28320,416,FUNC,LOCAL,1
OV12.OVL,gcc2_compiled.,0xa285e0,0,NOTYPE,LOCAL,1
OV12.OVL,__gnu_compiled_c,0xa285e0,0,NOTYPE,LOCAL,1
OV12.OVL,_DisposeGlobalLight,0xa286e0,56,FUNC,LOCAL,1
OV12.OVL,gcc2_compiled.,0xa28858,0,NOTYPE,LOCAL,1
OV12.OVL,__gnu_compiled_c,0xa28858,0,NOTYPE,LOCAL,1
OV12.OVL,_CreateBattleCamera,0xa28858,168,FUNC,LOCAL,1
OV12.OVL,_GetDeadList,0xa28900,168,FUNC,LOCAL,1
OV12.OVL,_GetBigLifePlayer,0xa289a8,176,FUNC,LOCAL,1
OV12.OVL,_GetNumOfPlayerList,0xa28a58,64,FUNC,LOCAL,1
OV12.OVL,_GetInPlayerList,0xa28a98,128,FUNC,LOCAL,1
OV12.OVL,_AddPlayerList,0xa28b18,224,FUNC,LOCAL,1
OV12.OVL,_ClearPlayerList,0xa28bf8,128,FUNC,LOCAL,1
OV12.OVL,_ControlPlayerList,0xa28c78,120,FUNC,LOCAL,1
OV12.OVL,_PassTimePlayerList,0xa28cf0,132,FUNC,LOCAL,1
OV12.OVL,_DispPlayerList,0xa28d78,120,FUNC,LOCAL,1
OV12.OVL,_InitPlayerList,0xa28df0,72,FUNC,LOCAL,1
OV12.OVL,_DestructPlayerList,0xa28e38,20,FUNC,LOCAL,1
OV12.OVL,_CreatePlayerList,0xa28e50,76,FUNC,LOCAL,1
OV12.OVL,_DisposePlayerList,0xa28ea0,112,FUNC,LOCAL,1
OV12.OVL,_GetStudioBattleField,0xa28f10,124,FUNC,LOCAL,1
OV12.OVL,_GetCameraBattleField,0xa28f90,124,FUNC,LOCAL,1
OV12.OVL,_ClearBattleField,0xa29010,208,FUNC,LOCAL,1
OV12.OVL,_InitBattleField,0xa290e0,132,FUNC,LOCAL,1
OV12.OVL,_DestructBattleField,0xa29168,72,FUNC,LOCAL,1
OV12.OVL,_CreateBattleField,0xa291b0,76,FUNC,LOCAL,1
OV12.OVL,_DisposeBattleField,0xa29200,112,FUNC,LOCAL,1
OV12.OVL,_FullScreenBattleField,0xa29270,220,FUNC,LOCAL,1
OV12.OVL,_DoubleScreenBattleField,0xa29350,328,FUNC,LOCAL,1
OV12.OVL,_GetGeomGroupBattleField,0xa29498,64,FUNC,LOCAL,1
OV12.OVL,_PassTimeBattleField,0xa294d8,460,FUNC,LOCAL,1
OV12.OVL,_InitDispInfo,0xa296a8,164,FUNC,LOCAL,1
OV12.OVL,_DestructDispInfo,0xa29750,108,FUNC,LOCAL,1
OV12.OVL,_CreateDispInfo,0xa297c0,76,FUNC,LOCAL,1
OV12.OVL,_DisposeDispInfo,0xa29810,112,FUNC,LOCAL,1
OV12.OVL,_SetDispInfo,0xa29880,108,FUNC,LOCAL,1
OV12.OVL,_DrawDispInfoOnePlayer,0xa298f0,240,FUNC,LOCAL,1
OV12.OVL,_DrawDispInfo,0xa299e0,308,FUNC,LOCAL,1
OV12.OVL,_InitBattleMgr,0xa29b18,220,FUNC,LOCAL,1
OV12.OVL,_DisposeBattleMgr,0xa29bf8,180,FUNC,LOCAL,1
OV12.OVL,_BattleMgrPlayerControl,0xa29cb0,76,FUNC,LOCAL,1
OV12.OVL,_BattleMgrActivateTime,0xa29d00,76,FUNC,LOCAL,1
OV12.OVL,_InitBattle,0xa29d50,1696,FUNC,LOCAL,1
OV12.OVL,_ControlBattle,0xa2a3f0,108,FUNC,LOCAL,1
OV12.OVL,_DispBattle,0xa2a460,228,FUNC,LOCAL,1
OV12.OVL,_PassTimeBattle,0xa2a548,400,FUNC,LOCAL,1
OV12.OVL,gcc2_compiled.,0xa2ab70,0,NOTYPE,LOCAL,1
OV12.OVL,__gnu_compiled_c,0xa2ab70,0,NOTYPE,LOCAL,1
OV12.OVL,gcc2_compiled.,0xa2af20,0,NOTYPE,LOCAL,1
OV12.OVL,__gnu_compiled_c,0xa2af20,0,NOTYPE,LOCAL,1
OV12.OVL,_CreateBg,0xa2b390,232,FUNC,LOCAL,1
OV12.OVL,gcc2_compiled.,0xa2b5e8,0,NOTYPE,LOCAL,1
OV12.OVL,__gnu_compiled_c,0xa2b5e8,0,NOTYPE,LOCAL,1
OV12.OVL,_VecAssert,0xa2b5e8,104,FUNC,LOCAL,1
OV12.OVL,_InitRgVector,0xa2b650,200,FUNC,LOCAL,1
OV12.OVL,gcc2_compiled.,0xa2be48,0,NOTYPE,LOCAL,1
OV12.OVL,__gnu_compiled_c,0xa2be48,0,NOTYPE,LOCAL,1
OV12.OVL,gcc2_compiled.,0xa2c288,0,NOTYPE,LOCAL,1
OV12.OVL,__gnu_compiled_c,0xa2c288,0,NOTYPE,LOCAL,1
OV12.OVL,gcc2_compiled.,0xa2ca28,0,NOTYPE,LOCAL,1
OV12.OVL,__gnu_compiled_c,0xa2ca28,0,NOTYPE,LOCAL,1
OV12.OVL,gcc2_compiled.,0xa2d290,0,NOTYPE,LOCAL,1
OV12.OVL,__gnu_compiled_c,0xa2d290,0,NOTYPE,LOCAL,1
OV12.OVL,_InitRgGeomRobot,0xa2d290,152,FUNC,LOCAL,1
OV12.OVL,gcc2_compiled.,0xa2d900,0,NOTYPE,LOCAL,1
OV12.OVL,__gnu_compiled_c,0xa2d900,0,NOTYPE,LOCAL,1
OV12.OVL,_InitRgGeomPoly,0xa2d900,96,FUNC,LOCAL,1
OV12.OVL,gcc2_compiled.,0xa2dd58,0,NOTYPE,LOCAL,1
OV12.OVL,__gnu_compiled_c,0xa2dd58,0,NOTYPE,LOCAL,1
OV12.OVL,_InitRgGeomTray,0xa2dd58,108,FUNC,LOCAL,1
OV12.OVL,_CalcIntersect,0xa2df18,1436,FUNC,LOCAL,1
OV12.OVL,gcc2_compiled.,0xa2e698,0,NOTYPE,LOCAL,1
OV12.OVL,__gnu_compiled_c,0xa2e698,0,NOTYPE,LOCAL,1
OV12.OVL,aFrom.0,0xa5ab80,0,NOTYPE,LOCAL,1
OV12.OVL,aTo.1,0xa5ab90,0,NOTYPE,LOCAL,1
OV12.OVL,aLeftC.2,0xa5aba0,0,NOTYPE,LOCAL,1
OV12.OVL,aRightC.3,0xa5abb0,0,NOTYPE,LOCAL,1
OV12.OVL,CheckBallBoxCollision,0xa2eb18,1368,FUNC,LOCAL,1
OV12.OVL,swapf,0xa2e890,20,FUNC,LOCAL,1
OV12.OVL,CheckIntersect,0xa2e8a8,260,FUNC,LOCAL,1
OV12.OVL,GetIntersectionPointLineX,0xa2e9b0,68,FUNC,LOCAL,1
OV12.OVL,GetIntersectionPointLineZ,0xa2e9f8,68,FUNC,LOCAL,1
OV12.OVL,CheckSlope,0xa2ea40,108,FUNC,LOCAL,1
OV12.OVL,CheckInBox,0xa2eab0,100,FUNC,LOCAL,1
OV12.OVL,_CheckPillarBall,0xa2f1a0,1196,FUNC,LOCAL,1
OV12.OVL,gcc2_compiled.,0xa2f650,0,NOTYPE,LOCAL,1
OV12.OVL,__gnu_compiled_c,0xa2f650,0,NOTYPE,LOCAL,1
OV12.OVL,_BallVsBall,0xa2f650,588,FUNC,LOCAL,1
OV12.OVL,_BallVsPoly,0xa2f8a0,428,FUNC,LOCAL,1
OV12.OVL,_PolyVsBall,0xa2fa50,64,FUNC,LOCAL,1
OV12.OVL,_RobotVsPoly,0xa2fa90,436,FUNC,LOCAL,1
OV12.OVL,_PolyVsRobot,0xa2fc48,64,FUNC,LOCAL,1
OV12.OVL,_BallVsTray,0xa2fc88,308,FUNC,LOCAL,1
OV12.OVL,_TrayVsBall,0xa2fdc0,64,FUNC,LOCAL,1
OV12.OVL,_BallVsPillar,0xa2fe00,168,FUNC,LOCAL,1
OV12.OVL,_PillarVsBall,0xa2fea8,64,FUNC,LOCAL,1
OV12.OVL,_RobVsTray,0xa2fee8,484,FUNC,LOCAL,1
OV12.OVL,_TrayVsRob,0xa300d0,20,FUNC,LOCAL,1
OV12.OVL,_RobVsPillar,0xa300e8,312,FUNC,LOCAL,1
OV12.OVL,_PillarVsRob,0xa30220,64,FUNC,LOCAL,1
OV12.OVL,s_apJobFuncTbl,0xa50090,144,OBJECT,LOCAL,1
OV12.OVL,gcc2_compiled.,0xa303a8,0,NOTYPE,LOCAL,1
OV12.OVL,__gnu_compiled_c,0xa303a8,0,NOTYPE,LOCAL,1
OV12.OVL,_InitGroup,0xa303a8,100,FUNC,LOCAL,1
OV12.OVL,_DisposeGroup,0xa30410,184,FUNC,LOCAL,1
OV12.OVL,RgGeomGroupAddElm,0xa305a8,156,FUNC,LOCAL,1
OV12.OVL,RgGeomGroupRemoveElm,0xa30648,112,FUNC,LOCAL,1
OV12.OVL,_DestructPointMadeByGroup,0xa306b8,68,FUNC,LOCAL,1
OV12.OVL,_DestructBallMadeByGroup,0xa30700,68,FUNC,LOCAL,1
OV12.OVL,_DestructRobotMadeByGroup,0xa30748,68,FUNC,LOCAL,1
OV12.OVL,_DestructPolyMadeByGroup,0xa30790,68,FUNC,LOCAL,1
OV12.OVL,_DestructTrayMadeByGroup,0xa307d8,68,FUNC,LOCAL,1
OV12.OVL,_DestructPillarMadeByGroup,0xa30820,68,FUNC,LOCAL,1
OV12.OVL,_CreatePointWithGroup,0xa30868,164,FUNC,LOCAL,1
OV12.OVL,_CreateBallWithGroup,0xa30910,168,FUNC,LOCAL,1
OV12.OVL,_CreateRobotWithGroup,0xa309b8,156,FUNC,LOCAL,1
OV12.OVL,_CreatePolyWithGroup,0xa30a58,156,FUNC,LOCAL,1
OV12.OVL,_CreateTrayWithGroup,0xa30af8,156,FUNC,LOCAL,1
OV12.OVL,_CreatePillarWithGroup,0xa30b98,156,FUNC,LOCAL,1
OV12.OVL,gcc2_compiled.,0xa31150,0,NOTYPE,LOCAL,1
OV12.OVL,__gnu_compiled_c,0xa31150,0,NOTYPE,LOCAL,1
OV12.OVL,_CreateColiArg,0xa31150,204,FUNC,LOCAL,1
OV12.OVL,_DisposeColiArg,0xa31220,104,FUNC,LOCAL,1
OV12.OVL,_InitGameCollision,0xa31288,100,FUNC,LOCAL,1
OV12.OVL,_DisposeGameCollision,0xa312f0,180,FUNC,LOCAL,1
OV12.OVL,_AddCheck,0xa313a8,116,FUNC,LOCAL,1
OV12.OVL,_ClearCheck,0xa31420,168,FUNC,LOCAL,1
OV12.OVL,_JobCheck,0xa314c8,156,FUNC,LOCAL,1
OV12.OVL,gcc2_compiled.,0xa31768,0,NOTYPE,LOCAL,1
OV12.OVL,__gnu_compiled_c,0xa31768,0,NOTYPE,LOCAL,1
OV12.OVL,gcc2_compiled.,0xa31970,0,NOTYPE,LOCAL,1
OV12.OVL,__gnu_compiled_c,0xa31970,0,NOTYPE,LOCAL,1
OV12.OVL,_InitTriColi,0xa31970,528,FUNC,LOCAL,1
OV12.OVL,_AllocDataMemory,0xa31b80,184,FUNC,LOCAL,1
OV12.OVL,_CheckIntersectBall,0xa31c38,420,FUNC,LOCAL,1
OV12.OVL,_InitColiData,0xa31de0,72,FUNC,LOCAL,1
OV12.OVL,_DisposeColiData,0xa31e28,108,FUNC,LOCAL,1
OV12.OVL,_InitTriangles,0xa31e98,116,FUNC,LOCAL,1
OV12.OVL,_AddTriangle,0xa31f10,200,FUNC,LOCAL,1
OV12.OVL,gcc2_compiled.,0xa32688,0,NOTYPE,LOCAL,1
OV12.OVL,__gnu_compiled_c,0xa32688,0,NOTYPE,LOCAL,1
OV12.OVL,_get_uint,0xa326f8,44,FUNC,LOCAL,1
OV12.OVL,gcc2_compiled.,0xa32c48,0,NOTYPE,LOCAL,1
OV12.OVL,__gnu_compiled_c,0xa32c48,0,NOTYPE,LOCAL,1
OV12.OVL,_CreateColi,0xa32c48,284,FUNC,LOCAL,1
OV12.OVL,_EntryColi,0xa32d68,332,FUNC,LOCAL,1
OV12.OVL,_ReadBgData,0xa32fd8,680,FUNC,LOCAL,1
OV12.OVL,_NewBgObj,0xa33280,228,FUNC,LOCAL,1
OV12.OVL,_GetTailParameter,0xa33368,112,FUNC,LOCAL,1
OV12.OVL,_SetBgObjAttr,0xa333d8,112,FUNC,LOCAL,1
OV12.OVL,gcc2_compiled.,0xa33bf8,0,NOTYPE,LOCAL,1
OV12.OVL,__gnu_compiled_c,0xa33bf8,0,NOTYPE,LOCAL,1
OV12.OVL,_AllocFile,0xa33bf8,60,FUNC,LOCAL,1
OV12.OVL,_FindFile,0xa33c38,240,FUNC,LOCAL,1
OV12.OVL,_FindFileObj,0xa33d28,168,FUNC,LOCAL,1
OV12.OVL,_FindInPrepare,0xa33dd0,376,FUNC,LOCAL,1
OV12.OVL,_InitFileSys,0xa33f48,104,FUNC,LOCAL,1
OV12.OVL,_WrapperDestruct,0xa33fb0,92,FUNC,LOCAL,1
OV12.OVL,gcc2_compiled.,0xa34c68,0,NOTYPE,LOCAL,1
OV12.OVL,__gnu_compiled_c,0xa34c68,0,NOTYPE,LOCAL,1
OV12.OVL,gcc2_compiled.,0xa368e8,0,NOTYPE,LOCAL,1
OV12.OVL,__gnu_compiled_c,0xa368e8,0,NOTYPE,LOCAL,1
OV12.OVL,gcc2_compiled.,0xa36de8,0,NOTYPE,LOCAL,1
OV12.OVL,__gnu_compiled_c,0xa36de8,0,NOTYPE,LOCAL,1
OV12.OVL,_ManiSet,0xa36de8,48,FUNC,LOCAL,1
OV12.OVL,_ManiGet,0xa36e18,88,FUNC,LOCAL,1
OV12.OVL,_InitEffector,0xa36e70,84,FUNC,LOCAL,1
OV12.OVL,_DestructSingleEffector,0xa36ec8,200,FUNC,LOCAL,1
OV12.OVL,_DestructDoubleEffector,0xa36f90,272,FUNC,LOCAL,1
OV12.OVL,_DestructEffector,0xa370a0,144,FUNC,LOCAL,1
OV12.OVL,s_inDoubleIdentifier,0xa5abc4,0,NOTYPE,LOCAL,1
OV12.OVL,s_inSingleIdentifier,0xa5abc0,0,NOTYPE,LOCAL,1
OV12.OVL,_SingleEffectorJob,0xa37130,276,FUNC,LOCAL,1
OV12.OVL,_DoubleEffectorJob,0xa37248,276,FUNC,LOCAL,1
OV12.OVL,_EffectorSetActivity,0xa37360,96,FUNC,LOCAL,1
OV12.OVL,_EffectorAddUnit,0xa373c0,44,FUNC,LOCAL,1
OV12.OVL,_EffectorAddDoubleUnit,0xa373f0,100,FUNC,LOCAL,1
OV12.OVL,_EffectorJob,0xa37458,80,FUNC,LOCAL,1
OV12.OVL,_InitSingleEffector,0xa374a8,60,FUNC,LOCAL,1
OV12.OVL,_InitDoubleEffector,0xa374e8,60,FUNC,LOCAL,1
OV12.OVL,_ConstraintStartFunc,0xa37528,456,FUNC,LOCAL,1
OV12.OVL,_ConstraintFunc,0xa376f0,72,FUNC,LOCAL,1
OV12.OVL,_ConstraintDestructFunc,0xa37738,172,FUNC,LOCAL,1
OV12.OVL,_InitConstraint,0xa377e8,92,FUNC,LOCAL,1
OV12.OVL,_CreateConstraint,0xa37848,112,FUNC,LOCAL,1
OV12.OVL,_ConstraintSetRoot,0xa378b8,148,FUNC,LOCAL,1
OV12.OVL,_ConstraintSetTop,0xa37950,88,FUNC,LOCAL,1
OV12.OVL,_ConstraintGetPointTo,0xa379a8,32,FUNC,LOCAL,1
OV12.OVL,_ConstraintSetPointTo,0xa379c8,24,FUNC,LOCAL,1
OV12.OVL,_CombineStartFunc,0xa379e0,216,FUNC,LOCAL,1
OV12.OVL,_CombineFunc,0xa37ab8,224,FUNC,LOCAL,1
OV12.OVL,_CombineDestructFunc,0xa37b98,132,FUNC,LOCAL,1
OV12.OVL,_InitCombine,0xa37c20,112,FUNC,LOCAL,1
OV12.OVL,gcc2_compiled.,0xa380d8,0,NOTYPE,LOCAL,1
OV12.OVL,__gnu_compiled_c,0xa380d8,0,NOTYPE,LOCAL,1
OV12.OVL,s_aPlayerCol,0xa50120,32,OBJECT,LOCAL,1
OV12.OVL,_disp_pic,0xa380d8,96,FUNC,LOCAL,1
OV12.OVL,_disp_pic_pl,0xa38138,132,FUNC,LOCAL,1
OV12.OVL,s_aFontTbl.0,0xa50140,574,OBJECT,LOCAL,1
OV12.OVL,_CreateSelectWepFont,0xa381c0,36,FUNC,LOCAL,1
OV12.OVL,s_fSinRad,0xa50380,4,OBJECT,LOCAL,1
OV12.OVL,_SinInit,0xa381e8,12,FUNC,LOCAL,1
OV12.OVL,_SinPassTime,0xa381f8,188,FUNC,LOCAL,1
OV12.OVL,_SinGet,0xa382b8,68,FUNC,LOCAL,1
OV12.OVL,_CheckEquipWeps,0xa38300,84,FUNC,LOCAL,1
OV12.OVL,s_aeCharTbl,0xa50388,24,OBJECT,LOCAL,1
OV12.OVL,_CharCursorToCharID,0xa38358,36,FUNC,LOCAL,1
OV12.OVL,_CharIDToCharCursor,0xa38380,64,FUNC,LOCAL,1
OV12.OVL,_InitSelectChar,0xa383c0,76,FUNC,LOCAL,1
OV12.OVL,_GetSelectChar,0xa38410,64,FUNC,LOCAL,1
OV12.OVL,_GetSelectCursor,0xa38450,64,FUNC,LOCAL,1
OV12.OVL,_SetSelectableSelectChar,0xa38490,256,FUNC,LOCAL,1
OV12.OVL,_SetCharSelectChar,0xa38590,200,FUNC,LOCAL,1
OV12.OVL,_IsExistItemUpper,0xa38658,88,FUNC,LOCAL,1
OV12.OVL,_IsExistItemLower,0xa386b0,92,FUNC,LOCAL,1
OV12.OVL,_GetSelectableSelectChar,0xa38710,148,FUNC,LOCAL,1
OV12.OVL,_PassTimeSelectChar,0xa387a8,216,FUNC,LOCAL,1
OV12.OVL,_InitSelWep,0xa38880,68,FUNC,LOCAL,1
OV12.OVL,_InitCharTypeSelWep,0xa388c8,196,FUNC,LOCAL,1
OV12.OVL,_GetEssSelWep,0xa38990,112,FUNC,LOCAL,1
OV12.OVL,_GetEssListSelWep,0xa38a00,64,FUNC,LOCAL,1
OV12.OVL,_GetEssListSizeSelWep,0xa38a40,64,FUNC,LOCAL,1
OV12.OVL,_GetCursorSelWep,0xa38a80,64,FUNC,LOCAL,1
OV12.OVL,_SetCursorSelWep,0xa38ac0,124,FUNC,LOCAL,1
OV12.OVL,_SetCursorByNameSelWep,0xa38b40,208,FUNC,LOCAL,1
OV12.OVL,_GetNameOnCursorSelWep,0xa38c10,128,FUNC,LOCAL,1
OV12.OVL,_PassTimeSelWep,0xa38c90,200,FUNC,LOCAL,1
OV12.OVL,_EquipCurIDToEquipType,0xa38d58,124,FUNC,LOCAL,1
OV12.OVL,_SetSelTypeCursor,0xa38dd8,92,FUNC,LOCAL,1
OV12.OVL,_ResumeSelTypeOldCursor,0xa38e38,12,FUNC,LOCAL,1
OV12.OVL,_GetCursorSelType,0xa38e48,64,FUNC,LOCAL,1
OV12.OVL,_GetTypeSelType,0xa38e88,64,FUNC,LOCAL,1
OV12.OVL,_GetCurSelType,0xa38ec8,104,FUNC,LOCAL,1
OV12.OVL,_GetSelWepSelType,0xa38f30,92,FUNC,LOCAL,1
OV12.OVL,_GetConfrictSelType,0xa38f90,84,FUNC,LOCAL,1
OV12.OVL,_SetDetermModeSelType,0xa38fe8,68,FUNC,LOCAL,1
OV12.OVL,_SetSpecModeSelType,0xa39030,80,FUNC,LOCAL,1
OV12.OVL,_GetCurrentConfrictSelType,0xa39080,128,FUNC,LOCAL,1
OV12.OVL,_GetCurrentWeaponSelType,0xa39100,136,FUNC,LOCAL,1
OV12.OVL,_GetAllSelType,0xa39188,88,FUNC,LOCAL,1
OV12.OVL,_GetAllNameOnCursorSelType,0xa391e0,160,FUNC,LOCAL,1
OV12.OVL,_CheckConfrictSelType,0xa39280,140,FUNC,LOCAL,1
OV12.OVL,_SetAllCursorByNameSelType,0xa39310,176,FUNC,LOCAL,1
OV12.OVL,_InitSelType,0xa393c0,148,FUNC,LOCAL,1
OV12.OVL,_InitByCharSelType,0xa39458,148,FUNC,LOCAL,1
OV12.OVL,_PassTimeSelType,0xa394f0,268,FUNC,LOCAL,1
OV12.OVL,_DetachWeaponIfConfrictSelType,0xa39600,204,FUNC,LOCAL,1
OV12.OVL,_InitWepListDisp,0xa396d0,232,FUNC,LOCAL,1
OV12.OVL,_CreateWepListDisp,0xa397b8,88,FUNC,LOCAL,1
OV12.OVL,_DestructWepListDisp,0xa39810,84,FUNC,LOCAL,1
OV12.OVL,_DisposeWepListDisp,0xa39868,112,FUNC,LOCAL,1
OV12.OVL,_SetSelectorWepListDisp,0xa398d8,84,FUNC,LOCAL,1
OV12.OVL,s_aRed.1,0xa503a0,32,OBJECT,LOCAL,1
OV12.OVL,s_aWhite.2,0xa503c0,32,OBJECT,LOCAL,1
OV12.OVL,_DrawWepListDisp,0xa39930,1120,FUNC,LOCAL,1
OV12.OVL,_InitSelectData,0xa39d90,132,FUNC,LOCAL,1
OV12.OVL,_DumpSelect__,0xa39e18,232,FUNC,LOCAL,1
OV12.OVL,_SaveCharSelectData,0xa39f00,124,FUNC,LOCAL,1
OV12.OVL,_SaveWepSelectData,0xa39f80,144,FUNC,LOCAL,1
OV12.OVL,_LoadCharSelectData,0xa3a010,124,FUNC,LOCAL,1
OV12.OVL,_LoadWepSelectData,0xa3a090,172,FUNC,LOCAL,1
OV12.OVL,_GetBaseSelectData,0xa3a140,176,FUNC,LOCAL,1
OV12.OVL,_SetBaseSelectData,0xa3a1f0,196,FUNC,LOCAL,1
OV12.OVL,_GetModeSelectData,0xa3a2b8,64,FUNC,LOCAL,1
OV12.OVL,_CreateSelectData,0xa3a2f8,76,FUNC,LOCAL,1
OV12.OVL,_DisposeSelectData,0xa3a348,104,FUNC,LOCAL,1
OV12.OVL,_TransitToWeaponSelect,0xa3a3b0,144,FUNC,LOCAL,1
OV12.OVL,_TransitToCharSelect,0xa3a440,100,FUNC,LOCAL,1
OV12.OVL,_SaveToBaseData,0xa3a4a8,60,FUNC,LOCAL,1
OV12.OVL,_TransitToOffSelect,0xa3a4e8,68,FUNC,LOCAL,1
OV12.OVL,_SetPlayerModeSelectData,0xa3a530,76,FUNC,LOCAL,1
OV12.OVL,_GetPlayerModeSelectData,0xa3a580,64,FUNC,LOCAL,1
OV12.OVL,_PassTimeSelectData,0xa3a5c0,168,FUNC,LOCAL,1
OV12.OVL,_GetSelectCharID,0xa3a668,64,FUNC,LOCAL,1
OV12.OVL,_GetSelectWeps,0xa3a6a8,148,FUNC,LOCAL,1
OV12.OVL,_GetWepSelection,0xa3a740,244,FUNC,LOCAL,1
OV12.OVL,_DrawPlayerMode,0xa3a838,212,FUNC,LOCAL,1
OV12.OVL,s_ainPics.3,0xa503e0,144,OBJECT,LOCAL,1
OV12.OVL,_SetCharSelDisp,0xa3a910,1100,FUNC,LOCAL,1
OV12.OVL,_InitDetermWin,0xa3ad60,704,FUNC,LOCAL,1
OV12.OVL,_DispDetermWindow,0xa3b020,616,FUNC,LOCAL,1
OV12.OVL,_InitFloatArrowHori,0xa3b288,176,FUNC,LOCAL,1
OV12.OVL,_SetFloatArrowPos,0xa3b338,36,FUNC,LOCAL,1
OV12.OVL,_DispFloatArrow,0xa3b360,216,FUNC,LOCAL,1
OV12.OVL,_SetWepSelPicList,0xa3b438,664,FUNC,LOCAL,1
OV12.OVL,_DispWepSelOverlaps,0xa3b6d0,428,FUNC,LOCAL,1
OV12.OVL,_init_camera,0xa3b880,64,FUNC,LOCAL,1
OV12.OVL,_set_camera,0xa3b8c0,128,FUNC,LOCAL,1
OV12.OVL,_Destruct,0xa3b940,168,FUNC,LOCAL,1
OV12.OVL,_PassTime,0xa3b9e8,1156,FUNC,LOCAL,1
OV12.OVL,_Disp,0xa3be70,320,FUNC,LOCAL,1
OV12.OVL,_LoadPicList,0xa3bfb0,224,FUNC,LOCAL,1
OV12.OVL,_InitSelect,0xa3c090,440,FUNC,LOCAL,1
OV12.OVL,gcc2_compiled.,0xa3c6a0,0,NOTYPE,LOCAL,1
OV12.OVL,__gnu_compiled_c,0xa3c6a0,0,NOTYPE,LOCAL,1
OV12.OVL,s_bIgnoreEventFlag,0xa50470,4,OBJECT,LOCAL,1
OV12.OVL,_get_all_weapons,0xa3c7b0,344,FUNC,LOCAL,1
OV12.OVL,gcc2_compiled.,0xa3cd10,0,NOTYPE,LOCAL,1
OV12.OVL,__gnu_compiled_c,0xa3cd10,0,NOTYPE,LOCAL,1
OV12.OVL,s_bLoading,0xa50480,4,OBJECT,LOCAL,1
OV12.OVL,_ReadCallback,0xa3cd10,116,FUNC,LOCAL,1
OV12.OVL,s_pWhoAreYou,0xa5ace0,0,NOTYPE,LOCAL,1
OV12.OVL,s_uOkNum,0xa5abcc,0,NOTYPE,LOCAL,1
OV12.OVL,_KillLoad,0xa3cd88,80,FUNC,LOCAL,1
OV12.OVL,s_uReqNum,0xa5abc8,0,NOTYPE,LOCAL,1
OV12.OVL,_KillLoadIfMe,0xa3cdd8,60,FUNC,LOCAL,1
OV12.OVL,_ReqLoad,0xa3ce18,276,FUNC,LOCAL,1
OV12.OVL,s_aszData,0xa5abd0,0,NOTYPE,LOCAL,1
OV12.OVL,s_apBuf,0xa5acd0,0,NOTYPE,LOCAL,1
OV12.OVL,_IsEndOfLoad,0xa3cf30,60,FUNC,LOCAL,1
OV12.OVL,_JobLoad,0xa3cf70,152,FUNC,LOCAL,1
OV12.OVL,_InitLoad,0xa3d008,52,FUNC,LOCAL,1
OV12.OVL,_InitAct,0xa3d040,428,FUNC,LOCAL,1
OV12.OVL,asDirection.0,0xa50490,64,OBJECT,LOCAL,1
OV12.OVL,s_aPos.1,0xa504d0,32,OBJECT,LOCAL,1
OV12.OVL,_ActorPos,0xa3d320,44,FUNC,LOCAL,1
OV12.OVL,_ActorPosUpdate,0xa3d350,480,FUNC,LOCAL,1
OV12.OVL,_ActivateAct,0xa3d530,768,FUNC,LOCAL,1
OV12.OVL,_DumpHead,0xa3e510,8,FUNC,LOCAL,1
OV12.OVL,_ReqAct,0xa3d830,804,FUNC,LOCAL,1
OV12.OVL,_DestructAct,0xa3db58,304,FUNC,LOCAL,1
OV12.OVL,_JobAct,0xa3dc88,588,FUNC,LOCAL,1
OV12.OVL,_DrawAct,0xa3ded8,452,FUNC,LOCAL,1
OV12.OVL,_InitSelRob,0xa3e0a0,136,FUNC,LOCAL,1
OV12.OVL,_DestructSelRob,0xa3e128,124,FUNC,LOCAL,1
OV12.OVL,gcc2_compiled.,0xa3e518,0,NOTYPE,LOCAL,1
OV12.OVL,__gnu_compiled_c,0xa3e518,0,NOTYPE,LOCAL,1
OV12.OVL,gcc2_compiled.,0xa3ea10,0,NOTYPE,LOCAL,1
OV12.OVL,__gnu_compiled_c,0xa3ea10,0,NOTYPE,LOCAL,1
OV12.OVL,_InitBxx,0xa3ea10,108,FUNC,LOCAL,1
OV12.OVL,_DestructBxx,0xa3ea80,304,FUNC,LOCAL,1
OV12.OVL,_GetPicTop,0xa3ef10,104,FUNC,LOCAL,1
OV12.OVL,_GetHeader,0xa3eea8,104,FUNC,LOCAL,1
OV12.OVL,_FindPicByName,0xa3f038,204,FUNC,LOCAL,1
OV12.OVL,gcc2_compiled.,0xa3f230,0,NOTYPE,LOCAL,1
OV12.OVL,__gnu_compiled_c,0xa3f230,0,NOTYPE,LOCAL,1
OV12.OVL,s_aCol,0xa504f0,16,OBJECT,LOCAL,1
OV12.OVL,_disp_blight,0xa3f230,104,FUNC,LOCAL,1
OV12.OVL,_disp_normal,0xa3f298,180,FUNC,LOCAL,1
OV12.OVL,_disp_linear,0xa3f350,192,FUNC,LOCAL,1
OV12.OVL,_disp_add,0xa3f410,192,FUNC,LOCAL,1
OV12.OVL,_disp_add_blight,0xa3f4d0,296,FUNC,LOCAL,1
OV12.OVL,_InitTitle,0xa3f5f8,700,FUNC,LOCAL,1
OV12.OVL,_DestructTitle,0xa3f8b8,240,FUNC,LOCAL,1
OV12.OVL,s_fRot.0,0xa50500,4,OBJECT,LOCAL,1
OV12.OVL,s_nID.1,0xa50504,4,OBJECT,LOCAL,1
OV12.OVL,gcc2_compiled.,0xa40008,0,NOTYPE,LOCAL,1
OV12.OVL,__gnu_compiled_c,0xa40008,0,NOTYPE,LOCAL,1
OV12.OVL,_draw_add,0xa40008,164,FUNC,LOCAL,1
OV12.OVL,_draw_linear,0xa400b0,164,FUNC,LOCAL,1
OV12.OVL,s_nColor.0,0xa50508,4,OBJECT,LOCAL,1
OV12.OVL,_draw_nontex,0xa40158,212,FUNC,LOCAL,1
OV12.OVL,_BinarySizePicList,0xa41130,8,FUNC,LOCAL,1
OV12.OVL,gcc2_compiled.,0xa420e0,0,NOTYPE,LOCAL,1
OV12.OVL,__gnu_compiled_c,0xa420e0,0,NOTYPE,LOCAL,1
OV12.OVL,s_aColor,0xa50510,16,OBJECT,LOCAL,1
OV12.OVL,_set_global_blight,0xa420e0,76,FUNC,LOCAL,1
OV12.OVL,s_apszFileTbl.0,0xa50520,76,OBJECT,LOCAL,1
OV12.OVL,s_ainPicNameTbl.1,0xa50570,496,OBJECT,LOCAL,1
OV12.OVL,_InitHelp,0xa42130,544,FUNC,LOCAL,1
OV12.OVL,_init_mode_left,0xa426b8,16,FUNC,LOCAL,1
OV12.OVL,_DestructHelp,0xa42350,176,FUNC,LOCAL,1
OV12.OVL,_control_mode_left,0xa426c8,260,FUNC,LOCAL,1
OV12.OVL,_paint_bg_lower,0xa42b90,96,FUNC,LOCAL,1
OV12.OVL,_paint_mode_left,0xa42c18,1812,FUNC,LOCAL,1
OV12.OVL,_paint_bg_higher,0xa42bf0,36,FUNC,LOCAL,1
OV12.OVL,s_anMoveTbl.2,0xa50760,256,OBJECT,LOCAL,1
OV12.OVL,_color,0xa427d0,216,FUNC,LOCAL,1
OV12.OVL,_paint,0xa428a8,156,FUNC,LOCAL,1
OV12.OVL,_paint_b,0xa42948,248,FUNC,LOCAL,1
OV12.OVL,_paint_lin,0xa42a40,36,FUNC,LOCAL,1
OV12.OVL,_paint_lin_uvwh,0xa42a68,216,FUNC,LOCAL,1
OV12.OVL,_paint_add,0xa42b40,36,FUNC,LOCAL,1
OV12.OVL,_paint_sub,0xa42b68,36,FUNC,LOCAL,1
OV12.OVL,_paint_mode_right,0xa43330,392,FUNC,LOCAL,1
OV12.OVL,gcc2_compiled.,0xa434b8,0,NOTYPE,LOCAL,1
OV12.OVL,__gnu_compiled_c,0xa434b8,0,NOTYPE,LOCAL,1
OV12.OVL,_InitAnn,0xa434b8,2600,FUNC,LOCAL,1
OV12.OVL,_DestructAnn,0xa43ee0,92,FUNC,LOCAL,1
OV12.OVL,_time_disp_title,0xa44388,116,FUNC,LOCAL,1
OV12.OVL,_time_disp,0xa44400,444,FUNC,LOCAL,1
OV12.OVL,_damage_disp_title,0xa445c0,116,FUNC,LOCAL,1
OV12.OVL,_damage_disp,0xa44638,224,FUNC,LOCAL,1
OV12.OVL,_paint_flush,0xa44ca0,24,FUNC,LOCAL,1
OV12.OVL,_paint_uvwh,0xa44b80,144,FUNC,LOCAL,1
OV12.OVL,_paint_add,0xa44c40,48,FUNC,LOCAL,1
OV12.OVL,_round1,0xa44718,64,FUNC,LOCAL,1
OV12.OVL,_paint_sub,0xa44c70,48,FUNC,LOCAL,1
OV12.OVL,_round2,0xa44758,64,FUNC,LOCAL,1
OV12.OVL,_round3,0xa44798,64,FUNC,LOCAL,1
OV12.OVL,_ready,0xa447d8,64,FUNC,LOCAL,1
OV12.OVL,_fight,0xa44818,64,FUNC,LOCAL,1
OV12.OVL,_youwin,0xa44858,64,FUNC,LOCAL,1
OV12.OVL,_youlose,0xa44898,64,FUNC,LOCAL,1
OV12.OVL,_draw,0xa448d8,64,FUNC,LOCAL,1
OV12.OVL,_gameover,0xa44918,64,FUNC,LOCAL,1
OV12.OVL,_timeover,0xa44958,64,FUNC,LOCAL,1
OV12.OVL,_stageclear,0xa44998,64,FUNC,LOCAL,1
OV12.OVL,_gameclear,0xa449d8,64,FUNC,LOCAL,1
OV12.OVL,_you_win_you_lose,0xa44a18,104,FUNC,LOCAL,1
OV12.OVL,_you_lose_you_win,0xa44a80,104,FUNC,LOCAL,1
OV12.OVL,_paint,0xa44ae8,148,FUNC,LOCAL,1
OV12.OVL,_paint_lin,0xa44c10,48,FUNC,LOCAL,1
OV12.OVL,s_apFuncs.0,0xa50860,56,OBJECT,LOCAL,1
OV12.OVL,gcc2_compiled.,0xa44f08,0,NOTYPE,LOCAL,1
OV12.OVL,__gnu_compiled_c,0xa44f08,0,NOTYPE,LOCAL,1
OV12.OVL,gcc2_compiled.,0xa45120,0,NOTYPE,LOCAL,1
OV12.OVL,__gnu_compiled_c,0xa45120,0,NOTYPE,LOCAL,1
OV12.OVL,aAmbVec,0xa508a0,64,OBJECT,LOCAL,1
OV12.OVL,aAmbCol,0xa508e0,64,OBJECT,LOCAL,1
OV12.OVL,_Disp,0xa45120,376,FUNC,LOCAL,1
OV12.OVL,_DispRgDispModelImpl,0xa45298,64,FUNC,LOCAL,1
OV12.OVL,_DestructRgDispModelImpl,0xa452d8,60,FUNC,LOCAL,1
OV12.OVL,_InitRgDispModelImpl,0xa45318,180,FUNC,LOCAL,1
OV12.OVL,gcc2_compiled.,0xa454f8,0,NOTYPE,LOCAL,1
OV12.OVL,__gnu_compiled_c,0xa454f8,0,NOTYPE,LOCAL,1
OV12.OVL,s_aJntIDToAccID.0,0xa50920,84,OBJECT,LOCAL,1
OV12.OVL,s_aDatTbl.1,0xa50978,400,OBJECT,LOCAL,1
OV12.OVL,_copy_matrix,0xa45c98,48,FUNC,LOCAL,1
OV12.OVL,_store_matrix,0xa45cc8,100,FUNC,LOCAL,1
OV12.OVL,nKataJnt.2,0xa5ace4,0,NOTYPE,LOCAL,1
OV12.OVL,gcc2_compiled.,0xa48548,0,NOTYPE,LOCAL,1
OV12.OVL,__gnu_compiled_c,0xa48548,0,NOTYPE,LOCAL,1
OV12.OVL,_Log2,0xa48548,196,FUNC,LOCAL,1
OV12.OVL,gcc2_compiled.,0xa487c0,0,NOTYPE,LOCAL,1
OV12.OVL,__gnu_compiled_c,0xa487c0,0,NOTYPE,LOCAL,1
OV12.OVL,_RootName,0xa487d0,244,FUNC,LOCAL,1
OV12.OVL,gcc2_compiled.,0xa48918,0,NOTYPE,LOCAL,1
OV12.OVL,__gnu_compiled_c,0xa48918,0,NOTYPE,LOCAL,1
OV12.OVL,s_aeModeStack,0xa511d0,32,OBJECT,LOCAL,1
OV12.OVL,s_uStackTop,0xa511f0,4,OBJECT,LOCAL,1
OV12.OVL,_PushMode,0xa48918,112,FUNC,LOCAL,1
OV12.OVL,_PopMode,0xa48988,84,FUNC,LOCAL,1
OV12.OVL,_CurMode,0xa489e0,32,FUNC,LOCAL,1
OV12.OVL,gcc2_compiled.,0xa48c08,0,NOTYPE,LOCAL,1
OV12.OVL,__gnu_compiled_c,0xa48c08,0,NOTYPE,LOCAL,1
OV12.OVL,_openVifGif,0xa48c08,116,FUNC,LOCAL,1
OV12.OVL,_openVifGifAD,0xa48c80,104,FUNC,LOCAL,1
OV12.OVL,_closeVifGif,0xa48ce8,40,FUNC,LOCAL,1
OV12.OVL,_InitDriver,0xa48d10,76,FUNC,LOCAL,1
OV12.OVL,_DisposeDriver,0xa48d60,60,FUNC,LOCAL,1
OV12.OVL,_Calc,0xa48da0,1400,FUNC,LOCAL,1
OV12.OVL,s_pCurView,0xa511f4,4,OBJECT,LOCAL,1
OV12.OVL,_Disp,0xa49318,1224,FUNC,LOCAL,1
OV12.OVL,CreateXrgParticleDriver,0xa497e0,76,FUNC,LOCAL,1
OV12.OVL,_WrapperDestruct,0xa498a0,20,FUNC,LOCAL,1
OV12.OVL,_ClearReqDisp,0xa49d98,64,FUNC,LOCAL,1
OV12.OVL,gcc2_compiled.,0xa49f70,0,NOTYPE,LOCAL,1
OV12.OVL,__gnu_compiled_c,0xa49f70,0,NOTYPE,LOCAL,1
OV12.OVL,gcc2_compiled.,0xa4a620,0,NOTYPE,LOCAL,1
OV12.OVL,__gnu_compiled_c,0xa4a620,0,NOTYPE,LOCAL,1
OV12.OVL,s_anHomePos,0xa51200,8,OBJECT,LOCAL,1
OV12.OVL,s_aSizeRatio,0xa51208,8,OBJECT,LOCAL,1
OV12.OVL,s_aCurCenterPos,0xa51210,16,OBJECT,LOCAL,1
OV12.OVL,s_pCurView,0xa51220,4,OBJECT,LOCAL,1
OV12.OVL,_openVifGif,0xa4a620,116,FUNC,LOCAL,1
OV12.OVL,_openVifGifAD,0xa4a698,104,FUNC,LOCAL,1
OV12.OVL,_closeVifGif,0xa4a700,40,FUNC,LOCAL,1
OV12.OVL,_InitReq,0xa4a728,96,FUNC,LOCAL,1
OV12.OVL,_Geom2D,0xa4ad80,928,FUNC,LOCAL,1
OV12.OVL,_DrawNoTex,0xa4b490,208,FUNC,LOCAL,1
OV12.OVL,_DeriveInfoReq,0xa4a788,44,FUNC,LOCAL,1
OV12.OVL,_CalcRectangle,0xa4a7b8,228,FUNC,LOCAL,1
OV12.OVL,_CalcUV,0xa4a8a0,124,FUNC,LOCAL,1
OV12.OVL,_CalcPosOnScreen,0xa4a920,192,FUNC,LOCAL,1
OV12.OVL,_CalcPosOnScreenFloat,0xa4a9e0,120,FUNC,LOCAL,1
OV12.OVL,_CalcOffset,0xa4aa58,808,FUNC,LOCAL,1
OV12.OVL,_Line3D,0xa4b120,876,FUNC,LOCAL,1
OV12.OVL,_DrawWithTex,0xa4b560,492,FUNC,LOCAL,1
OV12.OVL,_InitPaint,0xa4b750,160,FUNC,LOCAL,1
OV12.OVL,_DestructPaint,0xa4b7f0,60,FUNC,LOCAL,1
OV12.OVL,_WrapperDestruct,0xa4b910,32,FUNC,LOCAL,1
OV12.OVL,_Paint2DFlush,0xa4c370,1036,FUNC,LOCAL,1
OV12.OVL,_Paint2DClearReq,0xa4c780,88,FUNC,LOCAL,1
OV12.OVL,gcc2_compiled.,0xa4c840,0,NOTYPE,LOCAL,1
OV12.OVL,__gnu_compiled_c,0xa4c840,0,NOTYPE,LOCAL,1
OV12.OVL,ainLight.0,0xa51230,48,OBJECT,LOCAL,1
OV12.OVL,ainLightCol.1,0xa51260,48,OBJECT,LOCAL,1
OV12.OVL,_SetDefaultLight,0xa4c840,260,FUNC,LOCAL,1
OV12.OVL,gcc2_compiled.,0xa4caf8,0,NOTYPE,LOCAL,1
OV12.OVL,__gnu_compiled_c,0xa4caf8,0,NOTYPE,LOCAL,1
OV12.OVL,s_aRes.0,0xa51290,16,OBJECT,LOCAL,1
OV12.OVL,s_aRes.1,0xa512a0,16,OBJECT,LOCAL,1
OV12.OVL,s_aRes.2,0xa512b0,16,OBJECT,LOCAL,1
OV12.OVL,s_aRes.3,0xa512c0,16,OBJECT,LOCAL,1
OV12.OVL,_loopMulMatrix,0xa4d144,0,NOTYPE,LOCAL,1
OV12.OVL,s_aStack,0xa5acf0,0,NOTYPE,LOCAL,1
OV12.OVL,s_paTop,0xa5b0f0,0,NOTYPE,LOCAL,1
OV12.OVL,gcc2_compiled.,0xa4e1e8,0,NOTYPE,LOCAL,1
OV12.OVL,__gnu_compiled_c,0xa4e1e8,0,NOTYPE,LOCAL,1
OV12.OVL,gcc2_compiled.,0xa4e1f0,0,NOTYPE,LOCAL,1
OV12.OVL,__gnu_compiled_c,0xa4e1f0,0,NOTYPE,LOCAL,1
OV12.OVL,_vout,0xa4e1f0,8,FUNC,LOCAL,1
OV12.OVL,_vout_sys,0xa4e1f8,8,FUNC,LOCAL,1
OV12.OVL,gcc2_compiled.,0xa4e340,0,NOTYPE,LOCAL,1
OV12.OVL,__gnu_compiled_c,0xa4e340,0,NOTYPE,LOCAL,1
OV12.OVL,gcc2_compiled.,0xa4e488,0,NOTYPE,LOCAL,1
OV12.OVL,__gnu_compiled_c,0xa4e488,0,NOTYPE,LOCAL,1
OV12.OVL,s_nPadID,0xa512d0,4,OBJECT,LOCAL,1
OV12.OVL,gcc2_compiled.,0xa4e780,0,NOTYPE,LOCAL,1
OV12.OVL,__gnu_compiled_c,0xa4e780,0,NOTYPE,LOCAL,1
OV12.OVL,gcc2_compiled.,0xa4e8f0,0,NOTYPE,LOCAL,1
OV12.OVL,__gnu_compiled_c,0xa4e8f0,0,NOTYPE,LOCAL,1
OV12.OVL,_LoadSequence,0xa4e8f0,476,FUNC,LOCAL,1
OV12.OVL,s_eLoadedSeq,0xa512d4,4,OBJECT,LOCAL,1
OV12.OVL,s_bNowPlaying,0xa512d8,4,OBJECT,LOCAL,1
OV12.OVL,_InitSound,0xa4ee58,36,FUNC,LOCAL,1
OV12.OVL,_DestructSound,0xa4ee80,8,FUNC,LOCAL,1
OV12.OVL,_ring,0xa4ef38,84,FUNC,LOCAL,1
OV12.OVL,_stop,0xa4ef90,60,FUNC,LOCAL,1
OV12.OVL,gcc2_compiled.,0xa4f280,0,NOTYPE,LOCAL,1
OV12.OVL,__gnu_compiled_c,0xa4f280,0,NOTYPE,LOCAL,1
OV12.OVL,s_bSetEventLevel,0xa512e0,4,OBJECT,LOCAL,1
OV12.OVL,s_eEventLevel,0xa512e4,4,OBJECT,LOCAL,1
OV12.OVL,s_aWepTbl.0,0xa512e8,328,OBJECT,LOCAL,1
OV12.OVL,RgShotHitRobot,0xa178e0,172,FUNC,GLOBAL,1
OV12.OVL,RgBattleCommonDataAnnounceAdd,0xa20658,64,FUNC,GLOBAL,1
OV12.OVL,RgDispLifeSetTimer,0xa26358,96,FUNC,GLOBAL,1
OV12.OVL,RgFileSysPrepareFile,0xa34518,192,FUNC,GLOBAL,1
OV12.OVL,CreateRgHitEffectPosDir,0xa1fb58,128,FUNC,GLOBAL,1
OV12.OVL,RgGeomRobotSetRotVel,0xa2d498,76,FUNC,GLOBAL,1
OV12.OVL,InitRgGrenadeEssence,0xa16b48,80,FUNC,GLOBAL,1
OV12.OVL,RgBattleCommonDataAnnounceFont,0xa206d8,64,FUNC,GLOBAL,1
OV12.OVL,CreateRgPicListFromBinary,0xa41268,312,FUNC,GLOBAL,1
OV12.OVL,InitXrgInput,0xa49f70,124,FUNC,GLOBAL,1
OV12.OVL,RgLinkDataTime,0xa327a8,68,FUNC,GLOBAL,1
OV12.OVL,DisposeRgRobot,0xa081f8,112,FUNC,GLOBAL,1
OV12.OVL,XrgCalcPlaneNorm,0xa4dac8,140,FUNC,GLOBAL,1
OV12.OVL,_DetachChildUseXenoActor,0xa46448,136,FUNC,GLOBAL,1
OV12.OVL,RgShotSetSoundDriver,0xa175f8,76,FUNC,GLOBAL,1
OV12.OVL,RgDrawViewGetScreenRect,0xa27e40,104,FUNC,GLOBAL,1
OV12.OVL,RgPicSetColor,0xa40920,104,FUNC,GLOBAL,1
OV12.OVL,InitRgFireEssence,0xa170b8,124,FUNC,GLOBAL,1
OV12.OVL,_ShotStopShieldType,0xa1ad60,60,FUNC,GLOBAL,1
OV12.OVL,CreateRgGeomTray,0xa2dde0,76,FUNC,GLOBAL,1
OV12.OVL,XrgSoundSystemCancel,0xa4ee18,28,FUNC,GLOBAL,1
OV12.OVL,RgGeomRobotSetRotResist,0xa2d540,76,FUNC,GLOBAL,1
OV12.OVL,_CreateSkeMani_sub,0xa45928,204,FUNC,GLOBAL,1
OV12.OVL,XrgEventGetLevel,0xa4f2b0,92,FUNC,GLOBAL,1
OV12.OVL,CreateRgRobot,0xa081a8,76,FUNC,GLOBAL,1
OV12.OVL,RgCameraLoadText,0xa12448,124,FUNC,GLOBAL,1
OV12.OVL,RgHandlerShotVsBG,0xa2ad68,68,FUNC,GLOBAL,1
OV12.OVL,RgWeaponGetActor,0xa1b8a0,64,FUNC,GLOBAL,1
OV12.OVL,_SetMotUseXenoActor,0xa46278,204,FUNC,GLOBAL,1
OV12.OVL,RgRobotPassTime,0xa08268,508,FUNC,GLOBAL,1
OV12.OVL,RgRobotGetLife,0xa089f8,68,FUNC,GLOBAL,1
OV12.OVL,RgShotEffectSetParticleShootReverse,0xa17fe8,64,FUNC,GLOBAL,1
OV12.OVL,RgGaugePassTime,0xa23cc0,228,FUNC,GLOBAL,1
OV12.OVL,RgBattleMgrGetPlayerDamage,0xa2a968,232,FUNC,GLOBAL,1
OV12.OVL,CreateRgMatEffConstraint,0xa37f70,20,FUNC,GLOBAL,1
OV12.OVL,RgDispWpn2PSetRobot,0xa25bd0,112,FUNC,GLOBAL,1
OV12.OVL,RgHissatuCheck,0xa103f0,548,FUNC,GLOBAL,1
OV12.OVL,DisposeRgDispLife,0xa26288,112,FUNC,GLOBAL,1
OV12.OVL,DisposeRgSelectRobot,0xa3e1f8,116,FUNC,GLOBAL,1
OV12.OVL,RgPicListAddPic,0xa40e00,184,FUNC,GLOBAL,1
OV12.OVL,RgCharPassTimeMethod,0xa02378,76,FUNC,GLOBAL,1
OV12.OVL,RgBgObjIgnoreHide,0xa12ec8,104,FUNC,GLOBAL,1
OV12.OVL,DisposeRgPlayer,0xa10a18,188,FUNC,GLOBAL,1
OV12.OVL,DisposeRgColiData,0xa321c0,112,FUNC,GLOBAL,1
OV12.OVL,CreateRgDispGameInfo,0xa23788,76,FUNC,GLOBAL,1
OV12.OVL,RgPlayerPassTime,0xa10ef0,44,FUNC,GLOBAL,1
OV12.OVL,XrgActorCheckPakaPaka,0xa477e8,156,FUNC,GLOBAL,1
OV12.OVL,RgSelectIgnoreEventFlag,0xa3c6a0,16,FUNC,GLOBAL,1
OV12.OVL,XrgCalcMatrixXtoZ,0xa4d618,124,FUNC,GLOBAL,1
OV12.OVL,RgBattleMgrActivateTimer,0xa2a808,80,FUNC,GLOBAL,1
OV12.OVL,RgCameraSetFarMode,0xa124c8,116,FUNC,GLOBAL,1
OV12.OVL,RgWeaponSetFree,0xa1bf48,80,FUNC,GLOBAL,1
OV12.OVL,RgBgObjSetHide,0xa12e30,148,FUNC,GLOBAL,1
OV12.OVL,RgCameraSetActionAttack,0xa12840,84,FUNC,GLOBAL,1
OV12.OVL,RgGaugeDispSetAlpha,0xa24348,80,FUNC,GLOBAL,1
OV12.OVL,RgPicNotDraw,0xa40c78,76,FUNC,GLOBAL,1
OV12.OVL,RgGeomRobotPassTime,0xa2d770,396,FUNC,GLOBAL,1
OV12.OVL,_LoadXenoActor,0xa46be0,416,FUNC,GLOBAL,1
OV12.OVL,XrgExit,0xa4e1e8,8,FUNC,GLOBAL,1
OV12.OVL,RgRobSubHoming,0xa0cea0,124,FUNC,GLOBAL,1
OV12.OVL,RgPlayerDisp,0xa10ec0,44,FUNC,GLOBAL,1
OV12.OVL,RgShotEffectPassTime,0xa18458,128,FUNC,GLOBAL,1
OV12.OVL,RgPicListSetDrawEnable,0xa410e0,76,FUNC,GLOBAL,1
OV12.OVL,RgDispWpnDat_CreateRestNumStr,0xa26a00,260,FUNC,GLOBAL,1
OV12.OVL,_DisposeUseXenoActor,0xa45b20,372,FUNC,GLOBAL,1
OV12.OVL,XrgInvMatrix,0xa4d818,180,FUNC,GLOBAL,1
OV12.OVL,_LoadXenoActorMdl,0xa46510,400,FUNC,GLOBAL,1
OV12.OVL,XrgSetTopMatStack,0xa4d980,32,FUNC,GLOBAL,1
OV12.OVL,RgShotEffectStopAlive,0xa17e78,108,FUNC,GLOBAL,1
OV12.OVL,RgReadTextUnget,0xa22338,140,FUNC,GLOBAL,1
OV12.OVL,RgMatEffConstraintSetRoot,0xa37f88,96,FUNC,GLOBAL,1
OV12.OVL,XrgHostRead,0xa4e428,48,FUNC,GLOBAL,1
OV12.OVL,RgWeaponIsAttachedShot,0xa1b960,72,FUNC,GLOBAL,1
OV12.OVL,InstanceOfRgShotDB,0xa18688,96,FUNC,GLOBAL,1
OV12.OVL,RgRobotHitByBody,0xa09160,164,FUNC,GLOBAL,1
OV12.OVL,CreateXrgPaint2D_sub,0xa4b830,104,FUNC,GLOBAL,1
OV12.OVL,XrgPaint2DSetUVSize,0xa4bfc8,124,FUNC,GLOBAL,1
OV12.OVL,XrgActorJntIDtoAccID,0xa45558,32,FUNC,GLOBAL,1
OV12.OVL,XrgScaleVector,0xa4cd28,52,FUNC,GLOBAL,1
OV12.OVL,XrgBxxPs2Tex0,0xa48610,432,FUNC,GLOBAL,1
OV12.OVL,XrgApplyVector,0xa4d438,48,FUNC,GLOBAL,1
OV12.OVL,RgGeomPointSetVel,0xa2c4e8,80,FUNC,GLOBAL,1
OV12.OVL,RgBgObjEnableBodyAttack,0xa12f30,104,FUNC,GLOBAL,1
OV12.OVL,RgDispLifeSetWin,0xa263b8,156,FUNC,GLOBAL,1
OV12.OVL,RgSelectRobotScreenPos,0xa3e270,76,FUNC,GLOBAL,1
OV12.OVL,_EnergyShot,0xa1b008,64,FUNC,GLOBAL,1
OV12.OVL,RgRobotGetLifeMax,0xa08a40,68,FUNC,GLOBAL,1
OV12.OVL,RgGeomPointPassTime,0xa2c880,424,FUNC,GLOBAL,1
OV12.OVL,RgHandlerRobotAdvVsBG,0xa2aef0,44,FUNC,GLOBAL,1
OV12.OVL,CreateRgCamera,0xa12240,264,FUNC,GLOBAL,1
OV12.OVL,RgRobSubDirTo,0xa0cf20,152,FUNC,GLOBAL,1
OV12.OVL,CreateRgGameCollision,0xa31568,112,FUNC,GLOBAL,1
OV12.OVL,RgDispLifeDisp,0xa265e0,1056,FUNC,GLOBAL,1
OV12.OVL,CreateRgRobotControlNul,0xa099b0,128,FUNC,GLOBAL,1
OV12.OVL,_paint_one_texture,0xa22d28,24,FUNC,GLOBAL,1
OV12.OVL,RgPicSetDark,0xa40c28,76,FUNC,GLOBAL,1
OV12.OVL,CreateRgGauge,0xa23a88,76,FUNC,GLOBAL,1
OV12.OVL,RgShotEffectGetPtclEffect,0xa18028,64,FUNC,GLOBAL,1
OV12.OVL,RgCharControl,0xa023c8,96,FUNC,GLOBAL,1
OV12.OVL,RgShotThreadMotOff,0xa0f010,84,FUNC,GLOBAL,1
OV12.OVL,DisposeRgPicList,0xa40d58,168,FUNC,GLOBAL,1
OV12.OVL,RgBattleCommonDataGetDispTex,0xa20558,64,FUNC,GLOBAL,1
OV12.OVL,InitXrgSoundSystem,0xa4ead0,140,FUNC,GLOBAL,1
OV12.OVL,RgRobotSetWeapon,0xa087c8,96,FUNC,GLOBAL,1
OV12.OVL,RgPicListDraw,0xa41030,172,FUNC,GLOBAL,1
OV12.OVL,RgRobotSetSpareWeapon,0xa08828,96,FUNC,GLOBAL,1
OV12.OVL,XrgMulMatrix,0xa4d130,72,FUNC,GLOBAL,1
OV12.OVL,RgSelectGetEnemyWeapons,0xa3ca08,772,FUNC,GLOBAL,1
OV12.OVL,XrgPadIsRight,0xa4e528,48,FUNC,GLOBAL,1
OV12.OVL,XrgSetIVectorXYZ,0xa4cc50,20,FUNC,GLOBAL,1
OV12.OVL,RgBattleCommonDataTimeFont,0xa205d8,64,FUNC,GLOBAL,1
OV12.OVL,RgActorCharIDToName,0xa36b88,608,FUNC,GLOBAL,1
OV12.OVL,XrgHostReadOpen,0xa4e370,48,FUNC,GLOBAL,1
OV12.OVL,XrgActorSetMotionFrame,0xa47318,124,FUNC,GLOBAL,1
OV12.OVL,XrgRandVector,0xa4d288,216,FUNC,GLOBAL,1
OV12.OVL,LoadRgBxx_sub,0xa3ec18,172,FUNC,GLOBAL,1
OV12.OVL,s_pUseFog,0xa50b08,4,OBJECT,GLOBAL,1
OV12.OVL,RgWeaponGetControlFlag,0xa1b9a8,64,FUNC,GLOBAL,1
OV12.OVL,RgRobotGiveWeakDamage,0xa090a8,184,FUNC,GLOBAL,1
OV12.OVL,XrgSoundSystemStopSequence,0xa4ed48,56,FUNC,GLOBAL,1
OV12.OVL,RgAnnounceDispInitTime,0xa44d40,60,FUNC,GLOBAL,1
OV12.OVL,RgRobotAccelarate,0xa08d48,116,FUNC,GLOBAL,1
OV12.OVL,RgCameraSelectableFar,0xa12540,88,FUNC,GLOBAL,1
OV12.OVL,_SkeManiGet,0xa456b0,188,FUNC,GLOBAL,1
OV12.OVL,RgGeomGetParent,0xa2c118,64,FUNC,GLOBAL,1
OV12.OVL,InitRgNormalShotEssence,0xa15d28,92,FUNC,GLOBAL,1
OV12.OVL,RgGeomRobotGetRotForce,0xa2d660,64,FUNC,GLOBAL,1
OV12.OVL,RgRobotGiveDamage,0xa09008,156,FUNC,GLOBAL,1
OV12.OVL,RgGaugeGetDisp,0xa23c80,64,FUNC,GLOBAL,1
OV12.OVL,RgBattleCommonDataDispose,0xa204a8,96,FUNC,GLOBAL,1
OV12.OVL,RgGeomSetPassTimeMeshod,0xa2bfc8,76,FUNC,GLOBAL,1
OV12.OVL,RgCameraGetStudio,0xa12660,64,FUNC,GLOBAL,1
OV12.OVL,DisposeRgHelp,0xa42450,112,FUNC,GLOBAL,1
OV12.OVL,RgGeomRobotCalcLocal,0xa2d6a0,204,FUNC,GLOBAL,1
OV12.OVL,XrgActorSetSmoothPlay,0xa471d0,76,FUNC,GLOBAL,1
OV12.OVL,RgWeaponEssCastToShield,0xa1c788,40,FUNC,GLOBAL,1
OV12.OVL,RgGeomPolyGetInvLocal,0xa2db38,56,FUNC,GLOBAL,1
OV12.OVL,_ActorDrawFunction,0xa46148,136,FUNC,GLOBAL,1
OV12.OVL,RgShotIsReleased,0xa177f8,88,FUNC,GLOBAL,1
OV12.OVL,XrgNormalizeVector,0xa4ce90,216,FUNC,GLOBAL,1
OV12.OVL,_CreateWeaponShotType,0xa1a410,196,FUNC,GLOBAL,1
OV12.OVL,clearRgMatrix,0xa4d040,56,FUNC,GLOBAL,1
OV12.OVL,RgLinkDataVersion,0xa32788,28,FUNC,GLOBAL,1
OV12.OVL,_DestructAttackType,0xa1a6d0,24,FUNC,GLOBAL,1
OV12.OVL,XrgSoundSystemDisposeSequence,0xa4ed80,16,FUNC,GLOBAL,1
OV12.OVL,XrgSoundRing,0xa4f150,52,FUNC,GLOBAL,1
OV12.OVL,RgParticleEffectIsActive,0xa216d8,76,FUNC,GLOBAL,1
OV12.OVL,RgAnnounceDisp,0xa44090,756,FUNC,GLOBAL,1
OV12.OVL,RgBxxGetTexNum,0xa3ef90,32,FUNC,GLOBAL,1
OV12.OVL,CreateRgParticleEffectChar,0xa21c20,52,FUNC,GLOBAL,1
OV12.OVL,XrgPadIsSelect,0xa4e6a8,48,FUNC,GLOBAL,1
OV12.OVL,RgRobSubGetRollMotion,0xa0d068,72,FUNC,GLOBAL,1
OV12.OVL,RgGeomSetType,0xa2bf78,76,FUNC,GLOBAL,1
OV12.OVL,_paint_one_texture_alpha,0xa22c70,184,FUNC,GLOBAL,1
OV12.OVL,RgShotEffectSetPos,0xa181a8,356,FUNC,GLOBAL,1
OV12.OVL,InitRgHomingShotEssence,0xa16098,160,FUNC,GLOBAL,1
OV12.OVL,XrgPadIsStart,0xa4e678,48,FUNC,GLOBAL,1
OV12.OVL,RgGaugeDispSetValue,0xa240c8,96,FUNC,GLOBAL,1
OV12.OVL,RgGeomPointSetMaxXYSpd,0xa2c660,112,FUNC,GLOBAL,1
OV12.OVL,RgRobotControlSetRobot,0xa097c0,76,FUNC,GLOBAL,1
OV12.OVL,__RgGeomPointGetPos,0xa2c6d0,76,FUNC,GLOBAL,1
OV12.OVL,RgVectorSize,0xa2b968,64,FUNC,GLOBAL,1
OV12.OVL,XrgSoundSystemPlayBGM,0xa4ece0,96,FUNC,GLOBAL,1
OV12.OVL,RgParticleEffectStopShoot,0xa21458,64,FUNC,GLOBAL,1
OV12.OVL,XrgSleep,0xa4cae0,20,FUNC,GLOBAL,1
OV12.OVL,InstanceOfXrgParticleDriver,0xa498b8,84,FUNC,GLOBAL,1
OV12.OVL,RgDispGameInfoSetHostRobot,0xa23848,80,FUNC,GLOBAL,1
OV12.OVL,XrgSubVectorXYZ,0xa4d220,52,FUNC,GLOBAL,1
OV12.OVL,RgLinkDataNumOfData,0xa327f0,68,FUNC,GLOBAL,1
OV12.OVL,InstanceOfRgCharMgrClear,0xa14bf8,52,FUNC,GLOBAL,1
OV12.OVL,RgShotDBGetEssence,0xa186e8,68,FUNC,GLOBAL,1
OV12.OVL,RgPlayerGetShotGeoms,0xa10ca0,64,FUNC,GLOBAL,1
OV12.OVL,RgAnnounceDispOff,0xa44d80,68,FUNC,GLOBAL,1
OV12.OVL,RgSimpleDBFind,0xa15470,20,FUNC,GLOBAL,1
OV12.OVL,RgRobotDBRead,0xa0dd48,356,FUNC,GLOBAL,1
OV12.OVL,RgRobotGetActor,0xa08a88,68,FUNC,GLOBAL,1
OV12.OVL,RgGeomResetStatus,0xa2c0c0,88,FUNC,GLOBAL,1
OV12.OVL,_InitSkeMani,0xa45848,220,FUNC,GLOBAL,1
OV12.OVL,RgBattleInitDump,0xa2b478,368,FUNC,GLOBAL,1
OV12.OVL,RgWeaponEssCastToShot,0xa1c700,40,FUNC,GLOBAL,1
OV12.OVL,RgRobotEffectSetDashPtclName,0xa0e8b0,80,FUNC,GLOBAL,1
OV12.OVL,CreateXrgActor,0xa46e58,128,FUNC,GLOBAL,1
OV12.OVL,RgDrawViewSetRotateY,0xa27bd8,132,FUNC,GLOBAL,1
OV12.OVL,RgParticleEffectStopAlive,0xa21498,120,FUNC,GLOBAL,1
OV12.OVL,XrgPaint2DDrawRect,0xa4c070,272,FUNC,GLOBAL,1
OV12.OVL,DisposeRgGauge,0xa23ad8,112,FUNC,GLOBAL,1
OV12.OVL,RgDullFlagSetFlag,0xa1f8a8,68,FUNC,GLOBAL,1
OV12.OVL,RgGeomPointSetMoveResist,0xa2c610,76,FUNC,GLOBAL,1
OV12.OVL,CreateArrayOfXrgParticle,0xa49e40,196,FUNC,GLOBAL,1
OV12.OVL,_ShotTypePassTime,0xa1a258,92,FUNC,GLOBAL,1
OV12.OVL,RgGeomPointSetPos,0xa2c3f0,92,FUNC,GLOBAL,1
OV12.OVL,RgGetGeomGravity,0xa2c288,16,FUNC,GLOBAL,1
OV12.OVL,XrgActorIsEndOfMotion,0xa47498,64,FUNC,GLOBAL,1
OV12.OVL,RgGeomPointGetWeight,0xa2c800,64,FUNC,GLOBAL,1
OV12.OVL,XrgCopyVectorXYZ,0xa4cd90,28,FUNC,GLOBAL,1
OV12.OVL,RgShotThreadStart,0xa0f068,188,FUNC,GLOBAL,1
OV12.OVL,RgSelectRobotSetMode,0xa3e2c0,208,FUNC,GLOBAL,1
OV12.OVL,RgEquipCheckConfrict,0xa1f2f0,356,FUNC,GLOBAL,1
OV12.OVL,DisposeXrgParticleDriver,0xa49830,112,FUNC,GLOBAL,1
OV12.OVL,InitRgCharMgr,0xa14b40,64,FUNC,GLOBAL,1
OV12.OVL,XrgPadIsLR,0xa4e710,108,FUNC,GLOBAL,1
OV12.OVL,XrgVLog,0xa4e200,24,FUNC,GLOBAL,1
OV12.OVL,RgLinkDataGet,0xa329d0,216,FUNC,GLOBAL,1
OV12.OVL,RgVectorPush,0xa2b838,156,FUNC,GLOBAL,1
OV12.OVL,DisposeRgVector,0xa2b7c0,120,FUNC,GLOBAL,1
OV12.OVL,XrgInnerVectorXYZW,0xa4d000,64,FUNC,GLOBAL,1
OV12.OVL,RgWeaponIsTargetting,0xa1b660,64,FUNC,GLOBAL,1
OV12.OVL,XrgActorGetPlayingMotTime,0xa47540,104,FUNC,GLOBAL,1
OV12.OVL,StaticRgBgObjGetBlight,0xa131b0,12,FUNC,GLOBAL,1
OV12.OVL,RgWeaponGetWeight,0xa1b920,64,FUNC,GLOBAL,1
OV12.OVL,RgDrawCreateDrawStudioDouble,0xa278c0,72,FUNC,GLOBAL,1
OV12.OVL,RgGeomSetParent,0xa2bf28,76,FUNC,GLOBAL,1
OV12.OVL,RgGaugeDispSetTex,0xa24128,96,FUNC,GLOBAL,1
OV12.OVL,RgPicRead,0xa40580,124,FUNC,GLOBAL,1
OV12.OVL,_GetXenoDatEntry,0xa45640,108,FUNC,GLOBAL,1
OV12.OVL,RgWeaponDBDump,0xa1e600,20,FUNC,GLOBAL,1
OV12.OVL,RgCameraSetActionLockedOn,0xa126e0,84,FUNC,GLOBAL,1
OV12.OVL,RgDispGameInfoSetStudio,0xa238e8,84,FUNC,GLOBAL,1
OV12.OVL,XrgAddVectorXYZ,0xa4ccf0,52,FUNC,GLOBAL,1
OV12.OVL,CreateRgGeomGroup,0xa304c8,112,FUNC,GLOBAL,1
OV12.OVL,XrgInputDeviceCheck,0xa49ff0,1580,FUNC,GLOBAL,1
OV12.OVL,RgShotHitBg,0xa17990,160,FUNC,GLOBAL,1
OV12.OVL,RgPicDebugControl,0xa417f8,1412,FUNC,GLOBAL,1
OV12.OVL,RgDrawFadeOut,0xa285a0,60,FUNC,GLOBAL,1
OV12.OVL,DisposeRgTitle,0xa3fa00,112,FUNC,GLOBAL,1
OV12.OVL,RgCharMgrEntry,0xa14568,96,FUNC,GLOBAL,1
OV12.OVL,RgShotRelease,0xa17890,80,FUNC,GLOBAL,1
OV12.OVL,RgFileSysDup,0xa34420,248,FUNC,GLOBAL,1
OV12.OVL,RgGeomGroupCreatePoly,0xa30d60,124,FUNC,GLOBAL,1
OV12.OVL,RgGeomGroupDisposeElm,0xa30eb0,88,FUNC,GLOBAL,1
OV12.OVL,RgMatEffConstraintSetTarget,0xa38038,80,FUNC,GLOBAL,1
OV12.OVL,RgDispGameInfoSetSubRobot,0xa23898,80,FUNC,GLOBAL,1
OV12.OVL,RgGameCollisionJob,0xa31728,64,FUNC,GLOBAL,1
OV12.OVL,InitRgBeamEssence,0xa17528,116,FUNC,GLOBAL,1
OV12.OVL,_TableGet,0xa0f618,128,FUNC,GLOBAL,1
OV12.OVL,DisposeRgShotThread,0xa0eea0,124,FUNC,GLOBAL,1
OV12.OVL,RgPicListGetOfsX,0xa414c0,64,FUNC,GLOBAL,1
OV12.OVL,RgTextInfoRead,0xa22718,864,FUNC,GLOBAL,1
OV12.OVL,XrgLengthVector,0xa4ce38,88,FUNC,GLOBAL,1
OV12.OVL,RgRobotIsInvalidAttack,0xa08b18,156,FUNC,GLOBAL,1
OV12.OVL,_LoadSeq,0xa4eb90,336,FUNC,GLOBAL,1
OV12.OVL,RgVectorDump,0xa2bd78,208,FUNC,GLOBAL,1
OV12.OVL,RgPicGetY,0xa40880,64,FUNC,GLOBAL,1
OV12.OVL,CreateRgTitle,0xa3f9a8,88,FUNC,GLOBAL,1
OV12.OVL,CreateRgShotThread,0xa0ee50,76,FUNC,GLOBAL,1
OV12.OVL,RgSelectAGWSDisp,0xa3c660,64,FUNC,GLOBAL,1
OV12.OVL,__RgGeomPointGetOldPos,0xa2c720,76,FUNC,GLOBAL,1
OV12.OVL,XrgCalcMatrixYtoZ,0xa4d498,124,FUNC,GLOBAL,1
OV12.OVL,RgGeomPolyGetData,0xa2dac0,64,FUNC,GLOBAL,1
OV12.OVL,RgGeomRobotAddRotForce,0xa2d4e8,84,FUNC,GLOBAL,1
OV12.OVL,RgDrawGetGlobalFog,0xa27908,112,FUNC,GLOBAL,1
OV12.OVL,RgDispWpnDat_GetNameUVWH,0xa26b08,160,FUNC,GLOBAL,1
OV12.OVL,RgRobotIsAcceptedCommand,0xa08ca8,92,FUNC,GLOBAL,1
OV12.OVL,RgGaugeDispSetOrder,0xa242f8,80,FUNC,GLOBAL,1
OV12.OVL,RgMotionInfoDBDispose,0xa0fdd8,60,FUNC,GLOBAL,1
OV12.OVL,XrgVectorX,0xa4cbf0,12,FUNC,GLOBAL,1
OV12.OVL,InitRgParticleEffectEssence,0xa21008,256,FUNC,GLOBAL,1
OV12.OVL,RgDrawGetStudio,0xa277e0,152,FUNC,GLOBAL,1
OV12.OVL,RgBattleCommonDataAnnounceSub,0xa20698,64,FUNC,GLOBAL,1
OV12.OVL,XrgPaint2DColor,0xa4bd38,96,FUNC,GLOBAL,1
OV12.OVL,RgGeomPointResetPos,0xa2c4a0,68,FUNC,GLOBAL,1
OV12.OVL,RgParticleEffectDisp,0xa21970,212,FUNC,GLOBAL,1
OV12.OVL,XrgPaint2DAlpha,0xa4bd98,212,FUNC,GLOBAL,1
OV12.OVL,CopyRgEquip,0xa1ef48,192,FUNC,GLOBAL,1
OV12.OVL,CreateRgRobotEffect,0xa0e700,76,FUNC,GLOBAL,1
OV12.OVL,RgFileSysDisposePrepares,0xa345d8,296,FUNC,GLOBAL,1
OV12.OVL,XrgOuterVector,0xa4cf68,100,FUNC,GLOBAL,1
OV12.OVL,XrgActorSetDraw,0xa47398,136,FUNC,GLOBAL,1
OV12.OVL,RgSelectAGWSGetWeapon,0xa3c500,80,FUNC,GLOBAL,1
OV12.OVL,RgBattleMgrGetMode,0xa2a8e8,64,FUNC,GLOBAL,1
OV12.OVL,RgColiDataInitTriangles,0xa32230,80,FUNC,GLOBAL,1
OV12.OVL,RgShotSetNoLifeSound,0xa17708,92,FUNC,GLOBAL,1
OV12.OVL,DisposeRgShotEffect,0xa17e08,112,FUNC,GLOBAL,1
OV12.OVL,RgCharMgrControl,0xa149f8,20,FUNC,GLOBAL,1
OV12.OVL,XrgActorGetJointLocal,0xa475f8,252,FUNC,GLOBAL,1
OV12.OVL,XrgFileSysAlloc,0xa48a48,260,FUNC,GLOBAL,1
OV12.OVL,RgRobotEffectTermDash,0xa0eba8,88,FUNC,GLOBAL,1
OV12.OVL,XrgInnerVector,0xa4cfd0,48,FUNC,GLOBAL,1
OV12.OVL,_InitXenoActor,0xa46868,200,FUNC,GLOBAL,1
OV12.OVL,RgMatricesEffectorJob,0xa37f30,64,FUNC,GLOBAL,1
OV12.OVL,RgWeaponShotStop,0xa1bd78,84,FUNC,GLOBAL,1
OV12.OVL,_DupLoadXenoActor,0xa466a0,456,FUNC,GLOBAL,1
OV12.OVL,RgRobotEffectTermAll,0xa0e950,20,FUNC,GLOBAL,1
OV12.OVL,_DispInfo,0xa22e70,2328,FUNC,GLOBAL,1
OV12.OVL,RgBxxGetPicID,0xa3efb0,136,FUNC,GLOBAL,1
OV12.OVL,XrgQuantAngle4,0xa4e038,428,FUNC,GLOBAL,1
OV12.OVL,RgWeaponPlayMotion,0xa1bad8,108,FUNC,GLOBAL,1
OV12.OVL,XrgPadIsL12,0xa4e618,48,FUNC,GLOBAL,1
OV12.OVL,RgGeomTrayGetLocal,0xa2def8,32,FUNC,GLOBAL,1
OV12.OVL,CreateRgMatEffCombine,0xa37c90,76,FUNC,GLOBAL,1
OV12.OVL,RgShotMotContIsEndOfShadowMotion,0xa1edc0,64,FUNC,GLOBAL,1
OV12.OVL,XrgPaint2DOffsetCenter,0xa4bb40,108,FUNC,GLOBAL,1
OV12.OVL,RgParticleEffectSetActive,0xa21510,108,FUNC,GLOBAL,1
OV12.OVL,RgDispLifeSetVsMode,0xa26458,156,FUNC,GLOBAL,1
OV12.OVL,RgGeomFree,0xa2bea8,124,FUNC,GLOBAL,1
OV12.OVL,XrgIsTriIntersectedByRay,0xa4dba0,548,FUNC,GLOBAL,1
OV12.OVL,XrgSoundSystemCursor,0xa4edd8,28,FUNC,GLOBAL,1
OV12.OVL,RgEquipSetDefault,0xa1f118,328,FUNC,GLOBAL,1
OV12.OVL,CreateXrgSound,0xa4ee88,88,FUNC,GLOBAL,1
OV12.OVL,XrgPadIsLeft,0xa4e4f8,48,FUNC,GLOBAL,1
OV12.OVL,RgPlayerControl,0xa10da0,288,FUNC,GLOBAL,1
OV12.OVL,RgBattleMgrDisp,0xa2ab30,64,FUNC,GLOBAL,1
OV12.OVL,RgCameraSetActionRoll,0xa12790,84,FUNC,GLOBAL,1
OV12.OVL,XrgPaint2DOffsetLinear,0xa4bd08,48,FUNC,GLOBAL,1
OV12.OVL,RgCharAlloc,0xa02078,120,FUNC,GLOBAL,1
OV12.OVL,RgPicDebugDisp,0xa41d80,856,FUNC,GLOBAL,1
OV12.OVL,RgBattleMgrInitBattle,0xa2aa50,80,FUNC,GLOBAL,1
OV12.OVL,RgGeomRobotSetMaxRotVel,0xa2d590,76,FUNC,GLOBAL,1
OV12.OVL,RgHelpIsEnd,0xa424c0,64,FUNC,GLOBAL,1
OV12.OVL,RgCharDestructMethod,0xa02328,76,FUNC,GLOBAL,1
OV12.OVL,RgGeomPolyCheckBall,0xa2db70,192,FUNC,GLOBAL,1
OV12.OVL,RgHeapDumpBlock,0xa13f88,280,FUNC,GLOBAL,1
OV12.OVL,RgCalcLocalForChar,0xa02008,108,FUNC,GLOBAL,1
OV12.OVL,RgGaugeDispIsDrawable,0xa24080,68,FUNC,GLOBAL,1
OV12.OVL,DisposeRgSelectAGWS,0xa3c5a0,112,FUNC,GLOBAL,1
OV12.OVL,InitRgWeaponAttackEssence,0xa1aa88,168,FUNC,GLOBAL,1
OV12.OVL,RgBxxGetXtx,0xa3f1c8,104,FUNC,GLOBAL,1
OV12.OVL,InitRgWeaponEnergyEssence,0xa1b390,140,FUNC,GLOBAL,1
OV12.OVL,RgRobotSetMotSmooth,0xa08728,80,FUNC,GLOBAL,1
OV12.OVL,RgReadTextGetInt,0xa224b0,64,FUNC,GLOBAL,1
OV12.OVL,RgShotMotContPassTime,0xa1ee00,156,FUNC,GLOBAL,1
OV12.OVL,RgPicBinarySize,0xa403f0,8,FUNC,GLOBAL,1
OV12.OVL,RgRobotSetSoundDriver,0xa085e8,80,FUNC,GLOBAL,1
OV12.OVL,RgRobotDashContinue,0xa08fc0,68,FUNC,GLOBAL,1
OV12.OVL,RgSingletonIDGet,0xa143c0,32,FUNC,GLOBAL,1
OV12.OVL,RgRobotSetConfuse,0xa08778,80,FUNC,GLOBAL,1
OV12.OVL,RgGaugeDispSetPos,0xa24298,96,FUNC,GLOBAL,1
OV12.OVL,DisposeRgGeomGroup,0xa30538,112,FUNC,GLOBAL,1
OV12.OVL,RgPicSetAlpha,0xa407f0,76,FUNC,GLOBAL,1
OV12.OVL,InstanceOfRgDebugFlags,0xa0f418,116,FUNC,GLOBAL,1
OV12.OVL,RgParticleEffectPassTime,0xa21768,520,FUNC,GLOBAL,1
OV12.OVL,RgBattleCommonDataDispWeaponFont,0xa20618,64,FUNC,GLOBAL,1
OV12.OVL,RgSingletonIDEntry,0xa14390,44,FUNC,GLOBAL,1
OV12.OVL,RgRobotDropWeapon,0xa09208,128,FUNC,GLOBAL,1
OV12.OVL,InstanceOfRgEffectEnv,0xa1fce8,116,FUNC,GLOBAL,1
OV12.OVL,DisposeRgWeaponNotActor,0xa1b530,160,FUNC,GLOBAL,1
OV12.OVL,RgHeapFree,0xa13aa8,688,FUNC,GLOBAL,1
OV12.OVL,RgWeaponIsLockedOn,0xa1b620,64,FUNC,GLOBAL,1
OV12.OVL,RgHelpPassTime,0xa42500,288,FUNC,GLOBAL,1
OV12.OVL,RgShotEffectSetTransparent,0xa183b0,76,FUNC,GLOBAL,1
OV12.OVL,XrgParticleDriverSet,0xa49910,92,FUNC,GLOBAL,1
OV12.OVL,RgRobotEffectStartJet,0xa0e968,296,FUNC,GLOBAL,1
OV12.OVL,DisposeRgPicDebug,0xa416d8,112,FUNC,GLOBAL,1
OV12.OVL,RgLinkDataGetSize,0xa328c8,264,FUNC,GLOBAL,1
OV12.OVL,_CreateWeaponEnergyType,0xa1b2c8,196,FUNC,GLOBAL,1
OV12.OVL,RgGeomGetStatus,0xa2c198,64,FUNC,GLOBAL,1
OV12.OVL,RgBattleMgrGetDispLife,0xa2a928,64,FUNC,GLOBAL,1
OV12.OVL,CreateRgBattleMgr,0xa2a6d8,112,FUNC,GLOBAL,1
OV12.OVL,XrgSoundRingVol,0xa4f188,68,FUNC,GLOBAL,1
OV12.OVL,RgPicDraw,0xa40a98,400,FUNC,GLOBAL,1
OV12.OVL,InstanceOfRgMotionInfoDB,0xa0f928,116,FUNC,GLOBAL,1
OV12.OVL,RgSelectAGWSGetCharacter,0xa3c4c0,64,FUNC,GLOBAL,1
OV12.OVL,XrgPadSetID,0xa4e488,12,FUNC,GLOBAL,1
OV12.OVL,RgRobotSetGeom,0xa084f8,80,FUNC,GLOBAL,1
OV12.OVL,RgVectorAssign,0xa2bc38,144,FUNC,GLOBAL,1
OV12.OVL,RgDullFlagSetDullTime,0xa1f828,124,FUNC,GLOBAL,1
OV12.OVL,RgAnnounceSetGameClear,0xa44e38,204,FUNC,GLOBAL,1
OV12.OVL,InstanceOfRgBattleCommonData,0xa202b0,116,FUNC,GLOBAL,1
OV12.OVL,RgPicListGetOfsY,0xa41500,64,FUNC,GLOBAL,1
OV12.OVL,RgBgBuilderGetLight,0xa33b88,112,FUNC,GLOBAL,1
OV12.OVL,RgRobotNearBG,0xa09408,116,FUNC,GLOBAL,1
OV12.OVL,_EnergyIsBusy,0xa1af68,84,FUNC,GLOBAL,1
OV12.OVL,RgPicDebugEditPosition,0xa41748,172,FUNC,GLOBAL,1
OV12.OVL,RgDrawFadeIn,0xa28510,140,FUNC,GLOBAL,1
OV12.OVL,_SetMotionToXenoActorWithRgMotID,0xa46228,76,FUNC,GLOBAL,1
OV12.OVL,RgShotThreadInit,0xa0ef60,20,FUNC,GLOBAL,1
OV12.OVL,XrgPaint2DOffsetResult,0xa4bca0,100,FUNC,GLOBAL,1
OV12.OVL,RgActorNameToCharID,0xa368e8,672,FUNC,GLOBAL,1
OV12.OVL,DisposeRgDispWpn1P,0xa24e48,112,FUNC,GLOBAL,1
OV12.OVL,RgBgObjTryToBodyAttack,0xa130f0,188,FUNC,GLOBAL,1
OV12.OVL,XrgFileSysModeGet,0xa48a30,20,FUNC,GLOBAL,1
OV12.OVL,_PassTime,0xa45d30,1048,FUNC,GLOBAL,1
OV12.OVL,CreateRgDropWeapon,0xa1e838,72,FUNC,GLOBAL,1
OV12.OVL,_CheckLockOn,0xa1c098,572,FUNC,GLOBAL,1
OV12.OVL,RgLinkDataGetName,0xa32838,140,FUNC,GLOBAL,1
OV12.OVL,RgDispGameInfoPassTime,0xa23940,80,FUNC,GLOBAL,1
OV12.OVL,RgDullFlagPassTime,0xa1f990,156,FUNC,GLOBAL,1
OV12.OVL,RgDrawViewInit,0xa279e8,196,FUNC,GLOBAL,1
OV12.OVL,RgDrawCreateDrawStudioFullScreen,0xa27878,72,FUNC,GLOBAL,1
OV12.OVL,RgDispModelGetLocal,0xa450b0,52,FUNC,GLOBAL,1
OV12.OVL,RgFileSysDump,0xa34ae8,380,FUNC,GLOBAL,1
OV12.OVL,DisposeRgRobotEffect,0xa0e750,112,FUNC,GLOBAL,1
OV12.OVL,RgHandlerWeaponVsRobot,0xa2ad20,68,FUNC,GLOBAL,1
OV12.OVL,RgEffectEnvLoadData,0xa1fd60,196,FUNC,GLOBAL,1
OV12.OVL,_GetShotInfo,0xa1c678,132,FUNC,GLOBAL,1
OV12.OVL,RgWeaponPlayShotMotion,0xa1bb48,64,FUNC,GLOBAL,1
OV12.OVL,RgShotEffectSetYRot,0xa18360,76,FUNC,GLOBAL,1
OV12.OVL,RgCharPassTime,0xa02428,108,FUNC,GLOBAL,1
OV12.OVL,XrgSoundPassTime,0xa4f200,124,FUNC,GLOBAL,1
OV12.OVL,XrgSoundSystemStop,0xa4ed90,24,FUNC,GLOBAL,1
OV12.OVL,_HitBgAttackType,0xa1a6e8,52,FUNC,GLOBAL,1
OV12.OVL,RgGeomRobotSetRotate,0xa2d3d8,76,FUNC,GLOBAL,1
OV12.OVL,RgGaugeDispDraw,0xa24520,184,FUNC,GLOBAL,1
OV12.OVL,RgSimpleDBClear,0xa154e8,64,FUNC,GLOBAL,1
OV12.OVL,RgRobotGetWeapon,0xa088d0,124,FUNC,GLOBAL,1
OV12.OVL,RgPicSetPos,0xa409c8,92,FUNC,GLOBAL,1
OV12.OVL,RgWeaponSetup,0xa1bc08,68,FUNC,GLOBAL,1
OV12.OVL,RgGeomPassTime,0xa2c218,108,FUNC,GLOBAL,1
OV12.OVL,XrgLog,0xa4e248,80,FUNC,GLOBAL,1
OV12.OVL,RgGameCollisionClear,0xa316e8,64,FUNC,GLOBAL,1
OV12.OVL,RgPlayerSetTraceCamera,0xa10b38,124,FUNC,GLOBAL,1
OV12.OVL,RgDrawStudioGetView,0xa27ea8,384,FUNC,GLOBAL,1
OV12.OVL,RgDispWpn1PPassTime,0xa24f48,204,FUNC,GLOBAL,1
OV12.OVL,InitRgParticleEffectControlData,0xa21580,88,FUNC,GLOBAL,1
OV12.OVL,CreateRgGeomRobot,0xa2d328,112,FUNC,GLOBAL,1
OV12.OVL,_AttachChildUseXenoActor,0xa46348,252,FUNC,GLOBAL,1
OV12.OVL,RgParticleEffectSetShootLocal,0xa21338,140,FUNC,GLOBAL,1
OV12.OVL,DisposeRgDispGameInfo,0xa237d8,112,FUNC,GLOBAL,1
OV12.OVL,RgRobotControlJob,0xa09b50,80,FUNC,GLOBAL,1
OV12.OVL,RgReadTextIsEOF,0xa222b0,64,FUNC,GLOBAL,1
OV12.OVL,RgEffectEnvDisposeData,0xa1fe28,144,FUNC,GLOBAL,1
OV12.OVL,XrgPaint2DSetDrawID,0xa4b998,76,FUNC,GLOBAL,1
OV12.OVL,XrgPadIsBatu,0xa4e588,48,FUNC,GLOBAL,1
OV12.OVL,XrgActorSetMotion,0xa47160,108,FUNC,GLOBAL,1
OV12.OVL,RgCameraSetActionAdvance,0xa12738,84,FUNC,GLOBAL,1
OV12.OVL,RgShotSetHitSound,0xa17648,92,FUNC,GLOBAL,1
OV12.OVL,RgRobotAccelarateRotate,0xa08dc0,92,FUNC,GLOBAL,1
OV12.OVL,RgCharDisp,0xa02498,96,FUNC,GLOBAL,1
OV12.OVL,RgRobotTargetting,0xa08ea0,96,FUNC,GLOBAL,1
OV12.OVL,XrgPaint2DOffset2D,0xa4ba38,124,FUNC,GLOBAL,1
OV12.OVL,XrgFileSysPushMode,0xa48a00,20,FUNC,GLOBAL,1
OV12.OVL,RgFileSysRead,0xa34190,652,FUNC,GLOBAL,1
OV12.OVL,XrgRotMatrixZ,0xa4d798,128,FUNC,GLOBAL,1
OV12.OVL,_FindRawJntData,0xa47b98,72,FUNC,GLOBAL,1
OV12.OVL,RgGeomGroupCreateTray,0xa30de0,100,FUNC,GLOBAL,1
OV12.OVL,XrgCopyMatrix,0xa4d078,92,FUNC,GLOBAL,1
OV12.OVL,RgTitlePassTime,0xa3fb38,400,FUNC,GLOBAL,1
OV12.OVL,RgGeomRobotSetDir,0xa2d428,108,FUNC,GLOBAL,1
OV12.OVL,RgShotThreadPassTime,0xa0f128,536,FUNC,GLOBAL,1
OV12.OVL,RgHandlerRobotVsRobot,0xa2ab70,360,FUNC,GLOBAL,1
OV12.OVL,RgGaugeDispSetBarUVWH,0xa24188,136,FUNC,GLOBAL,1
OV12.OVL,InstanceOfRgWeaponDB,0xa1c830,96,FUNC,GLOBAL,1
OV12.OVL,XrgSystemInit,0xa4c948,288,FUNC,GLOBAL,1
OV12.OVL,XrgClearMatStack,0xa4d928,40,FUNC,GLOBAL,1
OV12.OVL,RgPlayerSetControl,0xa10ad8,96,FUNC,GLOBAL,1
OV12.OVL,RgHandlerWeaponVsBG,0xa2adb0,68,FUNC,GLOBAL,1
OV12.OVL,RgDispModelGetTransparent,0xa45108,20,FUNC,GLOBAL,1
OV12.OVL,RgDispModelSetLocal,0xa45088,36,FUNC,GLOBAL,1
OV12.OVL,RgSelectAGWSSetSelectData,0xa3c2e0,112,FUNC,GLOBAL,1
OV12.OVL,XrgRand,0xa4cb10,84,FUNC,GLOBAL,1
OV12.OVL,XrgActorDettachChild,0xa47888,168,FUNC,GLOBAL,1
OV12.OVL,CreateRgShotMotCont,0xa1eb30,168,FUNC,GLOBAL,1
OV12.OVL,RgVectorFind_sub,0xa2bb00,124,FUNC,GLOBAL,1
OV12.OVL,_InitWeaponAttack,0xa1a888,312,FUNC,GLOBAL,1
OV12.OVL,RgPlayerGetAtkGeoms,0xa10ce0,64,FUNC,GLOBAL,1
OV12.OVL,XrgActorSetTransparent,0xa47420,116,FUNC,GLOBAL,1
OV12.OVL,XrgPaint2DSetUVOffset,0xa4bf48,124,FUNC,GLOBAL,1
OV12.OVL,_ShotTypeFree,0xa1a218,64,FUNC,GLOBAL,1
OV12.OVL,RgPicGetHeight,0xa40280,76,FUNC,GLOBAL,1
OV12.OVL,XrgPushMatStack,0xa4d950,44,FUNC,GLOBAL,1
OV12.OVL,RgShotEffectSetAddAlpha,0xa18400,84,FUNC,GLOBAL,1
OV12.OVL,RgWeaponHitBG,0xa1be40,120,FUNC,GLOBAL,1
OV12.OVL,InitRgLinkData,0xa32688,108,FUNC,GLOBAL,1
OV12.OVL,XrgActorSetLightCost,0xa46ad8,100,FUNC,GLOBAL,1
OV12.OVL,XrgPadIsDown,0xa4e4c8,48,FUNC,GLOBAL,1
OV12.OVL,InitRgGeomRobot,0xa2d398,64,FUNC,GLOBAL,1
OV12.OVL,RgGeomPointSetWeight,0xa2c590,124,FUNC,GLOBAL,1
OV12.OVL,RgMotionInfoDBIsDefaultData,0xa0fe88,104,FUNC,GLOBAL,1
OV12.OVL,RgFontStr,0xa3e8c0,336,FUNC,GLOBAL,1
OV12.OVL,RgWeaponRestartLockon,0xa1bcd8,64,FUNC,GLOBAL,1
OV12.OVL,DisposeRgBattleMgr,0xa2a748,112,FUNC,GLOBAL,1
OV12.OVL,CreateRgDispWpn2P,0xa25b10,76,FUNC,GLOBAL,1
OV12.OVL,RgPicGetName,0xa40770,64,FUNC,GLOBAL,1
OV12.OVL,_paint_xy_color,0xa22dc8,164,FUNC,GLOBAL,1
OV12.OVL,XrgParticleDriverDisp,0xa49dd8,100,FUNC,GLOBAL,1
OV12.OVL,RgDispGameInfoDisplay,0xa23990,64,FUNC,GLOBAL,1
OV12.OVL,RgRobotSpecDump,0xa0d8d8,640,FUNC,GLOBAL,1
OV12.OVL,InitRgGeomGroupColiArg,0xa30f08,28,FUNC,GLOBAL,1
OV12.OVL,RgRobotHitBG,0xa09368,160,FUNC,GLOBAL,1
OV12.OVL,DisposeRgDispWpn2P,0xa25b60,112,FUNC,GLOBAL,1
OV12.OVL,InitRgSelectAGWSData,0xa3c248,148,FUNC,GLOBAL,1
OV12.OVL,RgCharControlMethod,0xa02288,76,FUNC,GLOBAL,1
OV12.OVL,CreateRgParticleEffect,0xa20ee8,172,FUNC,GLOBAL,1
OV12.OVL,RgActorMotIDGetFromName,0xa34c68,7296,FUNC,GLOBAL,1
OV12.OVL,CreateXrgDispModelImpl,0xa453d0,296,FUNC,GLOBAL,1
OV12.OVL,RgReadTextGetBool,0xa224f0,64,FUNC,GLOBAL,1
OV12.OVL,XrgHostSeekLast,0xa4e3d0,48,FUNC,GLOBAL,1
OV12.OVL,_SetBattleCommonWepMotion,0xa46930,176,FUNC,GLOBAL,1
OV12.OVL,RgFileSysClear,0xa34088,260,FUNC,GLOBAL,1
OV12.OVL,RgRobotInvalidAttack,0xa092e8,124,FUNC,GLOBAL,1
OV12.OVL,RgGeomPolySetColiData,0xa2da10,76,FUNC,GLOBAL,1
OV12.OVL,DisposeRgRobotControl,0xa09ad0,124,FUNC,GLOBAL,1
OV12.OVL,RgShotMotContStop,0xa1ed38,72,FUNC,GLOBAL,1
OV12.OVL,InstanceOfRgCharMgr,0xa14b80,116,FUNC,GLOBAL,1
OV12.OVL,RgShotThreadGetStatus,0xa0ef20,64,FUNC,GLOBAL,1
OV12.OVL,_ActJntToJoint,0xa455c8,116,FUNC,GLOBAL,1
OV12.OVL,RgRobotEffectSetJetPtclName,0xa0e860,80,FUNC,GLOBAL,1
OV12.OVL,XrgDispMainFont,0xa4e780,364,FUNC,GLOBAL,1
OV12.OVL,RgDrawViewSetPosition,0xa27ab0,156,FUNC,GLOBAL,1
OV12.OVL,_CreateAccMani_sub,0xa459f8,296,FUNC,GLOBAL,1
OV12.OVL,DisposeXrgPaint2D_sub,0xa4b898,116,FUNC,GLOBAL,1
OV12.OVL,XrgActorDeriveMotion,0xa47270,168,FUNC,GLOBAL,1
OV12.OVL,RgBattleInitCreatePlayers,0xa2b198,420,FUNC,GLOBAL,1
OV12.OVL,RgMatricesEffectorAddManipulator,0xa37e30,120,FUNC,GLOBAL,1
OV12.OVL,RgVectorResize,0xa2bb80,180,FUNC,GLOBAL,1
OV12.OVL,InitXrgPaint2DLine3D,0xa4c1f8,68,FUNC,GLOBAL,1
OV12.OVL,XrgActorSetLight,0xa47090,208,FUNC,GLOBAL,1
OV12.OVL,RgDullFlagResetFlag,0xa1f8f0,64,FUNC,GLOBAL,1
OV12.OVL,RgDispModelSetBlight,0xa450f8,16,FUNC,GLOBAL,1
OV12.OVL,RgGeomGroupDebugDisp,0xa31110,60,FUNC,GLOBAL,1
OV12.OVL,RgCharDispMethod,0xa022d8,76,FUNC,GLOBAL,1
OV12.OVL,RgWeaponGetEss,0xa1b9e8,64,FUNC,GLOBAL,1
OV12.OVL,RgWeaponShot,0xa1bb88,124,FUNC,GLOBAL,1
OV12.OVL,RgReadTextFindParagraph,0xa225a0,200,FUNC,GLOBAL,1
OV12.OVL,RgRobotEffectTermJet,0xa0ea90,88,FUNC,GLOBAL,1
OV12.OVL,RgGeomPillarCheckPoint,0xa2e720,368,FUNC,GLOBAL,1
OV12.OVL,RgLinkDataGetIndex,0xa32bb0,148,FUNC,GLOBAL,1
OV12.OVL,RgDispWpn1PDisp,0xa25018,396,FUNC,GLOBAL,1
OV12.OVL,RgReadTextNextParagraph,0xa22530,112,FUNC,GLOBAL,1
OV12.OVL,RgParticleEffectSetShootInertia,0xa213c8,140,FUNC,GLOBAL,1
OV12.OVL,_ShotShieldType,0xa1ad28,52,FUNC,GLOBAL,1
OV12.OVL,RgEquipAddMount,0xa1f008,268,FUNC,GLOBAL,1
OV12.OVL,InitRgPlayerEssence,0xa10618,140,FUNC,GLOBAL,1
OV12.OVL,InitRgHeap,0xa136a0,172,FUNC,GLOBAL,1
OV12.OVL,XrgActorDraw,0xa47930,64,FUNC,GLOBAL,1
OV12.OVL,RgDrawViewSetRotateZ,0xa27c60,132,FUNC,GLOBAL,1
OV12.OVL,RgRobotSetAdvanceGeom,0xa08598,80,FUNC,GLOBAL,1
OV12.OVL,XrgPadIsMaru,0xa4e558,48,FUNC,GLOBAL,1
OV12.OVL,XrgUnitVector,0xa4cbc0,48,FUNC,GLOBAL,1
OV12.OVL,RgPicListMoveAllPic,0xa415a0,156,FUNC,GLOBAL,1
OV12.OVL,RgGeomPointGetVel,0xa2c770,80,FUNC,GLOBAL,1
OV12.OVL,XrgSoundRingStop,0xa4f1d0,44,FUNC,GLOBAL,1
OV12.OVL,RgEquipMountPosString,0xa1f658,388,FUNC,GLOBAL,1
OV12.OVL,RgBxxGetPic,0xa3f160,100,FUNC,GLOBAL,1
OV12.OVL,RgEquipIsEquipable,0xa1f260,140,FUNC,GLOBAL,1
OV12.OVL,InstanceOfXrgPaint2D,0xa4b930,104,FUNC,GLOBAL,1
OV12.OVL,_PassTimeAttackType,0xa1a5f0,224,FUNC,GLOBAL,1
OV12.OVL,RgRobSubTargetting,0xa0ccd8,456,FUNC,GLOBAL,1
OV12.OVL,RgGeomGroupCreateRobot,0xa30d08,88,FUNC,GLOBAL,1
OV12.OVL,CreateRgAnnounce,0xa43f40,76,FUNC,GLOBAL,1
OV12.OVL,RgPlayerSetLightCost,0xa10bb8,104,FUNC,GLOBAL,1
OV12.OVL,XrgSetVector,0xa4cc20,20,FUNC,GLOBAL,1
OV12.OVL,XrgPaint2DOffset2DDot,0xa4bab8,132,FUNC,GLOBAL,1
OV12.OVL,RgWeaponDisposeLockon,0xa1bd18,96,FUNC,GLOBAL,1
OV12.OVL,RgPlayerGetBodyGeoms,0xa10c60,64,FUNC,GLOBAL,1
OV12.OVL,RgDispLifePassTime,0xa264f8,232,FUNC,GLOBAL,1
OV12.OVL,XrgHostCreateOpen,0xa4e340,48,FUNC,GLOBAL,1
OV12.OVL,RgSimpleDBGetName,0xa154b8,20,FUNC,GLOBAL,1
OV12.OVL,InitRgChar,0xa02188,112,FUNC,GLOBAL,1
OV12.OVL,RgSelectGetEnemyChars,0xa3c730,124,FUNC,GLOBAL,1
OV12.OVL,RgPlayerGetEyeGeoms,0xa10d20,64,FUNC,GLOBAL,1
OV12.OVL,RgLinkDataFindExt,0xa32aa8,264,FUNC,GLOBAL,1
OV12.OVL,RgWeaponDBRead,0xa1e3d0,556,FUNC,GLOBAL,1
OV12.OVL,RgDrawJob,0xa284c0,80,FUNC,GLOBAL,1
OV12.OVL,RgFontSetDefaultColor,0xa3e6b8,84,FUNC,GLOBAL,1
OV12.OVL,XrgCdFileAlignmentSize,0xa48908,16,FUNC,GLOBAL,1
OV12.OVL,RgTitleDisp,0xa3fcc8,828,FUNC,GLOBAL,1
OV12.OVL,XrgLogSys,0xa4e298,80,FUNC,GLOBAL,1
OV12.OVL,DisposeRgSimpleDB,0xa15400,112,FUNC,GLOBAL,1
OV12.OVL,_SetSubRobot,0xa22be0,76,FUNC,GLOBAL,1
OV12.OVL,RgEffectEnvGetParticleData,0xa1ff38,260,FUNC,GLOBAL,1
OV12.OVL,CreateRgBgBuilder,0xa32eb8,176,FUNC,GLOBAL,1
OV12.OVL,RgShotSetBgHitSound,0xa176a8,92,FUNC,GLOBAL,1
OV12.OVL,RgRobotGetTarget,0xa08950,68,FUNC,GLOBAL,1
OV12.OVL,_ShotTypeShot,0xa1a070,328,FUNC,GLOBAL,1
OV12.OVL,CreateRgVector,0xa2b718,168,FUNC,GLOBAL,1
OV12.OVL,XrgPaint2DDrawXYWH,0xa4c180,116,FUNC,GLOBAL,1
OV12.OVL,RgPicGetAlpha,0xa407b0,64,FUNC,GLOBAL,1
OV12.OVL,RgShotDBRead,0xa19138,520,FUNC,GLOBAL,1
OV12.OVL,RgGeomPointAddForce,0xa2c538,84,FUNC,GLOBAL,1
OV12.OVL,InitRgRobotControlCommon,0xa09878,84,FUNC,GLOBAL,1
OV12.OVL,XrgPaint2DUseTexture,0xa4be70,212,FUNC,GLOBAL,1
OV12.OVL,RgParticleEffectIsAlive,0xa21670,104,FUNC,GLOBAL,1
OV12.OVL,RgRobotEffectSetJetInertia,0xa0e900,80,FUNC,GLOBAL,1
OV12.OVL,RgPicListRead,0xa413a0,288,FUNC,GLOBAL,1
OV12.OVL,RgHeapIsInvalidMemory,0xa13dc8,112,FUNC,GLOBAL,1
OV12.OVL,RgDullFlagGet,0xa1f930,92,FUNC,GLOBAL,1
OV12.OVL,CreateRgColiData,0xa31fd8,76,FUNC,GLOBAL,1
OV12.OVL,RgBattleMgrPassTime,0xa2aae0,80,FUNC,GLOBAL,1
OV12.OVL,_ShotAttackType,0xa1a540,100,FUNC,GLOBAL,1
OV12.OVL,RgMatEffConstraintSetTop,0xa37fe8,80,FUNC,GLOBAL,1
OV12.OVL,XrgCalcMatrixZtoY,0xa4d518,124,FUNC,GLOBAL,1
OV12.OVL,RgColiDataVsRay,0xa32360,804,FUNC,GLOBAL,1
OV12.OVL,RgMotionInfoDBDump,0xa10100,532,FUNC,GLOBAL,1
OV12.OVL,InitRgRobotSpec,0xa0d178,352,FUNC,GLOBAL,1
OV12.OVL,XrgActorAttachChild,0xa47748,160,FUNC,GLOBAL,1
OV12.OVL,XrgParticleDriverPassTime,0xa49b50,152,FUNC,GLOBAL,1
OV12.OVL,_DrawDriver,0xa49be8,428,FUNC,GLOBAL,1
OV12.OVL,RgPicListGetSize,0xa40ff0,64,FUNC,GLOBAL,1
OV12.OVL,RgHeapIsInSelf,0xa13d58,112,FUNC,GLOBAL,1
OV12.OVL,CreateRgShotFromEssence,0xa175a0,88,FUNC,GLOBAL,1
OV12.OVL,RgBgObjTryToBreak,0xa13020,204,FUNC,GLOBAL,1
OV12.OVL,RgMotionInfoDBLoad,0xa0f9a0,1080,FUNC,GLOBAL,1
OV12.OVL,RgVectorClear,0xa2bac0,64,FUNC,GLOBAL,1
OV12.OVL,RgSingletonDispose,0xa14370,28,FUNC,GLOBAL,1
OV12.OVL,RgBgObjSetHardness,0xa12de0,76,FUNC,GLOBAL,1
OV12.OVL,_CreateWeaponUnArmedType,0xa1abc8,196,FUNC,GLOBAL,1
OV12.OVL,CreateRgFont,0xa3e518,204,FUNC,GLOBAL,1
OV12.OVL,CreateRgSelectAGWS,0xa3c550,76,FUNC,GLOBAL,1
OV12.OVL,RgCharMgrDisp,0xa14a28,20,FUNC,GLOBAL,1
OV12.OVL,_select_light,0xa3d1f0,304,FUNC,GLOBAL,1
OV12.OVL,RgPicListSetOffset,0xa41540,92,FUNC,GLOBAL,1
OV12.OVL,RgShotEffectSetTexLineModelColor,0xa18150,84,FUNC,GLOBAL,1
OV12.OVL,RgMotionInfoIsAfter,0xa10060,156,FUNC,GLOBAL,1
OV12.OVL,RgRobotEffectSetActor,0xa0e7c0,76,FUNC,GLOBAL,1
OV12.OVL,RgCameraSetting,0xa123b0,152,FUNC,GLOBAL,1
OV12.OVL,RgMotionInfoDBGet,0xa0fe18,112,FUNC,GLOBAL,1
OV12.OVL,XrgSetEventLevel,0xa4f280,44,FUNC,GLOBAL,1
OV12.OVL,RgPicGetWidth,0xa40230,76,FUNC,GLOBAL,1
OV12.OVL,DisposeXrgSoundSystem,0xa4eb60,48,FUNC,GLOBAL,1
OV12.OVL,RgGeomPolyGetLocal,0xa2db00,56,FUNC,GLOBAL,1
OV12.OVL,InstanceOfRgFileSys,0xa34010,116,FUNC,GLOBAL,1
OV12.OVL,XrgPaint2DFlush,0xa4c7d8,100,FUNC,GLOBAL,1
OV12.OVL,RgWeaponGetAttachedShot,0xa1ba28,104,FUNC,GLOBAL,1
OV12.OVL,XrgCalcMatrixXtoY,0xa4d598,124,FUNC,GLOBAL,1
OV12.OVL,XrgActorDebugDisp,0xa48440,264,FUNC,GLOBAL,1
OV12.OVL,RgGameCollisionAdd,0xa31648,156,FUNC,GLOBAL,1
OV12.OVL,XrgSetVectorXYZ,0xa4cc68,28,FUNC,GLOBAL,1
OV12.OVL,DisposeRgFileSysData_sub,0xa34848,604,FUNC,GLOBAL,1
OV12.OVL,_CreateWeaponShieldType,0xa1ae10,196,FUNC,GLOBAL,1
OV12.OVL,RgRobotEffectPassTime,0xa0ec00,124,FUNC,GLOBAL,1
OV12.OVL,RgSelectAGWSGetCollectData,0xa3c3c8,124,FUNC,GLOBAL,1
OV12.OVL,RgSelectAGWSSetMode,0xa3c448,24,FUNC,GLOBAL,1
OV12.OVL,DisposeRgMatricesEffector,0xa37dc0,112,FUNC,GLOBAL,1
OV12.OVL,RgCharFree,0xa020f0,152,FUNC,GLOBAL,1
OV12.OVL,_PlayShotMotion,0xa1c330,156,FUNC,GLOBAL,1
OV12.OVL,RgHandlerCameraVsBG,0xa2adf8,60,FUNC,GLOBAL,1
OV12.OVL,_InitWeaponShield,0xa1adb0,96,FUNC,GLOBAL,1
OV12.OVL,s_stack,0xa4f500,32,OBJECT,GLOBAL,1
OV12.OVL,CreateRgEnemyControl,0xa0cb10,184,FUNC,GLOBAL,1
OV12.OVL,XrgEventIsUsableEnemy,0xa4f310,112,FUNC,GLOBAL,1
OV12.OVL,RgShotEffectDisp,0xa184d8,396,FUNC,GLOBAL,1
OV12.OVL,XrgActorSetLocal,0xa47040,80,FUNC,GLOBAL,1
OV12.OVL,RgGeomPointGetMoveResist,0xa2c840,64,FUNC,GLOBAL,1
OV12.OVL,RgGaugeDispSetRestUVWH,0xa24210,136,FUNC,GLOBAL,1
OV12.OVL,RgMatEffConstraintGetTarget,0xa38088,80,FUNC,GLOBAL,1
OV12.OVL,RgColiDataAddTriangle,0xa32280,112,FUNC,GLOBAL,1
OV12.OVL,_IsEndOfMotUseXenoActor,0xa464d0,52,FUNC,GLOBAL,1
OV12.OVL,RgShotDBClear,0xa19340,72,FUNC,GLOBAL,1
OV12.OVL,InitRgEquip,0xa1ef00,68,FUNC,GLOBAL,1
OV12.OVL,XrgPaint2DOffset3D,0xa4bbb0,104,FUNC,GLOBAL,1
OV12.OVL,RgDispWpn1PSetRobot,0xa24eb8,140,FUNC,GLOBAL,1
OV12.OVL,XrgAddVector,0xa4cca8,68,FUNC,GLOBAL,1
OV12.OVL,XrgTransMatrix,0xa4d178,108,FUNC,GLOBAL,1
OV12.OVL,_ShotStopAttackType,0xa1a5a8,72,FUNC,GLOBAL,1
OV12.OVL,CreateRgRobotControlInput,0xa09a30,160,FUNC,GLOBAL,1
OV12.OVL,RgRobSubAcceralate,0xa0cbc8,124,FUNC,GLOBAL,1
OV12.OVL,CreateRgHitEffectPos,0xa1faf0,104,FUNC,GLOBAL,1
OV12.OVL,CreateRgGeomPoint,0xa2c370,128,FUNC,GLOBAL,1
OV12.OVL,RgShotEffectSetTexLineModelSize,0xa180f0,92,FUNC,GLOBAL,1
OV12.OVL,s_aRawJntData,0xa50b10,1728,OBJECT,GLOBAL,1
OV12.OVL,RgBattleMgrSetPlayerControl,0xa2a7b8,80,FUNC,GLOBAL,1
OV12.OVL,_DestructShieldType,0xa1ada8,8,FUNC,GLOBAL,1
OV12.OVL,CreateRgPicList,0xa40cc8,140,FUNC,GLOBAL,1
OV12.OVL,InitRgGeomBall,0xa2ca28,128,FUNC,GLOBAL,1
OV12.OVL,RgGeomPointMovePos,0xa2c450,80,FUNC,GLOBAL,1
OV12.OVL,XrgVectorY,0xa4cc00,12,FUNC,GLOBAL,1
OV12.OVL,RgDispModelSetMode,0xa45048,28,FUNC,GLOBAL,1
OV12.OVL,_DupXenoActor,0xa46d80,212,FUNC,GLOBAL,1
OV12.OVL,RgDispWpnDat_CreateSpeedStr,0xa26ba8,204,FUNC,GLOBAL,1
OV12.OVL,CreateRgDispLife,0xa26220,104,FUNC,GLOBAL,1
OV12.OVL,_InitWeaponCommon,0xa19870,1552,FUNC,GLOBAL,1
OV12.OVL,RgShotSetHideSound,0xa17768,76,FUNC,GLOBAL,1
OV12.OVL,RgShotEffectSetModel,0xa17ee8,136,FUNC,GLOBAL,1
OV12.OVL,RgRobotIsDead,0xa08998,96,FUNC,GLOBAL,1
OV12.OVL,XrgEventIsUsablePlayer,0xa4f380,176,FUNC,GLOBAL,1
OV12.OVL,InitRgDullFlag,0xa1f7e0,68,FUNC,GLOBAL,1
OV12.OVL,RgFontSetColor,0xa3e650,104,FUNC,GLOBAL,1
OV12.OVL,RgBattleInitCreateBg,0xa2b340,80,FUNC,GLOBAL,1
OV12.OVL,InitRgGeomTray,0xa2ddc8,20,FUNC,GLOBAL,1
OV12.OVL,InitRgGeomPoint,0xa2c298,212,FUNC,GLOBAL,1
OV12.OVL,RgCharMgrSearch,0xa14638,172,FUNC,GLOBAL,1
OV12.OVL,RgShotGetDamage,0xa177b8,64,FUNC,GLOBAL,1
OV12.OVL,RgGeomTraySetLocal,0xa2deb8,60,FUNC,GLOBAL,1
OV12.OVL,RobotGameMain,0xa01ea8,324,FUNC,GLOBAL,1
OV12.OVL,RgFileSysOnMemory,0xa34700,324,FUNC,GLOBAL,1
OV12.OVL,_SetHostRobot,0xa22b90,76,FUNC,GLOBAL,1
OV12.OVL,RgBattleCommonDataLoad,0xa20328,384,FUNC,GLOBAL,1
OV12.OVL,RgBattleCommonDataBulletFont,0xa20598,64,FUNC,GLOBAL,1
OV12.OVL,RgGaugeGetMax,0xa23c40,64,FUNC,GLOBAL,1
OV12.OVL,XrgSoundSystemOk,0xa4edf8,28,FUNC,GLOBAL,1
OV12.OVL,InstanceOfGlobalLight,0xa28718,116,FUNC,GLOBAL,1
OV12.OVL,XrgParticleDriverPassTimeReq,0xa49970,220,FUNC,GLOBAL,1
OV12.OVL,RgWeaponEssCastToAttack,0xa1c750,52,FUNC,GLOBAL,1
OV12.OVL,XrgPadIsSankaku,0xa4e5b8,48,FUNC,GLOBAL,1
OV12.OVL,RgMotionInfoIsBefore,0xa0ffc0,156,FUNC,GLOBAL,1
OV12.OVL,RgRobotSetTarget,0xa08688,80,FUNC,GLOBAL,1
OV12.OVL,RgBxxGetFindPic,0xa3f108,88,FUNC,GLOBAL,1
OV12.OVL,XrgOut,0xa4e2e8,88,FUNC,GLOBAL,1
OV12.OVL,_GetDefShotPosDir,0xa1c3d0,116,FUNC,GLOBAL,1
OV12.OVL,RgCharGetType,0xa021f8,64,FUNC,GLOBAL,1
OV12.OVL,RgWeaponIsNotBusy,0xa1b6e0,84,FUNC,GLOBAL,1
OV12.OVL,RgEffectEnvGetShotMdl,0xa1fef8,64,FUNC,GLOBAL,1
OV12.OVL,CreateRgDispWpn1P,0xa24df8,76,FUNC,GLOBAL,1
OV12.OVL,RgBxxSetData,0xa3ed58,332,FUNC,GLOBAL,1
OV12.OVL,RgCameraResetAction,0xa126a0,64,FUNC,GLOBAL,1
OV12.OVL,CreateRgShotEffect,0xa17d98,112,FUNC,GLOBAL,1
OV12.OVL,RgCameraDump,0xa12940,132,FUNC,GLOBAL,1
OV12.OVL,RgRobotBreak,0xa08f00,68,FUNC,GLOBAL,1
OV12.OVL,InitRgBattleInit,0xa2af20,376,FUNC,GLOBAL,1
OV12.OVL,RgPicListGetPic,0xa40f80,108,FUNC,GLOBAL,1
OV12.OVL,RgSelectAGWSIsEnd,0xa3c460,96,FUNC,GLOBAL,1
OV12.OVL,XrgPadIsShikaku,0xa4e5e8,48,FUNC,GLOBAL,1
OV12.OVL,CreateRgHelp,0xa42400,76,FUNC,GLOBAL,1
OV12.OVL,XrgHostSeekTop,0xa4e3a0,48,FUNC,GLOBAL,1
OV12.OVL,_DisposeInfo,0xa22b30,92,FUNC,GLOBAL,1
OV12.OVL,XrgRotMatStack,0xa4da30,104,FUNC,GLOBAL,1
OV12.OVL,XrgActorDisposeEffector,0xa48218,548,FUNC,GLOBAL,1
OV12.OVL,CreateRgPic,0xa40600,264,FUNC,GLOBAL,1
OV12.OVL,XrgSystemDispose,0xa4ca68,116,FUNC,GLOBAL,1
OV12.OVL,XrgSetIVector,0xa4cc38,20,FUNC,GLOBAL,1
OV12.OVL,RgRobotIsConfused,0xa08c48,92,FUNC,GLOBAL,1
OV12.OVL,RgRobotGetGeom,0xa08888,68,FUNC,GLOBAL,1
OV12.OVL,InitXrgActorEssence,0xa479c0,84,FUNC,GLOBAL,1
OV12.OVL,RgBattleCommonDataGetWeaponMot,0xa20508,76,FUNC,GLOBAL,1
OV12.OVL,XrgActorCreateEffConstraint,0xa47c88,684,FUNC,GLOBAL,1
OV12.OVL,XrgCalcPlane,0xa4db58,68,FUNC,GLOBAL,1
OV12.OVL,RgPicGetX,0xa40840,64,FUNC,GLOBAL,1
OV12.OVL,CreateRgGeomPillar,0xa2e6e8,56,FUNC,GLOBAL,1
OV12.OVL,_EnergyPassTime,0xa1b048,472,FUNC,GLOBAL,1
OV12.OVL,CreateRgHitEffect,0xa1fa30,188,FUNC,GLOBAL,1
OV12.OVL,RgWeaponEssCastToUnArmed,0xa1c7b0,40,FUNC,GLOBAL,1
OV12.OVL,XrgFileSysPopMode,0xa48a18,20,FUNC,GLOBAL,1
OV12.OVL,RgHeapAlloc,0xa13750,856,FUNC,GLOBAL,1
OV12.OVL,CreateRgPicFromBinary,0xa403f8,392,FUNC,GLOBAL,1
OV12.OVL,XrgActorGetLocal,0xa475a8,80,FUNC,GLOBAL,1
OV12.OVL,RgParticleEffectEssenceSerialize,0xa21108,288,FUNC,GLOBAL,1
OV12.OVL,RgPicSetOfsXY,0xa408c0,92,FUNC,GLOBAL,1
OV12.OVL,RgBattleInitCopy,0xa2b098,252,FUNC,GLOBAL,1
OV12.OVL,_InitEssenceCommon,0xa19ef8,372,FUNC,GLOBAL,1
OV12.OVL,XrgRotVector,0xa4d468,48,FUNC,GLOBAL,1
OV12.OVL,RgCameraControl,0xa128f0,80,FUNC,GLOBAL,1
OV12.OVL,RgCameraSetActionDash,0xa127e8,84,FUNC,GLOBAL,1
OV12.OVL,XrgScaleVectorXYZ,0xa4cd60,48,FUNC,GLOBAL,1
OV12.OVL,XrgCopyMatStack,0xa4daa8,28,FUNC,GLOBAL,1
OV12.OVL,InitRgDispModel,0xa44f08,92,FUNC,GLOBAL,1
OV12.OVL,RgWeaponRobotShotMotion,0xa1b818,136,FUNC,GLOBAL,1
OV12.OVL,CreateRgBxx_sub,0xa3ebb0,104,FUNC,GLOBAL,1
OV12.OVL,RgSimpleDBGet,0xa154a0,20,FUNC,GLOBAL,1
OV12.OVL,RgRobotSetRgDrawView,0xa086d8,76,FUNC,GLOBAL,1
OV12.OVL,RgSelectRobotSet,0xa3e390,104,FUNC,GLOBAL,1
OV12.OVL,RgSelectAGWSPassTime,0xa3c610,80,FUNC,GLOBAL,1
OV12.OVL,RgRobotDisp,0xa08468,64,FUNC,GLOBAL,1
OV12.OVL,RgRobotSetActor,0xa08638,80,FUNC,GLOBAL,1
OV12.OVL,RgGeomPolySetLocal,0xa2da60,92,FUNC,GLOBAL,1
OV12.OVL,_paint_set_tex_alpha,0xa22d40,132,FUNC,GLOBAL,1
OV12.OVL,RgFontPut,0xa3e710,432,FUNC,GLOBAL,1
OV12.OVL,RgShotEffectSetTexLine,0xa18068,132,FUNC,GLOBAL,1
OV12.OVL,RgCharMgrFree,0xa145c8,108,FUNC,GLOBAL,1
OV12.OVL,RgGeomGroupCreatePiller,0xa30e48,100,FUNC,GLOBAL,1
OV12.OVL,RgPicListDelPic,0xa40eb8,196,FUNC,GLOBAL,1
OV12.OVL,RgGeomPillarCheckBall,0xa2f070,304,FUNC,GLOBAL,1
OV12.OVL,RgEquipMountPos,0xa1f578,220,FUNC,GLOBAL,1
OV12.OVL,RgShotEffectSetParticle,0xa17f70,116,FUNC,GLOBAL,1
OV12.OVL,XrgActorGetMotionLength,0xa474d8,104,FUNC,GLOBAL,1
OV12.OVL,RgEquipTypeString,0xa1f458,140,FUNC,GLOBAL,1
OV12.OVL,RgRobotShot,0xa08e20,128,FUNC,GLOBAL,1
OV12.OVL,XrgCopyVector,0xa4ce10,36,FUNC,GLOBAL,1
OV12.OVL,XrgPopMatStack,0xa4d9a0,24,FUNC,GLOBAL,1
OV12.OVL,RgRobotDBGet,0xa0dc10,120,FUNC,GLOBAL,1
OV12.OVL,RgGeomCollisionJob,0xa302b0,244,FUNC,GLOBAL,1
OV12.OVL,RgGeomGroupCollision,0xa30f28,488,FUNC,GLOBAL,1
OV12.OVL,RgGeomPolyCheckRay,0xa2dc30,292,FUNC,GLOBAL,1
OV12.OVL,_DestructWeaponCommon,0xa19e80,116,FUNC,GLOBAL,1
OV12.OVL,RgReadTextGetFloat,0xa22470,64,FUNC,GLOBAL,1
OV12.OVL,RgCharMgrGC,0xa14740,200,FUNC,GLOBAL,1
OV12.OVL,_FindEntry,0xa22668,176,FUNC,GLOBAL,1
OV12.OVL,CreateRgPlayer,0xa10998,128,FUNC,GLOBAL,1
OV12.OVL,DisposeRgBxx_sub,0xa3ecc8,144,FUNC,GLOBAL,1
OV12.OVL,XrgSoundRingStopMoving,0xa4f110,60,FUNC,GLOBAL,1
OV12.OVL,DisposeRgReadText,0xa22240,112,FUNC,GLOBAL,1
OV12.OVL,InitXrgPaint2DRect,0xa4c048,40,FUNC,GLOBAL,1
OV12.OVL,RgRobotSpecReadFromText,0xa0d4a0,1076,FUNC,GLOBAL,1
OV12.OVL,RgFileSysDataGetName,0xa34aa8,64,FUNC,GLOBAL,1
OV12.OVL,XrgMulMatStack,0xa4d9b8,36,FUNC,GLOBAL,1
OV12.OVL,RgParticleEffectSetControlData,0xa215d8,148,FUNC,GLOBAL,1
OV12.OVL,RgMotionInfoGetActionInTime,0xa0fef0,208,FUNC,GLOBAL,1
OV12.OVL,RgWeaponSubShotNum,0xa1beb8,140,FUNC,GLOBAL,1
OV12.OVL,XrgRotMatrixY,0xa4d718,128,FUNC,GLOBAL,1
OV12.OVL,RgSelectRobotPassTime,0xa3e3f8,80,FUNC,GLOBAL,1
OV12.OVL,XrgCalcRotY,0xa4d8d0,88,FUNC,GLOBAL,1
OV12.OVL,XrgPaint2DOffset3DForce,0xa4bc18,132,FUNC,GLOBAL,1
OV12.OVL,DisposeRgGameCollision,0xa315d8,112,FUNC,GLOBAL,1
OV12.OVL,RgPicGetTex,0xa40988,64,FUNC,GLOBAL,1
OV12.OVL,RgAnnouncePassTime,0xa44000,144,FUNC,GLOBAL,1
OV12.OVL,RgSelectRobotDisp,0xa3e448,200,FUNC,GLOBAL,1
OV12.OVL,RgGeomGetEventFlag,0xa2c1d8,64,FUNC,GLOBAL,1
OV12.OVL,RgSimpleDBSize,0xa15488,20,FUNC,GLOBAL,1
OV12.OVL,assert_prog,0xa13200,96,FUNC,GLOBAL,1
OV12.OVL,CreateRgPicDebug,0xa41640,152,FUNC,GLOBAL,1
OV12.OVL,XrgVLogSys,0xa4e218,24,FUNC,GLOBAL,1
OV12.OVL,_PassTimeInfo,0xa22c30,60,FUNC,GLOBAL,1
OV12.OVL,XrgActorGetAttachedJoint,0xa476f8,76,FUNC,GLOBAL,1
OV12.OVL,InitRgGeomPillar,0xa2e698,76,FUNC,GLOBAL,1
OV12.OVL,RgSelectAGWSGetSelectData,0xa3c350,116,FUNC,GLOBAL,1
OV12.OVL,RgWeaponGetShotNum,0xa1b6a0,64,FUNC,GLOBAL,1
OV12.OVL,CreateRgSimpleDB,0xa15370,144,FUNC,GLOBAL,1
OV12.OVL,RgAnnounceDispInit,0xa44cb8,136,FUNC,GLOBAL,1
OV12.OVL,CreateRgWeaponFromEssence,0xa1b420,132,FUNC,GLOBAL,1
OV12.OVL,XrgVectorZ,0xa4cc10,12,FUNC,GLOBAL,1
OV12.OVL,RgCameraLocal,0xa12598,88,FUNC,GLOBAL,1
OV12.OVL,RgCameraGetTarget,0xa125f0,108,FUNC,GLOBAL,1
OV12.OVL,RgReadTextGetString,0xa22418,84,FUNC,GLOBAL,1
OV12.OVL,_InitInfo,0xa22a78,184,FUNC,GLOBAL,1
OV12.OVL,RgRobSubBreak,0xa0cc48,144,FUNC,GLOBAL,1
OV12.OVL,RgShotThreadSleep,0xa0ef78,152,FUNC,GLOBAL,1
OV12.OVL,RgBxxGetHeader,0xa3ef78,20,FUNC,GLOBAL,1
OV12.OVL,RgCameraSetActionSeeTarget,0xa12898,84,FUNC,GLOBAL,1
OV12.OVL,RgGaugeGetValue,0xa23c00,64,FUNC,GLOBAL,1
OV12.OVL,_GetDefShotPosDirFunc,0xa1c448,556,FUNC,GLOBAL,1
OV12.OVL,RgEffectEnvGetBxx,0xa1feb8,64,FUNC,GLOBAL,1
OV12.OVL,RgBgObjNotUseGeomLocal,0xa12f98,68,FUNC,GLOBAL,1
OV12.OVL,_InitEnergyType,0xa1b220,164,FUNC,GLOBAL,1
OV12.OVL,RgWeaponPassTime,0xa1c000,148,FUNC,GLOBAL,1
OV12.OVL,InitRgGeomColiArg,0xa30260,76,FUNC,GLOBAL,1
OV12.OVL,XrgPadIsUp,0xa4e498,48,FUNC,GLOBAL,1
OV12.OVL,RgRobotDBGetByID,0xa0dc88,140,FUNC,GLOBAL,1
OV12.OVL,XrgVectorZero,0xa4cbb0,12,FUNC,GLOBAL,1
OV12.OVL,RgGeomGroupCreateBall,0xa30ca0,100,FUNC,GLOBAL,1
OV12.OVL,InstanceOfRgHeap,0xa13590,92,FUNC,GLOBAL,1
OV12.OVL,RgShotMotContIsActive,0xa1ed80,64,FUNC,GLOBAL,1
OV12.OVL,RgDispModelSetTransparent,0xa450e8,16,FUNC,GLOBAL,1
OV12.OVL,XrgLinearIntpVector,0xa4cdb0,92,FUNC,GLOBAL,1
OV12.OVL,RgRobotGetStatusFlags,0xa08d08,64,FUNC,GLOBAL,1
OV12.OVL,RgSimpleDBEntry,0xa154d0,20,FUNC,GLOBAL,1
OV12.OVL,CreateRgGaugeDisp,0xa23fc0,76,FUNC,GLOBAL,1
OV12.OVL,_InitWeaponUnArmedType,0xa1ab30,152,FUNC,GLOBAL,1
OV12.OVL,RgPicMove,0xa40a28,108,FUNC,GLOBAL,1
OV12.OVL,RgBattleMgrGetResult,0xa2a8a8,64,FUNC,GLOBAL,1
OV12.OVL,_GetParentCharID,0xa1c2d8,88,FUNC,GLOBAL,1
OV12.OVL,RgCharMgrPassTime,0xa14a10,20,FUNC,GLOBAL,1
OV12.OVL,InitRgLight,0xa285e0,252,FUNC,GLOBAL,1
OV12.OVL,XrgSoundSetVolume,0xa4efd0,96,FUNC,GLOBAL,1
OV12.OVL,XrgActorPassTime,0xa47970,80,FUNC,GLOBAL,1
OV12.OVL,XrgTransMatStack,0xa4d9e0,76,FUNC,GLOBAL,1
OV12.OVL,RgVectorIndex,0xa2b8d8,140,FUNC,GLOBAL,1
OV12.OVL,RgRobotDBGetDefault,0xa0dd18,48,FUNC,GLOBAL,1
OV12.OVL,RgTitleGetResult,0xa3fa70,200,FUNC,GLOBAL,1
OV12.OVL,RgSelectWeapons,0xa3c908,56,FUNC,GLOBAL,1
OV12.OVL,RgSingletonIDClear,0xa14350,28,FUNC,GLOBAL,1
OV12.OVL,RgDrawReq,0xa28028,252,FUNC,GLOBAL,1
OV12.OVL,XrgQuantAngle,0xa4ddc8,620,FUNC,GLOBAL,1
OV12.OVL,RgHelpDisp,0xa42620,148,FUNC,GLOBAL,1
OV12.OVL,RgGeomSetStatus,0xa2c068,84,FUNC,GLOBAL,1
OV12.OVL,XrgPaint2DDrawLine,0xa4c240,304,FUNC,GLOBAL,1
OV12.OVL,ClearRgHeap,0xa13650,76,FUNC,GLOBAL,1
OV12.OVL,RgRobotDBDump,0xa0deb0,192,FUNC,GLOBAL,1
OV12.OVL,XrgSubVector,0xa4d1e8,52,FUNC,GLOBAL,1
OV12.OVL,RgPicListWrite,0xa41138,300,FUNC,GLOBAL,1
OV12.OVL,RgAnnounceSetStageClear,0xa44dc8,108,FUNC,GLOBAL,1
OV12.OVL,RgShotMotContPlay,0xa1ec48,108,FUNC,GLOBAL,1
OV12.OVL,RgWeaponDBClear,0xa1c890,72,FUNC,GLOBAL,1
OV12.OVL,DuplicateXrgActor,0xa46ed8,200,FUNC,GLOBAL,1
OV12.OVL,RgVectorRemove,0xa2b9e8,216,FUNC,GLOBAL,1
OV12.OVL,RgVectorDup,0xa2bcc8,112,FUNC,GLOBAL,1
OV12.OVL,RgGeomRobotGetRotate,0xa2d5e0,64,FUNC,GLOBAL,1
OV12.OVL,RgGaugeDraw,0xa23da8,160,FUNC,GLOBAL,1
OV12.OVL,RgVectorGetArray,0xa2bd38,64,FUNC,GLOBAL,1
OV12.OVL,RgRobSubGetAdvanceMot,0xa0cfb8,172,FUNC,GLOBAL,1
OV12.OVL,RgPlayerGetRobot,0xa10c20,64,FUNC,GLOBAL,1
OV12.OVL,RgBattleMgrControl,0xa2aaa0,64,FUNC,GLOBAL,1
OV12.OVL,DisposeRgBgBuilder,0xa32f68,112,FUNC,GLOBAL,1
OV12.OVL,_GetPakaPakaBaseJnt,0xa47be0,168,FUNC,GLOBAL,1
OV12.OVL,RgRobotEffectDisp,0xa0ec80,100,FUNC,GLOBAL,1
OV12.OVL,RgShotMotContSetFrame,0xa1ecb8,124,FUNC,GLOBAL,1
OV12.OVL,DisposeRgPic,0xa40708,104,FUNC,GLOBAL,1
OV12.OVL,RgRobotSetEyeGeom,0xa08548,80,FUNC,GLOBAL,1
OV12.OVL,RgBattleMgrGetPlayTime,0xa2a858,76,FUNC,GLOBAL,1
OV12.OVL,_TableGetMatchChar,0xa0f698,108,FUNC,GLOBAL,1
OV12.OVL,XrgActorSetLoopPlay,0xa47220,76,FUNC,GLOBAL,1
OV12.OVL,XrgEventIsUsableWeapon,0xa4f430,148,FUNC,GLOBAL,1
OV12.OVL,DisposeRgCamera,0xa12348,104,FUNC,GLOBAL,1
OV12.OVL,RgGetFrameTime,0xa024f8,20,FUNC,GLOBAL,1
OV12.OVL,XrgSoundSystemPlayJingle,0xa4ed40,8,FUNC,GLOBAL,1
OV12.OVL,_PassTimeShieldType,0xa1ada0,8,FUNC,GLOBAL,1
OV12.OVL,RgGeomPointGetSpeed,0xa2c7c0,64,FUNC,GLOBAL,1
OV12.OVL,_AccIDToJoint,0xa45578,80,FUNC,GLOBAL,1
OV12.OVL,_DumpHead,0xa46508,8,FUNC,GLOBAL,1
OV12.OVL,CreateRgGeomPoly,0xa2d960,112,FUNC,GLOBAL,1
OV12.OVL,RgDrawViewSetRotateX,0xa27b50,132,FUNC,GLOBAL,1
OV12.OVL,XrgHostWrite,0xa4e458,48,FUNC,GLOBAL,1
OV12.OVL,RgWeaponSetSound,0xa1b5d0,76,FUNC,GLOBAL,1
OV12.OVL,RgGeomGetType,0xa2c158,64,FUNC,GLOBAL,1
OV12.OVL,RgGeomBallCheckBallDist,0xa2d1b0,224,FUNC,GLOBAL,1
OV12.OVL,RgSimpleDBDump,0xa15528,212,FUNC,GLOBAL,1
OV12.OVL,RgError,0xa31768,260,FUNC,GLOBAL,1
OV12.OVL,XrgSoundSystemNG,0xa4ee38,28,FUNC,GLOBAL,1
OV12.OVL,RgBgBuilderBuildFromText,0xa33448,1792,FUNC,GLOBAL,1
OV12.OVL,RgHandlerRobotVsBG,0xa2ae38,184,FUNC,GLOBAL,1
OV12.OVL,XrgUnitMatrix,0xa4d0d8,84,FUNC,GLOBAL,1
OV12.OVL,InitRgWeaponShotEssence,0xa1a4d8,104,FUNC,GLOBAL,1
OV12.OVL,RgDispModelResetMode,0xa45068,28,FUNC,GLOBAL,1
OV12.OVL,InstanceOfRgRobotDB,0xa0db70,96,FUNC,GLOBAL,1
OV12.OVL,XrgActorEssenceGetFileName,0xa47a18,380,FUNC,GLOBAL,1
OV12.OVL,InstanceOfRgHeapData,0xa135f0,92,FUNC,GLOBAL,1
OV12.OVL,InitRgWeaponUnArmedEssence,0xa1ac90,148,FUNC,GLOBAL,1
OV12.OVL,RgVectorCapacity,0xa2b9a8,64,FUNC,GLOBAL,1
OV12.OVL,XrgSoundSystemRing,0xa4eda8,44,FUNC,GLOBAL,1
OV12.OVL,RgReadTextRewind,0xa223c8,76,FUNC,GLOBAL,1
OV12.OVL,RgWeaponDBGetIndex,0xa1c9a0,80,FUNC,GLOBAL,1
OV12.OVL,RobotGameMainDebug,0xa01ff0,8,FUNC,GLOBAL,1
OV12.OVL,XrgPaint2DSetDrawPrio,0xa4b9e8,76,FUNC,GLOBAL,1
OV12.OVL,RgWeaponDisp,0xa1bf98,104,FUNC,GLOBAL,1
OV12.OVL,XrgPadIsR12,0xa4e648,48,FUNC,GLOBAL,1
OV12.OVL,RgReadTextIsOnDelimitor,0xa222f0,68,FUNC,GLOBAL,1
OV12.OVL,CreateRgReadText,0xa22198,168,FUNC,GLOBAL,1
OV12.OVL,XrgActorSetPlayMotionComaStep,0xa46b90,80,FUNC,GLOBAL,1
OV12.OVL,RgDispModelDisplay,0xa44fe8,96,FUNC,GLOBAL,1
OV12.OVL,InitRgWeaponShieldEssence,0xa1aed8,140,FUNC,GLOBAL,1
OV12.OVL,DisposeRgGaugeDisp,0xa24010,112,FUNC,GLOBAL,1
OV12.OVL,_InitWeaponShot,0xa1a388,132,FUNC,GLOBAL,1
OV12.OVL,XrgRandInt,0xa4caf8,20,FUNC,GLOBAL,1
OV12.OVL,RgParticleEffectEssenceResume,0xa21228,272,FUNC,GLOBAL,1
OV12.OVL,NisimoriTest,0xa00000,132,FUNC,GLOBAL,1
OV12.OVL,RgCharMgrDump,0xa14c30,264,FUNC,GLOBAL,1
OV12.OVL,_ActJntToAccID_sub,0xa454f8,92,FUNC,GLOBAL,1
OV12.OVL,RgCharMgrIsFullOfBuffer,0xa146e8,88,FUNC,GLOBAL,1
OV12.OVL,RgCharSetType,0xa02238,76,FUNC,GLOBAL,1
OV12.OVL,XrgRandVectorRange,0xa4d360,216,FUNC,GLOBAL,1
OV12.OVL,XrgActorCreateEffArmCombine,0xa47f38,732,FUNC,GLOBAL,1
OV12.OVL,RgRobotEffectStartDash,0xa0eae8,192,FUNC,GLOBAL,1
OV12.OVL,RgShotGetHitRobNum,0xa17850,64,FUNC,GLOBAL,1
OV12.OVL,DisposeRgParticleEffect,0xa20f98,112,FUNC,GLOBAL,1
OV12.OVL,RgPlayerGetAdvGeoms,0xa10d60,64,FUNC,GLOBAL,1
OV12.OVL,RgWeaponEssCastToEnergy,0xa1c728,40,FUNC,GLOBAL,1
OV12.OVL,XrgSoundRingMoving,0xa4f030,224,FUNC,GLOBAL,1
OV12.OVL,RgGeomBallSetRadius,0xa2cb38,76,FUNC,GLOBAL,1
OV12.OVL,DisposeXrgSound,0xa4eee0,88,FUNC,GLOBAL,1
OV12.OVL,_CommonDisp,0xa19718,340,FUNC,GLOBAL,1
OV12.OVL,CreateRgBgObj,0xa12ab0,120,FUNC,GLOBAL,1
OV12.OVL,RgMatricesEffectorAddDoubleMani,0xa37ea8,136,FUNC,GLOBAL,1
OV12.OVL,XrgRotMatrixX,0xa4d698,128,FUNC,GLOBAL,1
OV12.OVL,_ShotTypeIsBusy,0xa1a1b8,92,FUNC,GLOBAL,1
OV12.OVL,XrgActorSetDropWeapon,0xa46b40,80,FUNC,GLOBAL,1
OV12.OVL,RgMatricesEffectorSetActivity,0xa37d70,80,FUNC,GLOBAL,1
OV12.OVL,RgWeaponDBGetSize,0xa1c960,64,FUNC,GLOBAL,1
OV12.OVL,RgRobotGetSpec,0xa08c00,68,FUNC,GLOBAL,1
OV12.OVL,RgWeaponStopLockon,0xa1bc90,68,FUNC,GLOBAL,1
OV12.OVL,XrgPadIsSelectLevelLR,0xa4e6d8,56,FUNC,GLOBAL,1
OV12.OVL,DisposeXrgActor,0xa46fa0,160,FUNC,GLOBAL,1
OV12.OVL,RgWeaponGetRestUnit,0xa1b738,220,FUNC,GLOBAL,1
OV12.OVL,RgRobotDash,0xa08f48,116,FUNC,GLOBAL,1
OV12.OVL,_GetLocalPath,0xa487c0,12,FUNC,GLOBAL,1
OV12.OVL,XrgParticleDriverDispReq,0xa49a50,252,FUNC,GLOBAL,1
OV12.OVL,DisposeRgAnnounce,0xa43f90,112,FUNC,GLOBAL,1
OV12.OVL,_CommonPassTime,0xa19688,144,FUNC,GLOBAL,1
OV12.OVL,_DrawActor,0xa461d0,88,FUNC,GLOBAL,1
OV12.OVL,DisposeRgWeapon,0xa1b4a8,132,FUNC,GLOBAL,1
OV12.OVL,RgGeomGroupCreatePoint,0xa30c38,100,FUNC,GLOBAL,1
OV12.OVL,DisposeRgShotMotCont,0xa1ebd8,112,FUNC,GLOBAL,1
OV12.OVL,RgWeaponSetdown,0xa1bc50,64,FUNC,GLOBAL,1
OV12.OVL,CreateRgPlacer2D,0xa420d8,8,FUNC,GLOBAL,1
OV12.OVL,XrgVOut,0xa4e230,20,FUNC,GLOBAL,1
OV12.OVL,RgWeaponGetEquip,0xa1b8e0,64,FUNC,GLOBAL,1
OV12.OVL,RgGeomTraySetSize,0xa2de30,132,FUNC,GLOBAL,1
OV12.OVL,RgGaugeSetValue,0xa23b48,100,FUNC,GLOBAL,1
OV12.OVL,RgRobotSetSpec,0xa084a8,80,FUNC,GLOBAL,1
OV12.OVL,_InitWeaponCommonEffector,0xa1a2b8,208,FUNC,GLOBAL,1
OV12.OVL,RgRobotHitWeaponAttack,0xa09288,92,FUNC,GLOBAL,1
OV12.OVL,RgHandlerShotVsRobot,0xa2acd8,68,FUNC,GLOBAL,1
OV12.OVL,CreateRgGeomBall,0xa2caa8,144,FUNC,GLOBAL,1
OV12.OVL,RgGeomBallPassTime,0xa2cbc8,80,FUNC,GLOBAL,1
OV12.OVL,RgRobSubGetDamageMotion,0xa0d0b0,200,FUNC,GLOBAL,1
OV12.OVL,RgRobotEffectSetGeom,0xa0e810,76,FUNC,GLOBAL,1
OV12.OVL,XrgRandIntRange,0xa4cb68,72,FUNC,GLOBAL,1
OV12.OVL,RgPicWrite,0xa402d0,288,FUNC,GLOBAL,1
OV12.OVL,RgSelectGetPlayerChars,0xa3c6b0,124,FUNC,GLOBAL,1
OV12.OVL,DisposeArrayOfXrgParticle,0xa49f08,104,FUNC,GLOBAL,1
OV12.OVL,RgGeomRobotGetRotVel,0xa2d620,64,FUNC,GLOBAL,1
OV12.OVL,StaticRgBgObjSetBlight,0xa131c0,64,FUNC,GLOBAL,1
OV12.OVL,XrgHostClose,0xa4e400,40,FUNC,GLOBAL,1
OV12.OVL,RgGaugeSetActivity,0xa23bb0,76,FUNC,GLOBAL,1
OV12.OVL,RgDispWpn2PDisp,0xa25cb8,120,FUNC,GLOBAL,1
OV12.OVL,XrgCdFileSize,0xa488c8,20,FUNC,GLOBAL,1
OV12.OVL,_CreateWeaponAttackType,0xa1a9c0,196,FUNC,GLOBAL,1
OV12.OVL,CreateRgColiDataQuadPrism,0xa32028,408,FUNC,GLOBAL,1
OV12.OVL,XrgClearVector,0xa4cc88,28,FUNC,GLOBAL,1
OV12.OVL,RgShotEffectSetScale,0xa18310,76,FUNC,GLOBAL,1
OV12.OVL,RgWarn,0xa31870,252,FUNC,GLOBAL,1
OV12.OVL,_InitAfterLoadXenoActor,0xa469e0,248,FUNC,GLOBAL,1
OV12.OVL,RgWeaponHitRobot,0xa1bdd0,108,FUNC,GLOBAL,1
OV12.OVL,RgRobotDBClear,0xa0dbd0,64,FUNC,GLOBAL,1
OV12.OVL,RgMatEffCombineSetRoot,0xa37ce0,144,FUNC,GLOBAL,1
OV12.OVL,RgLinkDataMatchDataName,0xa32728,96,FUNC,GLOBAL,1
OV12.OVL,DisposeRgFont,0xa3e5e8,104,FUNC,GLOBAL,1
OV12.OVL,RgEquipPosToJntID,0xa1eea0,96,FUNC,GLOBAL,1
OV12.OVL,RgWeaponDBGetEssence,0xa1c8d8,132,FUNC,GLOBAL,1
OV12.OVL,RgDrawViewIsPointInView,0xa27ce8,340,FUNC,GLOBAL,1
OV12.OVL,RgDispWpn2PPassTime,0xa25c40,116,FUNC,GLOBAL,1
OV12.OVL,XrgFileSysFree,0xa48b50,184,FUNC,GLOBAL,1
OV12.OVL,_EnergyFree,0xa1afc0,68,FUNC,GLOBAL,1
OV12.OVL,XrgTopMatStack,0xa4da98,12,FUNC,GLOBAL,1
OV12.OVL,RgGeomSetDestructMethod,0xa2c018,76,FUNC,GLOBAL,1
OV12.OVL,RgHeapDump_sub,0xa13e38,336,FUNC,GLOBAL,1
OV12.OVL,RgColiDataVsBall,0xa322f0,112,FUNC,GLOBAL,1
OV12.OVL,RgBgBuilderGetLoadData,0xa33b48,64,FUNC,GLOBAL,1
OV12.OVL,RgBgObjGetDispModel,0xa12fe0,64,FUNC,GLOBAL,1
OV12.OVL,RgBgObjSetLocal,0xa12d90,80,FUNC,GLOBAL,1
OV12.OVL,RgGeomInit,0xa2be48,92,FUNC,GLOBAL,1
OV12.OVL,RgLightCopy,0xa28790,200,FUNC,GLOBAL,1
OV12.OVL,InstanceOfRgDraw,0xa27740,160,FUNC,GLOBAL,1
OV12.OVL,_CommonDispose,0xa19680,8,FUNC,GLOBAL,1
OV12.OVL,RgDrawSetGlobalFog,0xa27978,112,FUNC,GLOBAL,1
OV12.OVL,RgDispLifeSetRobot,0xa262f8,92,FUNC,GLOBAL,1
OV12.OVL,DisposeRgDispModel,0xa44f68,124,FUNC,GLOBAL,1
OV12.OVL,XrgCdFileRead,0xa488e0,40,FUNC,GLOBAL,1
OV12.OVL,RgRobotGetCharID,0xa08ad0,68,FUNC,GLOBAL,1
OV12.OVL,_SkeManiSet,0xa45770,212,FUNC,GLOBAL,1
OV12.OVL,RgGeomBallGetRadius,0xa2cb88,64,FUNC,GLOBAL,1
OV12.OVL,RgGeomTrayCheckBall,0xa2e4b8,480,FUNC,GLOBAL,1
OV12.OVL,RgWeaponIsActiveLockOnSys,0xa1ba90,68,FUNC,GLOBAL,1
OV12.OVL,RgGeomBallCheckBall,0xa2cc18,1432,FUNC,GLOBAL,1
OV12.OVL,RgRobotGetDashTime,0xa08bb8,68,FUNC,GLOBAL,1
OV12.OVL,_HitRobotAttackType,0xa1a720,356,FUNC,GLOBAL,1
OV12.OVL,CreateRgSelectRobot,0xa3e1a8,76,FUNC,GLOBAL,1
OV12.OVL,InitRgGeomPoly,0xa2d9d0,64,FUNC,GLOBAL,1
OV12.OVL,RgSelectGetEnemyChar,0xa3c940,196,FUNC,GLOBAL,1
OV12.OVL,XrgNegateVector,0xa4d258,48,FUNC,GLOBAL,1
